Date,Temperature(°C),Humidity(%),Wind speed (m/s),Visibility (10m),Solar Radiation (MJ/m2),Rainfall(mm),Snowfall (cm),Holiday,Hour,Seasons,Rented Bike Count
01/12/2017,-5.2,37,2.2,2000,0.0,0.0,0.0,No Holiday,0,Winter,254
01/12/2017,-5.5,38,0.8,2000,0.0,0.0,0.0,No Holiday,1,Winter,204
01/12/2017,-6.0,39,1.0,2000,0.0,0.0,0.0,No Holiday,2,Winter,173
01/12/2017,-6.2,40,0.9,2000,0.0,0.0,0.0,No Holiday,3,Winter,107
01/12/2017,-6.0,36,2.3,2000,0.0,0.0,0.0,No Holiday,4,Winter,78
01/12/2017,-6.4,37,1.5,2000,0.0,0.0,0.0,No Holiday,5,Winter,100
01/12/2017,-6.6,35,1.3,2000,0.0,0.0,0.0,No Holiday,6,Winter,181
01/12/2017,-7.4,38,0.9,2000,0.0,0.0,0.0,No Holiday,7,Winter,460
01/12/2017,-7.6,37,1.1,2000,0.01,0.0,0.0,No Holiday,8,Winter,930
01/12/2017,-6.5,27,0.5,1928,0.23,0.0,0.0,No Holiday,9,Winter,490
01/12/2017,-3.5,24,1.2,1996,0.65,0.0,0.0,No Holiday,10,Winter,339
01/12/2017,-0.5,21,1.3,1936,0.94,0.0,0.0,No Holiday,11,Winter,360
01/12/2017,1.7,23,1.4,2000,1.11,0.0,0.0,No Holiday,12,Winter,449
01/12/2017,2.4,25,1.6,2000,1.16,0.0,0.0,No Holiday,13,Winter,451
01/12/2017,3.0,26,2.0,2000,1.01,0.0,0.0,No Holiday,14,Winter,447
01/12/2017,2.1,36,3.2,2000,0.54,0.0,0.0,No Holiday,15,Winter,463
01/12/2017,1.2,54,4.2,793,0.24,0.0,0.0,No Holiday,16,Winter,484
01/12/2017,0.8,58,1.6,2000,0.08,0.0,0.0,No Holiday,17,Winter,555
01/12/2017,0.6,66,1.4,2000,0.0,0.0,0.0,No Holiday,18,Winter,862
01/12/2017,0.0,77,1.7,2000,0.0,0.0,0.0,No Holiday,19,Winter,600
01/12/2017,-0.3,79,1.5,1913,0.0,0.0,0.0,No Holiday,20,Winter,426
01/12/2017,-0.8,81,0.8,1687,0.0,0.0,0.0,No Holiday,21,Winter,405
01/12/2017,-0.9,83,1.5,1380,0.0,0.0,0.0,No Holiday,22,Winter,398
01/12/2017,-1.3,84,1.0,1265,0.0,0.0,0.0,No Holiday,23,Winter,323
02/12/2017,-1.8,87,1.1,994,0.0,0.0,0.0,No Holiday,0,Winter,328
02/12/2017,-2.2,86,0.6,990,0.0,0.0,0.0,No Holiday,1,Winter,308
02/12/2017,-2.9,86,1.5,1256,0.0,0.0,0.0,No Holiday,2,Winter,262
02/12/2017,-3.5,81,2.2,1221,0.0,0.0,0.0,No Holiday,3,Winter,167
02/12/2017,-3.8,79,2.0,1167,0.0,0.0,0.0,No Holiday,4,Winter,89
02/12/2017,-4.0,79,1.5,1202,0.0,0.0,0.0,No Holiday,5,Winter,79
02/12/2017,-4.3,82,2.1,1178,0.0,0.0,0.0,No Holiday,6,Winter,70
02/12/2017,-4.4,81,2.5,1276,0.0,0.0,0.0,No Holiday,7,Winter,146
02/12/2017,-4.2,79,2.1,1436,0.01,0.0,0.0,No Holiday,8,Winter,219
02/12/2017,-2.9,68,1.6,1487,0.3,0.0,0.0,No Holiday,9,Winter,328
02/12/2017,-0.4,57,1.6,1309,0.8,0.0,0.0,No Holiday,10,Winter,334
02/12/2017,1.9,49,1.8,1406,1.0,0.0,0.0,No Holiday,11,Winter,388
02/12/2017,4.3,41,1.3,1666,1.09,0.0,0.0,No Holiday,12,Winter,479
02/12/2017,6.0,36,1.8,1780,1.12,0.0,0.0,No Holiday,13,Winter,606
02/12/2017,7.3,35,1.3,1955,0.99,0.0,0.0,No Holiday,14,Winter,611
02/12/2017,7.6,41,2.3,1953,0.74,0.0,0.0,No Holiday,15,Winter,589
02/12/2017,6.4,48,2.6,1945,0.22,0.0,0.0,No Holiday,16,Winter,618
02/12/2017,6.0,51,2.5,1891,0.06,0.0,0.0,No Holiday,17,Winter,572
02/12/2017,5.5,53,1.5,1697,0.0,0.0,0.0,No Holiday,18,Winter,489
02/12/2017,5.0,52,2.3,1666,0.0,0.0,0.0,No Holiday,19,Winter,385
02/12/2017,4.6,51,1.2,1585,0.0,0.0,0.0,No Holiday,20,Winter,359
02/12/2017,4.1,55,1.2,1448,0.0,0.0,0.0,No Holiday,21,Winter,377
02/12/2017,3.5,54,1.5,1446,0.0,0.0,0.0,No Holiday,22,Winter,354
02/12/2017,4.0,56,1.0,1352,0.0,0.0,0.0,No Holiday,23,Winter,366
03/12/2017,4.0,58,1.4,1296,0.0,0.0,0.0,No Holiday,0,Winter,342
03/12/2017,3.9,69,1.7,485,0.0,0.0,0.0,No Holiday,1,Winter,227
03/12/2017,3.3,79,1.4,830,0.0,0.0,0.0,No Holiday,2,Winter,228
03/12/2017,3.4,71,1.6,1011,0.0,0.5,0.0,No Holiday,3,Winter,117
03/12/2017,3.5,73,1.0,1060,0.0,0.0,0.0,No Holiday,4,Winter,76
03/12/2017,3.9,75,1.9,914,0.0,0.0,0.0,No Holiday,5,Winter,32
03/12/2017,3.4,86,2.5,278,0.0,1.0,0.0,No Holiday,6,Winter,13
03/12/2017,3.1,91,1.2,129,0.0,0.0,0.0,No Holiday,7,Winter,22
03/12/2017,3.2,92,1.8,244,0.0,0.0,0.0,No Holiday,8,Winter,85
03/12/2017,3.5,91,1.8,231,0.02,2.5,0.0,No Holiday,9,Winter,152
03/12/2017,4.4,89,2.2,257,0.24,0.0,0.0,No Holiday,10,Winter,200
03/12/2017,5.1,87,1.4,321,0.25,0.0,0.0,No Holiday,11,Winter,273
03/12/2017,5.8,85,1.7,349,0.43,0.0,0.0,No Holiday,12,Winter,333
03/12/2017,6.8,81,1.9,390,0.6,0.0,0.0,No Holiday,13,Winter,495
03/12/2017,7.6,76,1.2,422,0.69,0.0,0.0,No Holiday,14,Winter,563
03/12/2017,8.0,73,1.6,433,0.53,0.0,0.0,No Holiday,15,Winter,621
03/12/2017,7.6,77,1.6,399,0.2,0.0,0.0,No Holiday,16,Winter,598
03/12/2017,6.7,82,1.5,358,0.05,0.0,0.0,No Holiday,17,Winter,545
03/12/2017,6.0,84,1.9,327,0.0,0.0,0.0,No Holiday,18,Winter,443
03/12/2017,5.7,85,1.7,309,0.0,0.0,0.0,No Holiday,19,Winter,422
03/12/2017,5.2,87,1.4,253,0.0,0.0,0.0,No Holiday,20,Winter,397
03/12/2017,4.7,87,1.2,247,0.0,0.0,0.0,No Holiday,21,Winter,385
03/12/2017,4.3,89,1.8,201,0.0,0.0,0.0,No Holiday,22,Winter,350
03/12/2017,3.9,90,1.3,194,0.0,0.0,0.0,No Holiday,23,Winter,303
04/12/2017,4.2,88,0.6,216,0.0,0.0,0.0,No Holiday,0,Winter,285
04/12/2017,4.3,87,0.5,221,0.0,0.0,0.0,No Holiday,1,Winter,186
04/12/2017,4.4,87,1.8,207,0.0,0.0,0.0,No Holiday,2,Winter,112
04/12/2017,3.6,85,2.3,206,0.0,0.0,0.0,No Holiday,3,Winter,65
04/12/2017,2.8,89,1.5,130,0.0,0.0,0.0,No Holiday,4,Winter,41
04/12/2017,2.0,83,2.7,253,0.0,0.0,0.0,No Holiday,5,Winter,82
04/12/2017,1.2,76,3.7,371,0.0,0.1,0.0,No Holiday,6,Winter,200
04/12/2017,0.2,68,3.4,702,0.0,0.0,0.0,No Holiday,7,Winter,498
04/12/2017,-0.8,69,3.5,954,0.01,0.0,0.0,No Holiday,8,Winter,937
04/12/2017,-1.5,47,4.2,1888,0.22,0.0,0.0,No Holiday,9,Winter,509
04/12/2017,-1.1,40,4.5,2000,0.64,0.0,0.0,No Holiday,10,Winter,311
04/12/2017,-0.5,41,4.1,1799,0.94,0.0,0.0,No Holiday,11,Winter,379
04/12/2017,-0.3,38,4.8,1823,1.11,0.0,0.0,No Holiday,12,Winter,393
04/12/2017,0.0,30,5.4,1938,1.17,0.0,0.0,No Holiday,13,Winter,391
04/12/2017,0.1,27,4.5,2000,1.09,0.0,0.0,No Holiday,14,Winter,338
04/12/2017,-0.1,25,5.8,2000,0.88,0.0,0.0,No Holiday,15,Winter,341
04/12/2017,-0.2,23,4.7,2000,0.55,0.0,0.0,No Holiday,16,Winter,375
04/12/2017,-1.3,26,5.3,2000,0.18,0.0,0.0,No Holiday,17,Winter,515
04/12/2017,-2.1,29,3.9,2000,0.0,0.0,0.0,No Holiday,18,Winter,807
04/12/2017,-2.9,32,3.2,2000,0.0,0.0,0.0,No Holiday,19,Winter,568
04/12/2017,-3.6,38,3.0,2000,0.0,0.0,0.0,No Holiday,20,Winter,398
04/12/2017,-4.6,43,4.5,2000,0.0,0.0,0.0,No Holiday,21,Winter,397
04/12/2017,-5.3,45,2.5,2000,0.0,0.0,0.0,No Holiday,22,Winter,353
04/12/2017,-5.8,44,2.4,2000,0.0,0.0,0.0,No Holiday,23,Winter,248
05/12/2017,-6.1,42,2.6,2000,0.0,0.0,0.0,No Holiday,0,Winter,216
05/12/2017,-6.5,41,2.8,2000,0.0,0.0,0.0,No Holiday,1,Winter,198
05/12/2017,-6.8,41,2.5,2000,0.0,0.0,0.0,No Holiday,2,Winter,124
05/12/2017,-6.9,39,2.0,2000,0.0,0.0,0.0,No Holiday,3,Winter,62
05/12/2017,-7.2,34,3.0,2000,0.0,0.0,0.0,No Holiday,4,Winter,42
05/12/2017,-7.4,33,2.6,2000,0.0,0.0,0.0,No Holiday,5,Winter,82
05/12/2017,-7.4,34,3.2,2000,0.0,0.0,0.0,No Holiday,6,Winter,172
05/12/2017,-7.5,33,2.2,2000,0.0,0.0,0.0,No Holiday,7,Winter,381
05/12/2017,-8.1,36,1.6,2000,0.01,0.0,0.0,No Holiday,8,Winter,812
05/12/2017,-7.6,31,1.3,1974,0.21,0.0,0.0,No Holiday,9,Winter,462
05/12/2017,-5.5,26,2.8,1967,0.64,0.0,0.0,No Holiday,10,Winter,269
05/12/2017,-3.9,25,0.0,1959,0.0,0.0,0.0,No Holiday,11,Winter,334
05/12/2017,-2.3,25,0.0,1962,0.0,0.0,0.0,No Holiday,12,Winter,321
05/12/2017,-1.6,27,0.0,1955,0.0,0.0,0.0,No Holiday,13,Winter,325
05/12/2017,-1.1,28,0.0,2000,0.0,0.0,0.0,No Holiday,14,Winter,334
05/12/2017,-0.7,28,0.0,2000,0.0,0.0,0.0,No Holiday,15,Winter,353
05/12/2017,-0.5,30,0.0,2000,0.0,0.0,0.0,No Holiday,16,Winter,435
05/12/2017,-1.6,35,0.0,2000,0.0,0.0,0.0,No Holiday,17,Winter,529
05/12/2017,-2.6,40,0.0,2000,0.0,0.0,0.0,No Holiday,18,Winter,789
05/12/2017,-3.2,45,0.0,2000,0.0,0.0,0.0,No Holiday,19,Winter,597
05/12/2017,-3.5,46,0.0,2000,0.0,0.0,0.0,No Holiday,20,Winter,418
05/12/2017,-3.7,47,0.0,2000,0.0,0.0,0.0,No Holiday,21,Winter,415
05/12/2017,-2.8,49,0.0,2000,0.0,0.0,0.0,No Holiday,22,Winter,393
05/12/2017,-2.5,59,0.0,1210,0.0,0.0,0.0,No Holiday,23,Winter,244
06/12/2017,-2.8,77,0.0,331,0.0,0.1,0.1,No Holiday,0,Winter,145
06/12/2017,-3.0,79,0.0,293,0.0,0.0,0.3,No Holiday,1,Winter,144
06/12/2017,-3.0,79,0.0,1862,0.0,0.0,0.4,No Holiday,2,Winter,117
06/12/2017,-3.2,78,0.0,1808,0.0,0.2,0.4,No Holiday,3,Winter,78
06/12/2017,-3.4,75,0.0,1982,0.0,0.0,0.4,No Holiday,4,Winter,58
06/12/2017,-3.6,76,0.0,1934,0.0,0.0,0.4,No Holiday,5,Winter,87
06/12/2017,-3.7,76,0.0,1864,0.0,0.0,0.4,No Holiday,6,Winter,142
06/12/2017,-4.2,77,0.0,1741,0.0,0.0,0.3,No Holiday,7,Winter,379
06/12/2017,-4.2,78,0.0,1518,0.01,0.0,0.2,No Holiday,8,Winter,802
06/12/2017,-3.3,70,0.0,1324,0.25,0.0,0.2,No Holiday,9,Winter,440
06/12/2017,-0.9,64,0.0,1224,0.63,0.0,0.2,No Holiday,10,Winter,307
06/12/2017,1.6,57,1.2,1261,0.93,0.0,0.0,No Holiday,11,Winter,381
06/12/2017,2.4,52,0.9,1224,1.08,0.0,0.0,No Holiday,12,Winter,405
06/12/2017,4.2,47,1.1,1469,1.1,0.0,0.0,No Holiday,13,Winter,442
06/12/2017,5.5,34,1.0,1966,0.96,0.0,0.0,No Holiday,14,Winter,416
06/12/2017,5.5,31,3.1,1968,0.72,0.0,0.0,No Holiday,15,Winter,412
06/12/2017,5.3,37,2.9,2000,0.36,0.0,0.0,No Holiday,16,Winter,496
06/12/2017,4.1,60,2.5,1565,0.1,0.0,0.0,No Holiday,17,Winter,239
06/12/2017,1.7,90,1.0,66,0.0,0.3,0.3,No Holiday,18,Winter,204
06/12/2017,1.2,92,0.7,180,0.0,0.0,1.0,No Holiday,19,Winter,205
06/12/2017,1.2,94,0.6,228,0.0,0.0,1.0,No Holiday,20,Winter,190
06/12/2017,1.1,92,0.5,235,0.0,0.7,1.0,No Holiday,21,Winter,165
06/12/2017,1.3,92,0.6,233,0.0,0.0,1.0,No Holiday,22,Winter,222
06/12/2017,1.3,92,0.6,209,0.0,0.0,1.0,No Holiday,23,Winter,193
07/12/2017,1.4,92,0.5,240,0.0,0.0,0.9,No Holiday,0,Winter,198
07/12/2017,1.5,92,0.4,227,0.0,0.0,0.9,No Holiday,1,Winter,218
07/12/2017,1.4,92,0.7,168,0.0,0.0,0.9,No Holiday,2,Winter,149
07/12/2017,1.9,91,1.4,218,0.0,0.0,0.9,No Holiday,3,Winter,102
07/12/2017,1.6,92,0.7,119,0.0,0.0,0.9,No Holiday,4,Winter,62
07/12/2017,1.5,92,1.1,175,0.0,0.0,0.9,No Holiday,5,Winter,83
07/12/2017,1.0,93,0.5,148,0.0,0.0,0.9,No Holiday,6,Winter,137
07/12/2017,0.3,93,0.5,173,0.0,0.0,0.9,No Holiday,7,Winter,367
07/12/2017,-0.2,96,0.8,173,0.01,0.0,0.8,No Holiday,8,Winter,754
07/12/2017,0.1,91,0.8,265,0.14,0.0,0.8,No Holiday,9,Winter,415
07/12/2017,1.1,83,0.7,311,0.41,0.0,0.7,No Holiday,10,Winter,321
07/12/2017,2.3,69,1.7,628,0.63,0.0,0.6,No Holiday,11,Winter,333
07/12/2017,3.7,65,2.4,833,0.98,0.0,0.3,No Holiday,12,Winter,431
07/12/2017,4.1,37,3.1,1767,1.14,0.0,0.0,No Holiday,13,Winter,394
07/12/2017,4.4,36,2.7,1975,1.04,0.0,0.0,No Holiday,14,Winter,390
07/12/2017,4.0,35,3.1,1962,0.84,0.0,0.0,No Holiday,15,Winter,430
07/12/2017,3.2,38,2.9,1817,0.51,0.0,0.0,No Holiday,16,Winter,471
07/12/2017,2.1,50,2.0,1434,0.15,0.0,0.0,No Holiday,17,Winter,552
07/12/2017,0.7,46,2.7,1558,0.0,0.0,0.0,No Holiday,18,Winter,795
07/12/2017,-0.4,47,2.5,1269,0.0,0.0,0.0,No Holiday,19,Winter,507
07/12/2017,-1.4,47,2.5,1620,0.0,0.0,0.0,No Holiday,20,Winter,390
07/12/2017,-2.2,46,2.2,1975,0.0,0.0,0.0,No Holiday,21,Winter,402
07/12/2017,-2.7,48,2.6,1844,0.0,0.0,0.0,No Holiday,22,Winter,389
07/12/2017,-3.2,50,2.1,1887,0.0,0.0,0.0,No Holiday,23,Winter,259
08/12/2017,-3.5,49,2.6,1893,0.0,0.0,0.0,No Holiday,0,Winter,233
08/12/2017,-3.7,50,2.5,1902,0.0,0.0,0.0,No Holiday,1,Winter,230
08/12/2017,-4.3,53,1.0,1918,0.0,0.0,0.0,No Holiday,2,Winter,131
08/12/2017,-4.8,52,1.6,1978,0.0,0.0,0.0,No Holiday,3,Winter,99
08/12/2017,-5.3,53,2.4,1936,0.0,0.0,0.0,No Holiday,4,Winter,71
08/12/2017,-5.8,56,2.0,1941,0.0,0.0,0.0,No Holiday,5,Winter,84
08/12/2017,-6.0,56,3.5,1853,0.0,0.0,0.0,No Holiday,6,Winter,158
08/12/2017,-6.5,57,0.8,1776,0.0,0.0,0.0,No Holiday,7,Winter,387
08/12/2017,-7.0,59,0.8,1559,0.01,0.0,0.0,No Holiday,8,Winter,780
08/12/2017,-6.7,50,0.9,1492,0.23,0.0,0.0,No Holiday,9,Winter,395
08/12/2017,-5.3,44,2.8,1516,0.63,0.0,0.0,No Holiday,10,Winter,261
08/12/2017,-3.7,39,1.4,1595,0.93,0.0,0.0,No Holiday,11,Winter,310
08/12/2017,-2.0,30,1.4,1728,1.14,0.0,0.0,No Holiday,12,Winter,355
08/12/2017,-1.7,28,1.8,1963,1.22,0.0,0.0,No Holiday,13,Winter,354
08/12/2017,-1.3,27,3.1,1906,1.12,0.0,0.0,No Holiday,14,Winter,350
08/12/2017,-0.8,26,3.3,1977,0.87,0.0,0.0,No Holiday,15,Winter,362
08/12/2017,-1.1,24,3.4,2000,0.56,0.0,0.0,No Holiday,16,Winter,401
08/12/2017,-2.4,30,2.7,2000,0.18,0.0,0.0,No Holiday,17,Winter,500
08/12/2017,-3.1,33,1.2,2000,0.0,0.0,0.0,No Holiday,18,Winter,752
08/12/2017,-3.3,35,1.1,2000,0.0,0.0,0.0,No Holiday,19,Winter,477
08/12/2017,-3.3,34,1.5,2000,0.0,0.0,0.0,No Holiday,20,Winter,384
08/12/2017,-3.3,35,0.5,2000,0.0,0.0,0.0,No Holiday,21,Winter,336
08/12/2017,-3.4,39,1.2,2000,0.0,0.0,0.0,No Holiday,22,Winter,347
08/12/2017,-3.5,43,0.9,2000,0.0,0.0,0.0,No Holiday,23,Winter,275
09/12/2017,-3.5,48,0.9,1967,0.0,0.0,0.0,No Holiday,0,Winter,267
09/12/2017,-4.1,49,0.6,2000,0.0,0.0,0.0,No Holiday,1,Winter,296
09/12/2017,-4.7,50,0.7,1983,0.0,0.0,0.0,No Holiday,2,Winter,237
09/12/2017,-4.3,47,0.6,1992,0.0,0.0,0.0,No Holiday,3,Winter,169
09/12/2017,-4.3,49,0.7,2000,0.0,0.0,0.0,No Holiday,4,Winter,96
09/12/2017,-4.7,49,0.8,1999,0.0,0.0,0.0,No Holiday,5,Winter,56
09/12/2017,-5.1,53,0.9,1975,0.0,0.0,0.0,No Holiday,6,Winter,76
09/12/2017,-5.5,56,0.8,1950,0.0,0.0,0.0,No Holiday,7,Winter,127
09/12/2017,-5.4,56,0.7,1940,0.01,0.0,0.0,No Holiday,8,Winter,222
09/12/2017,-4.7,48,1.0,1784,0.23,0.0,0.0,No Holiday,9,Winter,291
09/12/2017,-2.2,42,1.3,1646,0.61,0.0,0.0,No Holiday,10,Winter,273
09/12/2017,0.0,45,1.1,1500,0.89,0.0,0.0,No Holiday,11,Winter,351
09/12/2017,2.4,40,0.8,1809,1.05,0.0,0.0,No Holiday,12,Winter,427
09/12/2017,3.9,36,2.0,1702,1.13,0.0,0.0,No Holiday,13,Winter,431
09/12/2017,4.7,32,2.2,1948,1.06,0.0,0.0,No Holiday,14,Winter,486
09/12/2017,5.2,30,2.0,1963,0.84,0.0,0.0,No Holiday,15,Winter,569
09/12/2017,4.4,33,1.6,1963,0.4,0.0,0.0,No Holiday,16,Winter,546
09/12/2017,3.5,37,1.8,1963,0.1,0.0,0.0,No Holiday,17,Winter,481
09/12/2017,2.5,41,1.0,1974,0.0,0.0,0.0,No Holiday,18,Winter,384
09/12/2017,1.5,48,0.4,1878,0.0,0.0,0.0,No Holiday,19,Winter,275
09/12/2017,0.8,51,1.4,1848,0.0,0.0,0.0,No Holiday,20,Winter,298
09/12/2017,-0.1,55,0.7,1654,0.0,0.0,0.0,No Holiday,21,Winter,321
09/12/2017,-0.5,55,0.6,1655,0.0,0.0,0.0,No Holiday,22,Winter,289
09/12/2017,-0.1,54,1.3,1570,0.0,0.0,0.0,No Holiday,23,Winter,265
10/12/2017,-0.2,55,1.0,1629,0.0,0.0,0.0,No Holiday,0,Winter,326
10/12/2017,-0.2,54,0.5,1747,0.0,0.0,0.0,No Holiday,1,Winter,280
10/12/2017,0.2,52,0.7,1726,0.0,0.0,0.0,No Holiday,2,Winter,243
10/12/2017,0.3,53,0.5,1748,0.0,0.0,0.0,No Holiday,3,Winter,169
10/12/2017,0.4,52,1.6,1816,0.0,0.0,0.0,No Holiday,4,Winter,71
10/12/2017,0.3,74,1.0,178,0.0,0.0,0.7,No Holiday,5,Winter,13
10/12/2017,-0.5,90,0.9,91,0.0,2.5,2.7,No Holiday,6,Winter,9
10/12/2017,-0.4,92,1.1,121,0.0,0.0,4.0,No Holiday,7,Winter,20
10/12/2017,-0.2,90,1.2,378,0.0,0.0,4.1,No Holiday,8,Winter,35
10/12/2017,0.2,90,1.0,305,0.0,1.6,4.3,No Holiday,9,Winter,31
10/12/2017,0.5,91,0.4,143,0.0,0.0,4.3,No Holiday,10,Winter,19
10/12/2017,0.9,92,0.9,137,0.03,0.0,3.9,No Holiday,11,Winter,58
10/12/2017,2.3,88,0.3,245,0.28,0.0,3.1,No Holiday,12,Winter,119
10/12/2017,3.3,87,1.1,230,0.54,0.0,2.1,No Holiday,13,Winter,182
10/12/2017,4.2,85,0.7,325,0.65,0.0,1.4,No Holiday,14,Winter,235
10/12/2017,6.7,63,4.5,715,0.35,0.0,1.0,No Holiday,15,Winter,180
10/12/2017,5.4,71,3.5,622,0.2,0.0,0.5,No Holiday,16,Winter,214
10/12/2017,3.6,65,4.3,1061,0.03,0.0,0.4,No Holiday,17,Winter,226
10/12/2017,2.0,61,3.0,2000,0.0,0.0,0.0,No Holiday,18,Winter,210
10/12/2017,1.6,53,4.0,2000,0.0,0.0,0.0,No Holiday,19,Winter,181
10/12/2017,0.6,57,3.9,1954,0.0,0.0,0.0,No Holiday,20,Winter,165
10/12/2017,0.0,59,3.0,1862,0.0,0.0,0.0,No Holiday,21,Winter,167
10/12/2017,-1.0,56,4.7,2000,0.0,0.0,0.0,No Holiday,22,Winter,152
10/12/2017,-1.4,43,4.3,2000,0.0,0.0,0.0,No Holiday,23,Winter,148
11/12/2017,-2.5,39,3.4,2000,0.0,0.0,0.0,No Holiday,0,Winter,125
11/12/2017,-3.4,36,3.8,2000,0.0,0.0,0.0,No Holiday,1,Winter,111
11/12/2017,-4.2,35,3.4,2000,0.0,0.0,0.0,No Holiday,2,Winter,67
11/12/2017,-4.7,38,2.4,2000,0.0,0.0,0.0,No Holiday,3,Winter,45
11/12/2017,-5.2,35,3.2,2000,0.0,0.0,0.0,No Holiday,4,Winter,44
11/12/2017,-5.6,38,3.2,1974,0.0,0.0,0.0,No Holiday,5,Winter,86
11/12/2017,-5.9,39,2.9,1979,0.0,0.0,0.0,No Holiday,6,Winter,136
11/12/2017,-6.0,39,3.1,1996,0.0,0.0,0.0,No Holiday,7,Winter,325
11/12/2017,-6.0,38,3.6,1994,0.01,0.0,0.0,No Holiday,8,Winter,653
11/12/2017,-5.9,36,5.1,1941,0.1,0.0,0.0,No Holiday,9,Winter,326
11/12/2017,-5.3,32,4.5,2000,0.62,0.0,0.0,No Holiday,10,Winter,212
11/12/2017,-4.7,36,3.8,2000,1.0,0.0,0.0,No Holiday,11,Winter,226
11/12/2017,-5.2,33,4.6,1973,1.26,0.0,0.0,No Holiday,12,Winter,247
11/12/2017,-5.4,32,5.1,1986,1.24,0.0,0.0,No Holiday,13,Winter,241
11/12/2017,-5.4,31,4.1,1945,1.13,0.0,0.0,No Holiday,14,Winter,253
11/12/2017,-5.5,33,4.5,2000,0.92,0.0,0.0,No Holiday,15,Winter,269
11/12/2017,-6.0,40,4.0,2000,0.55,0.0,0.0,No Holiday,16,Winter,277
11/12/2017,-7.1,44,4.2,2000,0.18,0.0,0.0,No Holiday,17,Winter,361
11/12/2017,-7.9,43,3.3,2000,0.0,0.0,0.0,No Holiday,18,Winter,557
11/12/2017,-8.6,45,3.9,2000,0.0,0.0,0.0,No Holiday,19,Winter,371
11/12/2017,-9.3,49,3.8,2000,0.0,0.0,0.0,No Holiday,20,Winter,254
11/12/2017,-9.7,51,2.5,2000,0.0,0.0,0.0,No Holiday,21,Winter,266
11/12/2017,-10.2,50,3.0,2000,0.0,0.0,0.0,No Holiday,22,Winter,222
11/12/2017,-10.7,53,1.2,2000,0.0,0.0,0.0,No Holiday,23,Winter,174
12/12/2017,-11.0,51,1.1,2000,0.0,0.0,0.0,No Holiday,0,Winter,133
12/12/2017,-11.2,51,1.1,2000,0.0,0.0,0.0,No Holiday,1,Winter,127
12/12/2017,-11.5,50,0.7,2000,0.0,0.0,0.0,No Holiday,2,Winter,95
12/12/2017,-11.6,50,2.2,1995,0.0,0.0,0.0,No Holiday,3,Winter,54
12/12/2017,-11.6,47,2.1,1982,0.0,0.0,0.0,No Holiday,4,Winter,46
12/12/2017,-11.6,45,2.8,1951,0.0,0.0,0.0,No Holiday,5,Winter,65
12/12/2017,-11.8,47,2.5,1973,0.0,0.0,0.0,No Holiday,6,Winter,104
12/12/2017,-12.1,50,2.3,1929,0.0,0.0,0.0,No Holiday,7,Winter,280
12/12/2017,-12.3,52,1.3,1914,0.0,0.0,0.0,No Holiday,8,Winter,580
12/12/2017,-11.8,46,2.9,1956,0.1,0.0,0.0,No Holiday,9,Winter,275
12/12/2017,-10.5,45,3.3,1855,0.6,0.0,0.0,No Holiday,10,Winter,184
12/12/2017,-9.4,42,3.1,1815,0.93,0.0,0.0,No Holiday,11,Winter,201
12/12/2017,-8.3,35,2.9,1967,1.14,0.0,0.0,No Holiday,12,Winter,228
12/12/2017,-6.9,37,2.4,1955,1.22,0.0,0.0,No Holiday,13,Winter,225
12/12/2017,-5.4,32,2.0,1930,1.12,0.0,0.0,No Holiday,14,Winter,258
12/12/2017,-5.8,30,2.8,2000,0.92,0.0,0.0,No Holiday,15,Winter,250
12/12/2017,-6.0,29,2.8,1983,0.58,0.0,0.0,No Holiday,16,Winter,248
12/12/2017,-7.0,32,2.6,2000,0.19,0.0,0.0,No Holiday,17,Winter,305
12/12/2017,-7.7,36,1.0,2000,0.0,0.0,0.0,No Holiday,18,Winter,529
12/12/2017,-8.2,43,1.1,2000,0.0,0.0,0.0,No Holiday,19,Winter,350
12/12/2017,-8.4,42,1.0,2000,0.0,0.0,0.0,No Holiday,20,Winter,260
12/12/2017,-8.8,43,1.4,1999,0.0,0.0,0.0,No Holiday,21,Winter,270
12/12/2017,-9.0,45,1.3,1999,0.0,0.0,0.0,No Holiday,22,Winter,256
12/12/2017,-9.3,47,2.1,2000,0.0,0.0,0.0,No Holiday,23,Winter,173
13/12/2017,-9.5,48,1.3,1996,0.0,0.0,0.0,No Holiday,0,Winter,168
13/12/2017,-10.2,52,1.6,1997,0.0,0.0,0.0,No Holiday,1,Winter,183
13/12/2017,-10.4,53,1.8,1949,0.0,0.0,0.0,No Holiday,2,Winter,120
13/12/2017,-10.9,55,1.8,1913,0.0,0.0,0.0,No Holiday,3,Winter,79
13/12/2017,-11.4,58,1.3,1907,0.0,0.0,0.0,No Holiday,4,Winter,41
13/12/2017,-11.5,58,1.1,1923,0.0,0.0,0.0,No Holiday,5,Winter,68
13/12/2017,-11.9,57,1.1,1974,0.0,0.0,0.0,No Holiday,6,Winter,109
13/12/2017,-11.7,53,1.6,1998,0.0,0.0,0.0,No Holiday,7,Winter,310
13/12/2017,-11.4,47,3.3,2000,0.0,0.0,0.0,No Holiday,8,Winter,591
13/12/2017,-11.1,46,3.4,1981,0.1,0.0,0.0,No Holiday,9,Winter,340
13/12/2017,-9.5,39,2.1,1875,0.6,0.0,0.0,No Holiday,10,Winter,202
13/12/2017,-8.1,35,1.8,1806,0.96,0.0,0.0,No Holiday,11,Winter,251
13/12/2017,-6.5,30,2.9,1945,1.17,0.0,0.0,No Holiday,12,Winter,267
13/12/2017,-5.8,28,2.9,1887,1.23,0.0,0.0,No Holiday,13,Winter,251
13/12/2017,-4.7,27,2.9,1883,1.12,0.0,0.0,No Holiday,14,Winter,240
13/12/2017,-4.9,26,3.1,1887,0.89,0.0,0.0,No Holiday,15,Winter,240
13/12/2017,-4.5,26,2.2,2000,0.56,0.0,0.0,No Holiday,16,Winter,278
13/12/2017,-5.6,29,1.7,2000,0.18,0.0,0.0,No Holiday,17,Winter,392
13/12/2017,-6.6,33,1.1,2000,0.0,0.0,0.0,No Holiday,18,Winter,537
13/12/2017,-6.6,31,1.6,2000,0.0,0.0,0.0,No Holiday,19,Winter,373
13/12/2017,-7.6,35,0.8,2000,0.0,0.0,0.0,No Holiday,20,Winter,263
13/12/2017,-8.3,39,1.0,2000,0.0,0.0,0.0,No Holiday,21,Winter,271
13/12/2017,-8.9,39,0.1,2000,0.0,0.0,0.0,No Holiday,22,Winter,271
13/12/2017,-9.2,44,0.4,1978,0.0,0.0,0.0,No Holiday,23,Winter,174
14/12/2017,-9.5,50,0.6,1953,0.0,0.0,0.0,No Holiday,0,Winter,171
14/12/2017,-9.8,48,0.8,2000,0.0,0.0,0.0,No Holiday,1,Winter,170
14/12/2017,-10.6,44,0.8,1903,0.0,0.0,0.0,No Holiday,2,Winter,107
14/12/2017,-10.7,48,0.4,1651,0.0,0.0,0.0,No Holiday,3,Winter,80
14/12/2017,-11.0,50,0.8,1718,0.0,0.0,0.0,No Holiday,4,Winter,52
14/12/2017,-10.8,48,0.8,1648,0.0,0.0,0.0,No Holiday,5,Winter,62
14/12/2017,-11.0,55,0.8,1541,0.0,0.0,0.0,No Holiday,6,Winter,108
14/12/2017,-10.9,57,1.1,1387,0.0,0.0,0.0,No Holiday,7,Winter,279
14/12/2017,-10.4,54,1.1,1432,0.01,0.0,0.0,No Holiday,8,Winter,621
14/12/2017,-9.4,44,0.5,1680,0.13,0.0,0.0,No Holiday,9,Winter,305
14/12/2017,-7.7,43,0.9,1555,0.35,0.0,0.0,No Holiday,10,Winter,189
14/12/2017,-6.1,38,1.0,1587,0.52,0.0,0.0,No Holiday,11,Winter,247
14/12/2017,-4.9,34,1.3,1768,0.6,0.0,0.0,No Holiday,12,Winter,278
14/12/2017,-3.8,32,0.9,1827,0.52,0.0,0.0,No Holiday,13,Winter,282
14/12/2017,-2.7,28,0.7,1857,0.65,0.0,0.0,No Holiday,14,Winter,294
14/12/2017,-2.5,29,1.1,1667,0.48,0.0,0.0,No Holiday,15,Winter,301
14/12/2017,-2.4,28,0.9,1878,0.35,0.0,0.0,No Holiday,16,Winter,335
14/12/2017,-2.9,31,0.6,1723,0.09,0.0,0.0,No Holiday,17,Winter,382
14/12/2017,-3.5,35,1.1,1414,0.0,0.0,0.0,No Holiday,18,Winter,612
14/12/2017,-4.2,40,0.9,1216,0.0,0.0,0.0,No Holiday,19,Winter,410
14/12/2017,-4.8,43,1.1,1397,0.0,0.0,0.0,No Holiday,20,Winter,277
14/12/2017,-4.8,45,0.8,1351,0.0,0.0,0.0,No Holiday,21,Winter,316
14/12/2017,-4.9,44,1.1,1369,0.0,0.0,0.0,No Holiday,22,Winter,309
14/12/2017,-5.6,53,1.2,1290,0.0,0.0,0.0,No Holiday,23,Winter,211
15/12/2017,-5.7,53,0.6,1262,0.0,0.0,0.0,No Holiday,0,Winter,227
15/12/2017,-6.3,57,0.4,1148,0.0,0.0,0.0,No Holiday,1,Winter,241
15/12/2017,-6.8,58,0.4,1089,0.0,0.0,0.0,No Holiday,2,Winter,162
15/12/2017,-6.9,56,0.5,1111,0.0,0.0,0.0,No Holiday,3,Winter,110
15/12/2017,-7.1,59,0.8,1058,0.0,0.0,0.0,No Holiday,4,Winter,69
15/12/2017,-7.5,64,0.9,989,0.0,0.0,0.0,No Holiday,5,Winter,68
15/12/2017,-7.4,64,0.7,906,0.0,0.0,0.0,No Holiday,6,Winter,129
15/12/2017,-7.0,63,0.6,865,0.0,0.0,0.0,No Holiday,7,Winter,285
15/12/2017,-6.6,64,1.1,791,0.0,0.0,0.0,No Holiday,8,Winter,658
15/12/2017,-5.9,60,0.6,691,0.09,0.0,0.0,No Holiday,9,Winter,330
15/12/2017,-4.6,52,0.8,648,0.34,0.0,0.0,No Holiday,10,Winter,221
15/12/2017,-2.9,46,1.0,809,0.42,0.0,0.0,No Holiday,11,Winter,279
15/12/2017,-2.5,43,0.7,895,0.34,0.0,0.0,No Holiday,12,Winter,309
15/12/2017,-1.6,40,0.3,868,0.32,0.0,0.0,No Holiday,13,Winter,325
15/12/2017,-0.7,39,0.8,826,0.35,0.0,0.0,No Holiday,14,Winter,329
15/12/2017,0.1,35,1.5,946,0.42,0.0,0.0,No Holiday,15,Winter,342
15/12/2017,0.0,37,0.6,994,0.13,0.0,0.0,No Holiday,16,Winter,354
15/12/2017,-0.2,39,0.8,1016,0.0,0.0,0.0,No Holiday,17,Winter,464
15/12/2017,0.1,43,0.9,1485,0.0,0.0,0.0,No Holiday,18,Winter,682
15/12/2017,0.6,41,1.2,1550,0.0,0.0,0.0,No Holiday,19,Winter,451
15/12/2017,0.9,42,1.2,1113,0.0,0.0,0.0,No Holiday,20,Winter,320
15/12/2017,0.7,47,2.7,1283,0.0,0.0,0.0,No Holiday,21,Winter,300
15/12/2017,-0.1,49,2.0,870,0.0,0.0,0.0,No Holiday,22,Winter,296
15/12/2017,-1.3,60,2.5,792,0.0,0.0,0.0,No Holiday,23,Winter,247
16/12/2017,-2.6,73,3.4,787,0.0,0.0,0.0,No Holiday,0,Winter,217
16/12/2017,-3.4,76,2.9,582,0.0,0.0,0.0,No Holiday,1,Winter,302
16/12/2017,-4.1,73,2.1,567,0.0,0.0,0.0,No Holiday,2,Winter,228
16/12/2017,-4.5,71,1.6,651,0.0,0.0,0.0,No Holiday,3,Winter,129
16/12/2017,-5.0,70,2.7,702,0.0,0.0,0.0,No Holiday,4,Winter,80
16/12/2017,-5.6,72,2.0,662,0.0,0.0,0.0,No Holiday,5,Winter,45
16/12/2017,-6.1,69,2.9,765,0.0,0.0,0.0,No Holiday,6,Winter,66
16/12/2017,-6.7,64,2.1,977,0.0,0.0,0.0,No Holiday,7,Winter,90
16/12/2017,-7.3,62,2.6,1112,0.0,0.0,0.0,No Holiday,8,Winter,190
16/12/2017,-7.2,47,2.8,1724,0.18,0.0,0.0,No Holiday,9,Winter,195
16/12/2017,-6.2,42,2.3,1893,0.52,0.0,0.0,No Holiday,10,Winter,201
16/12/2017,-5.2,30,4.0,1991,0.86,0.0,0.0,No Holiday,11,Winter,239
16/12/2017,-4.1,28,3.8,1998,1.08,0.0,0.0,No Holiday,12,Winter,252
16/12/2017,-3.7,23,4.0,1980,1.12,0.0,0.0,No Holiday,13,Winter,296
16/12/2017,-3.4,22,4.3,1966,1.07,0.0,0.0,No Holiday,14,Winter,292
16/12/2017,-3.3,22,5.0,2000,0.86,0.0,0.0,No Holiday,15,Winter,291
16/12/2017,-3.3,24,3.5,2000,0.54,0.0,0.0,No Holiday,16,Winter,258
16/12/2017,-4.6,26,2.6,2000,0.17,0.0,0.0,No Holiday,17,Winter,277
16/12/2017,-5.3,28,3.5,2000,0.0,0.0,0.0,No Holiday,18,Winter,212
16/12/2017,-6.0,32,2.4,2000,0.0,0.0,0.0,No Holiday,19,Winter,173
16/12/2017,-6.6,37,3.4,2000,0.0,0.0,0.0,No Holiday,20,Winter,143
16/12/2017,-7.1,39,3.2,2000,0.0,0.0,0.0,No Holiday,21,Winter,159
16/12/2017,-7.6,41,1.6,2000,0.0,0.0,0.0,No Holiday,22,Winter,155
16/12/2017,-8.0,41,2.2,2000,0.0,0.0,0.0,No Holiday,23,Winter,142
17/12/2017,-8.1,41,2.0,2000,0.0,0.0,0.0,No Holiday,0,Winter,175
17/12/2017,-8.4,40,1.6,2000,0.0,0.0,0.0,No Holiday,1,Winter,146
17/12/2017,-8.7,40,2.8,2000,0.0,0.0,0.0,No Holiday,2,Winter,132
17/12/2017,-9.0,40,3.1,2000,0.0,0.0,0.0,No Holiday,3,Winter,100
17/12/2017,-9.5,40,1.9,2000,0.0,0.0,0.0,No Holiday,4,Winter,41
17/12/2017,-9.7,41,3.1,2000,0.0,0.0,0.0,No Holiday,5,Winter,31
17/12/2017,-9.9,42,2.3,2000,0.0,0.0,0.0,No Holiday,6,Winter,39
17/12/2017,-10.2,42,2.3,2000,0.0,0.0,0.0,No Holiday,7,Winter,53
17/12/2017,-10.7,43,0.9,2000,0.0,0.0,0.0,No Holiday,8,Winter,94
17/12/2017,-10.5,38,1.1,1950,0.19,0.0,0.0,No Holiday,9,Winter,122
17/12/2017,-8.5,31,1.5,1997,0.58,0.0,0.0,No Holiday,10,Winter,142
17/12/2017,-7.2,29,1.8,1926,0.88,0.0,0.0,No Holiday,11,Winter,189
17/12/2017,-4.9,25,2.6,1966,1.08,0.0,0.0,No Holiday,12,Winter,216
17/12/2017,-4.5,25,3.2,1989,1.14,0.0,0.0,No Holiday,13,Winter,223
17/12/2017,-3.2,26,3.1,1933,1.07,0.0,0.0,No Holiday,14,Winter,268
17/12/2017,-2.5,28,2.0,2000,0.85,0.0,0.0,No Holiday,15,Winter,278
17/12/2017,-2.7,31,2.3,2000,0.54,0.0,0.0,No Holiday,16,Winter,256
17/12/2017,-3.8,35,2.4,2000,0.17,0.0,0.0,No Holiday,17,Winter,266
17/12/2017,-4.7,37,1.8,2000,0.01,0.0,0.0,No Holiday,18,Winter,204
17/12/2017,-5.6,39,1.1,2000,0.0,0.0,0.0,No Holiday,19,Winter,157
17/12/2017,-6.0,42,0.8,2000,0.0,0.0,0.0,No Holiday,20,Winter,166
17/12/2017,-6.5,45,0.7,2000,0.0,0.0,0.0,No Holiday,21,Winter,168
17/12/2017,-6.6,50,0.6,1990,0.0,0.0,0.0,No Holiday,22,Winter,172
17/12/2017,-6.9,53,0.7,2000,0.0,0.0,0.0,No Holiday,23,Winter,138
18/12/2017,-5.9,50,0.6,2000,0.0,0.0,0.0,No Holiday,0,Winter,151
18/12/2017,-5.3,48,0.4,1664,0.0,0.0,0.0,No Holiday,1,Winter,97
18/12/2017,-5.0,65,0.4,990,0.0,0.0,0.2,No Holiday,2,Winter,38
18/12/2017,-5.3,76,1.0,767,0.0,0.3,0.5,No Holiday,3,Winter,32
18/12/2017,-5.4,81,0.7,270,0.0,0.0,0.7,No Holiday,4,Winter,29
18/12/2017,-5.3,81,0.9,923,0.0,0.0,0.8,No Holiday,5,Winter,27
18/12/2017,-5.2,85,0.9,271,0.0,0.4,1.3,No Holiday,6,Winter,45
18/12/2017,-5.0,85,0.7,186,0.0,0.0,1.8,No Holiday,7,Winter,96
18/12/2017,-4.6,86,1.2,508,0.0,0.0,2.0,No Holiday,8,Winter,146
18/12/2017,-4.3,89,1.0,59,0.0,1.6,4.0,No Holiday,9,Winter,52
18/12/2017,-3.7,87,1.0,541,0.03,0.0,4.8,No Holiday,10,Winter,36
18/12/2017,-2.9,85,1.2,243,0.06,0.0,4.8,No Holiday,11,Winter,44
18/12/2017,-1.8,83,1.2,351,0.09,1.1,5.1,No Holiday,12,Winter,62
18/12/2017,-0.9,84,1.2,333,0.09,0.0,5.0,No Holiday,13,Winter,76
18/12/2017,0.5,76,0.9,364,0.17,0.0,4.2,No Holiday,14,Winter,116
18/12/2017,1.6,73,0.9,421,0.6,0.0,3.2,No Holiday,15,Winter,137
18/12/2017,1.8,76,0.8,410,0.47,0.0,2.7,No Holiday,16,Winter,181
18/12/2017,0.4,84,0.8,317,0.15,0.0,2.7,No Holiday,17,Winter,175
18/12/2017,0.0,88,0.6,277,0.0,0.0,2.7,No Holiday,18,Winter,281
18/12/2017,1.3,65,1.1,1122,0.0,0.0,2.7,No Holiday,19,Winter,198
18/12/2017,3.3,65,3.2,1172,0.0,0.0,2.7,No Holiday,20,Winter,165
18/12/2017,2.8,73,2.4,831,0.0,0.0,2.6,No Holiday,21,Winter,148
18/12/2017,1.5,82,2.4,537,0.0,0.0,2.6,No Holiday,22,Winter,160
18/12/2017,0.1,81,2.9,551,0.0,0.0,2.6,No Holiday,23,Winter,128
19/12/2017,-1.0,73,2.3,881,0.0,0.0,2.6,No Holiday,0,Winter,122
19/12/2017,-2.0,72,0.8,979,0.0,0.0,2.6,No Holiday,1,Winter,122
19/12/2017,-2.7,72,0.9,990,0.0,0.0,2.6,No Holiday,2,Winter,93
19/12/2017,-2.8,58,1.6,1315,0.0,0.0,2.6,No Holiday,3,Winter,55
19/12/2017,-2.9,59,1.8,1286,0.0,0.0,2.6,No Holiday,4,Winter,39
19/12/2017,-3.9,66,0.7,1209,0.0,0.0,2.6,No Holiday,5,Winter,55
19/12/2017,-4.3,70,1.6,1169,0.0,0.0,2.6,No Holiday,6,Winter,78
19/12/2017,-4.4,64,2.8,1367,0.0,0.0,2.6,No Holiday,7,Winter,165
19/12/2017,-5.2,58,2.2,1594,0.0,0.0,2.5,No Holiday,8,Winter,390
19/12/2017,-5.3,48,2.6,1810,0.18,0.0,2.5,No Holiday,9,Winter,199
19/12/2017,-4.6,41,2.8,1815,0.57,0.0,2.5,No Holiday,10,Winter,151
19/12/2017,-3.5,35,2.2,1742,0.87,0.0,2.5,No Holiday,11,Winter,174
19/12/2017,-2.5,31,2.6,1778,1.08,0.0,2.3,No Holiday,12,Winter,191
19/12/2017,-2.2,25,3.2,1970,1.17,0.0,2.2,No Holiday,13,Winter,189
19/12/2017,-2.2,23,3.7,1971,1.09,0.0,2.2,No Holiday,14,Winter,178
19/12/2017,-1.3,26,3.0,2000,0.91,0.0,2.1,No Holiday,15,Winter,195
19/12/2017,-1.8,31,3.1,1993,0.56,0.0,2.0,No Holiday,16,Winter,211
19/12/2017,-2.7,35,1.8,2000,0.18,0.0,2.0,No Holiday,17,Winter,256
19/12/2017,-3.8,42,3.3,2000,0.0,0.0,2.0,No Holiday,18,Winter,384
19/12/2017,-4.5,51,2.0,2000,0.0,0.0,2.0,No Holiday,19,Winter,276
19/12/2017,-4.9,55,2.0,2000,0.0,0.0,2.0,No Holiday,20,Winter,225
19/12/2017,-5.0,57,1.9,2000,0.0,0.0,2.0,No Holiday,21,Winter,224
19/12/2017,-5.5,56,1.5,2000,0.0,0.0,2.0,No Holiday,22,Winter,213
19/12/2017,-5.8,57,1.7,2000,0.0,0.0,2.0,No Holiday,23,Winter,149
20/12/2017,-6.5,63,1.5,1666,0.0,0.0,2.0,No Holiday,0,Winter,142
20/12/2017,-7.3,67,1.1,1593,0.0,0.0,2.0,No Holiday,1,Winter,172
20/12/2017,-7.8,68,0.9,1642,0.0,0.0,2.0,No Holiday,2,Winter,108
20/12/2017,-8.1,70,1.3,1557,0.0,0.0,2.0,No Holiday,3,Winter,71
20/12/2017,-8.5,73,1.0,1723,0.0,0.0,2.0,No Holiday,4,Winter,38
20/12/2017,-8.3,67,0.9,1566,0.0,0.0,2.0,No Holiday,5,Winter,56
20/12/2017,-8.2,66,0.9,1718,0.0,0.0,2.0,No Holiday,6,Winter,97
20/12/2017,-8.1,67,0.9,1737,0.0,0.0,2.0,No Holiday,7,Winter,213
20/12/2017,-7.8,65,1.1,1738,0.0,0.0,2.0,No Holiday,8,Winter,466
20/12/2017,-6.7,62,1.1,1749,0.09,0.0,2.0,No Holiday,9,Winter,239
20/12/2017,-5.4,56,1.1,1751,0.28,0.0,2.0,No Holiday,10,Winter,162
20/12/2017,-4.2,51,1.1,1772,0.4,0.0,1.9,No Holiday,11,Winter,204
20/12/2017,-3.2,49,1.3,1723,0.53,0.0,1.9,No Holiday,12,Winter,209
20/12/2017,-1.3,43,1.0,1777,0.8,0.0,1.7,No Holiday,13,Winter,228
20/12/2017,-0.5,44,1.0,1793,0.71,0.0,1.7,No Holiday,14,Winter,243
20/12/2017,-0.2,45,1.0,1852,0.41,0.0,1.6,No Holiday,15,Winter,240
20/12/2017,-0.5,48,1.1,1722,0.12,0.0,1.6,No Holiday,16,Winter,225
20/12/2017,-0.9,70,1.1,299,0.02,0.0,2.2,No Holiday,17,Winter,237
20/12/2017,-1.4,79,1.6,702,0.0,0.1,2.2,No Holiday,18,Winter,329
20/12/2017,-1.5,81,1.8,751,0.0,0.0,2.2,No Holiday,19,Winter,190
20/12/2017,-1.9,86,0.9,700,0.0,0.0,2.4,No Holiday,20,Winter,165
20/12/2017,-2.0,83,1.2,904,0.0,0.1,2.4,No Holiday,21,Winter,197
20/12/2017,-1.6,82,0.4,929,0.0,0.0,2.3,No Holiday,22,Winter,184
20/12/2017,-1.1,87,1.4,349,0.0,0.0,2.2,No Holiday,23,Winter,153
21/12/2017,-1.3,90,2.0,259,0.0,0.0,2.2,No Holiday,0,Winter,166
21/12/2017,-1.8,90,1.6,263,0.0,0.0,2.2,No Holiday,1,Winter,189
21/12/2017,-2.2,88,1.4,348,0.0,0.0,2.2,No Holiday,2,Winter,132
21/12/2017,-2.9,89,1.3,288,0.0,0.0,2.2,No Holiday,3,Winter,79
21/12/2017,-3.6,91,1.2,241,0.0,0.0,2.2,No Holiday,4,Winter,58
21/12/2017,-4.3,91,1.5,233,0.0,0.0,2.2,No Holiday,5,Winter,49
21/12/2017,-4.8,91,1.1,266,0.0,0.0,2.2,No Holiday,6,Winter,84
21/12/2017,-5.3,90,1.1,311,0.0,0.0,2.2,No Holiday,7,Winter,178
21/12/2017,-5.6,89,0.9,371,0.0,0.0,2.2,No Holiday,8,Winter,423
21/12/2017,-5.3,88,0.4,463,0.21,0.0,2.2,No Holiday,9,Winter,265
21/12/2017,-3.0,71,0.7,608,0.67,0.0,2.1,No Holiday,10,Winter,169
21/12/2017,-0.7,62,0.7,519,0.77,0.0,2.0,No Holiday,11,Winter,243
21/12/2017,1.9,40,2.0,1835,1.04,0.0,1.9,No Holiday,12,Winter,290
21/12/2017,3.2,42,1.8,1349,1.08,0.0,1.8,No Holiday,13,Winter,285
21/12/2017,4.3,47,2.3,953,0.96,0.0,1.6,No Holiday,14,Winter,255
21/12/2017,4.4,46,1.4,1113,0.78,0.0,1.0,No Holiday,15,Winter,316
21/12/2017,4.1,51,1.8,1112,0.48,0.0,0.9,No Holiday,16,Winter,301
21/12/2017,2.9,60,1.3,1193,0.16,0.0,0.8,No Holiday,17,Winter,366
21/12/2017,1.7,64,1.3,1140,0.0,0.0,0.8,No Holiday,18,Winter,531
21/12/2017,0.8,71,0.9,923,0.0,0.0,0.8,No Holiday,19,Winter,355
21/12/2017,0.2,72,0.7,990,0.0,0.0,0.8,No Holiday,20,Winter,288
21/12/2017,-0.4,74,0.6,1065,0.0,0.0,0.8,No Holiday,21,Winter,248
21/12/2017,-1.1,78,0.6,865,0.0,0.0,0.8,No Holiday,22,Winter,252
21/12/2017,-1.5,79,0.6,821,0.0,0.0,0.8,No Holiday,23,Winter,212
22/12/2017,-1.7,79,0.5,794,0.0,0.0,0.8,Holiday,0,Winter,196
22/12/2017,-1.6,79,0.6,784,0.0,0.0,0.8,Holiday,1,Winter,250
22/12/2017,-1.1,79,0.7,736,0.0,0.0,0.8,Holiday,2,Winter,161
22/12/2017,-0.6,76,0.5,789,0.0,0.0,0.7,Holiday,3,Winter,99
22/12/2017,-0.3,76,0.9,760,0.0,0.0,0.7,Holiday,4,Winter,64
22/12/2017,-0.2,73,0.8,880,0.0,0.0,0.7,Holiday,5,Winter,76
22/12/2017,-0.1,71,0.8,895,0.0,0.0,0.7,Holiday,6,Winter,114
22/12/2017,-0.3,72,0.7,919,0.0,0.0,0.7,Holiday,7,Winter,283
22/12/2017,-0.4,69,0.5,904,0.0,0.0,0.7,Holiday,8,Winter,544
22/12/2017,0.3,67,0.7,897,0.03,0.0,0.6,Holiday,9,Winter,298
22/12/2017,1.4,64,1.0,897,0.25,0.0,0.5,Holiday,10,Winter,248
22/12/2017,3.1,57,0.8,804,0.63,0.0,0.0,Holiday,11,Winter,278
22/12/2017,4.5,56,0.8,836,0.71,0.0,0.0,Holiday,12,Winter,301
22/12/2017,5.4,55,1.2,820,0.66,0.0,0.0,Holiday,13,Winter,320
22/12/2017,5.9,55,0.6,779,0.48,0.0,0.0,Holiday,14,Winter,326
22/12/2017,6.5,55,0.9,801,0.38,0.0,0.0,Holiday,15,Winter,386
22/12/2017,6.0,58,0.7,732,0.19,0.0,0.0,Holiday,16,Winter,416
22/12/2017,5.4,61,1.3,691,0.08,0.0,0.0,Holiday,17,Winter,477
22/12/2017,4.9,63,0.6,677,0.0,0.0,0.0,Holiday,18,Winter,671
22/12/2017,5.2,64,0.7,691,0.0,0.0,0.0,Holiday,19,Winter,481
22/12/2017,5.9,67,1.3,779,0.0,0.0,0.0,Holiday,20,Winter,323
22/12/2017,6.1,70,2.2,763,0.0,0.0,0.0,Holiday,21,Winter,309
22/12/2017,6.1,70,2.7,806,0.0,0.0,0.0,Holiday,22,Winter,314
22/12/2017,5.8,74,2.5,832,0.0,0.0,0.0,Holiday,23,Winter,249
23/12/2017,5.8,75,1.9,788,0.0,0.0,0.0,No Holiday,0,Winter,282
23/12/2017,5.7,75,1.7,706,0.0,0.0,0.0,No Holiday,1,Winter,337
23/12/2017,5.6,76,1.6,641,0.0,0.0,0.0,No Holiday,2,Winter,312
23/12/2017,5.4,77,1.6,583,0.0,0.0,0.0,No Holiday,3,Winter,230
23/12/2017,5.3,79,0.9,506,0.0,0.0,0.0,No Holiday,4,Winter,120
23/12/2017,5.0,81,1.2,425,0.0,0.0,0.0,No Holiday,5,Winter,59
23/12/2017,5.1,81,1.3,375,0.0,0.0,0.0,No Holiday,6,Winter,63
23/12/2017,5.1,82,0.7,334,0.0,0.0,0.0,No Holiday,7,Winter,99
23/12/2017,5.1,83,0.9,297,0.0,0.0,0.0,No Holiday,8,Winter,188
23/12/2017,5.2,84,0.7,226,0.03,0.0,0.0,No Holiday,9,Winter,239
23/12/2017,5.4,82,1.2,215,0.13,0.0,0.0,No Holiday,10,Winter,235
23/12/2017,5.7,81,1.1,192,0.18,0.0,0.0,No Holiday,11,Winter,282
23/12/2017,7.0,72,1.9,246,0.64,0.0,0.0,No Holiday,12,Winter,325
23/12/2017,7.7,68,1.0,249,0.58,0.0,0.0,No Holiday,13,Winter,423
23/12/2017,8.6,63,1.6,263,0.72,0.0,0.0,No Holiday,14,Winter,405
23/12/2017,8.6,64,1.5,269,0.57,0.0,0.0,No Holiday,15,Winter,443
23/12/2017,8.2,64,1.0,281,0.32,0.0,0.0,No Holiday,16,Winter,473
23/12/2017,7.7,67,0.9,264,0.11,0.0,0.0,No Holiday,17,Winter,453
23/12/2017,6.6,73,0.4,229,0.0,0.0,0.0,No Holiday,18,Winter,340
23/12/2017,6.0,76,1.1,219,0.0,0.0,0.0,No Holiday,19,Winter,260
23/12/2017,5.9,75,1.5,222,0.0,0.0,0.0,No Holiday,20,Winter,258
23/12/2017,5.6,77,0.9,212,0.0,0.0,0.0,No Holiday,21,Winter,279
23/12/2017,5.3,79,0.6,200,0.0,0.0,0.0,No Holiday,22,Winter,282
23/12/2017,5.5,80,0.6,185,0.0,0.0,0.0,No Holiday,23,Winter,237
24/12/2017,5.6,78,0.6,196,0.0,0.0,0.0,Holiday,0,Winter,266
24/12/2017,5.6,78,0.5,197,0.0,0.0,0.0,Holiday,1,Winter,251
24/12/2017,5.4,80,0.9,190,0.0,0.0,0.0,Holiday,2,Winter,196
24/12/2017,5.2,82,0.8,190,0.0,0.0,0.0,Holiday,3,Winter,149
24/12/2017,5.2,82,0.7,189,0.0,0.0,0.0,Holiday,4,Winter,79
24/12/2017,5.1,82,0.6,185,0.0,0.0,0.0,Holiday,5,Winter,44
24/12/2017,4.9,84,1.3,159,0.0,0.1,0.0,Holiday,6,Winter,12
24/12/2017,4.7,89,1.1,100,0.0,0.0,0.0,Holiday,7,Winter,3
24/12/2017,4.6,91,1.7,95,0.0,0.0,0.0,Holiday,8,Winter,4
24/12/2017,4.6,94,0.9,90,0.0,6.4,0.0,Holiday,9,Winter,3
24/12/2017,4.8,96,0.6,87,0.04,0.0,0.0,Holiday,10,Winter,4
24/12/2017,4.6,95,0.8,156,0.05,0.0,0.0,Holiday,11,Winter,9
24/12/2017,4.1,91,0.8,404,0.07,9.5,0.0,Holiday,12,Winter,4
24/12/2017,3.7,90,0.7,744,0.15,0.0,0.0,Holiday,13,Winter,7
24/12/2017,3.3,90,2.5,561,0.19,0.0,0.0,Holiday,14,Winter,28
24/12/2017,2.9,90,2.0,380,0.08,3.5,0.0,Holiday,15,Winter,38
24/12/2017,2.3,91,3.3,270,0.07,0.0,0.0,Holiday,16,Winter,54
24/12/2017,2.2,86,2.6,605,0.04,0.0,0.0,Holiday,17,Winter,104
24/12/2017,1.9,82,4.3,699,0.01,0.5,0.0,Holiday,18,Winter,128
24/12/2017,1.1,68,4.4,695,0.0,0.0,0.0,Holiday,19,Winter,132
24/12/2017,0.6,67,3.3,506,0.0,0.0,0.0,Holiday,20,Winter,116
24/12/2017,0.4,69,3.5,477,0.0,0.0,0.0,Holiday,21,Winter,145
24/12/2017,0.2,69,2.7,565,0.0,0.0,0.0,Holiday,22,Winter,110
24/12/2017,0.0,63,3.2,884,0.0,0.0,0.0,Holiday,23,Winter,128
25/12/2017,-0.6,64,2.4,1010,0.0,0.0,0.0,Holiday,0,Winter,160
25/12/2017,-1.2,57,4.3,1429,0.0,0.0,0.0,Holiday,1,Winter,132
25/12/2017,-1.8,53,4.1,1825,0.0,0.0,0.0,Holiday,2,Winter,115
25/12/2017,-2.3,52,3.4,1947,0.0,0.0,0.0,Holiday,3,Winter,100
25/12/2017,-3.0,51,3.2,2000,0.0,0.0,0.0,Holiday,4,Winter,72
25/12/2017,-3.7,51,2.6,2000,0.0,0.0,0.0,Holiday,5,Winter,32
25/12/2017,-4.1,50,3.0,2000,0.0,0.0,0.0,Holiday,6,Winter,59
25/12/2017,-4.6,46,2.8,2000,0.0,0.0,0.0,Holiday,7,Winter,61
25/12/2017,-4.9,44,3.0,2000,0.0,0.0,0.0,Holiday,8,Winter,94
25/12/2017,-4.6,40,3.5,2000,0.18,0.0,0.0,Holiday,9,Winter,107
25/12/2017,-3.7,35,3.7,1937,0.57,0.0,0.0,Holiday,10,Winter,133
25/12/2017,-2.8,35,2.9,1984,0.87,0.0,0.0,Holiday,11,Winter,179
25/12/2017,-1.6,33,2.5,1874,1.18,0.0,0.0,Holiday,12,Winter,221
25/12/2017,-1.5,33,3.8,2000,1.18,0.0,0.0,Holiday,13,Winter,244
25/12/2017,-0.4,31,2.0,2000,1.1,0.0,0.0,Holiday,14,Winter,274
25/12/2017,0.4,28,2.5,2000,0.9,0.0,0.0,Holiday,15,Winter,319
25/12/2017,0.4,27,2.0,2000,0.58,0.0,0.0,Holiday,16,Winter,272
25/12/2017,-0.7,29,2.0,2000,0.21,0.0,0.0,Holiday,17,Winter,260
25/12/2017,-1.6,33,2.0,2000,0.0,0.0,0.0,Holiday,18,Winter,237
25/12/2017,-1.8,41,2.1,2000,0.0,0.0,0.0,Holiday,19,Winter,184
25/12/2017,-2.1,49,1.7,2000,0.0,0.0,0.0,Holiday,20,Winter,181
25/12/2017,-1.7,51,1.7,2000,0.0,0.0,0.0,Holiday,21,Winter,185
25/12/2017,-1.3,53,1.7,2000,0.0,0.0,0.0,Holiday,22,Winter,176
25/12/2017,-1.0,55,1.9,2000,0.0,0.0,0.0,Holiday,23,Winter,169
26/12/2017,-1.4,58,1.0,1880,0.0,0.0,0.0,No Holiday,0,Winter,178
26/12/2017,-1.5,62,1.3,2000,0.0,0.0,0.0,No Holiday,1,Winter,127
26/12/2017,-2.1,69,1.0,1995,0.0,0.0,0.0,No Holiday,2,Winter,85
26/12/2017,-2.6,70,1.0,1992,0.0,0.0,0.0,No Holiday,3,Winter,72
26/12/2017,-2.6,72,1.4,1929,0.0,0.0,0.0,No Holiday,4,Winter,49
26/12/2017,-2.9,77,0.8,1833,0.0,0.0,0.0,No Holiday,5,Winter,65
26/12/2017,-2.8,73,0.7,1906,0.0,0.0,0.0,No Holiday,6,Winter,120
26/12/2017,-2.9,73,1.9,1911,0.0,0.0,0.0,No Holiday,7,Winter,296
26/12/2017,-2.7,68,2.2,1919,0.0,0.0,0.0,No Holiday,8,Winter,578
26/12/2017,-2.8,52,2.9,1895,0.16,0.0,0.0,No Holiday,9,Winter,293
26/12/2017,-2.2,36,4.1,1930,0.53,0.0,0.0,No Holiday,10,Winter,180
26/12/2017,-2.1,28,4.9,1887,0.87,0.0,0.0,No Holiday,11,Winter,250
26/12/2017,-1.3,23,4.0,2000,1.09,0.0,0.0,No Holiday,12,Winter,262
26/12/2017,-2.0,15,4.7,1970,1.18,0.0,0.0,No Holiday,13,Winter,262
26/12/2017,-1.6,20,4.3,2000,1.11,0.0,0.0,No Holiday,14,Winter,271
26/12/2017,-1.9,17,5.0,2000,0.93,0.0,0.0,No Holiday,15,Winter,246
26/12/2017,-1.9,17,3.3,2000,0.61,0.0,0.0,No Holiday,16,Winter,282
26/12/2017,-3.6,20,3.7,2000,0.23,0.0,0.0,No Holiday,17,Winter,350
26/12/2017,-4.7,23,3.4,2000,0.01,0.0,0.0,No Holiday,18,Winter,481
26/12/2017,-5.4,27,3.0,2000,0.0,0.0,0.0,No Holiday,19,Winter,317
26/12/2017,-6.1,32,4.7,2000,0.0,0.0,0.0,No Holiday,20,Winter,252
26/12/2017,-6.6,39,3.2,2000,0.0,0.0,0.0,No Holiday,21,Winter,220
26/12/2017,-7.2,38,3.1,2000,0.0,0.0,0.0,No Holiday,22,Winter,213
26/12/2017,-7.5,37,3.1,2000,0.0,0.0,0.0,No Holiday,23,Winter,156
27/12/2017,-7.9,37,2.2,2000,0.0,0.0,0.0,No Holiday,0,Winter,133
27/12/2017,-8.2,39,1.8,2000,0.0,0.0,0.0,No Holiday,1,Winter,142
27/12/2017,-8.6,37,1.5,2000,0.0,0.0,0.0,No Holiday,2,Winter,93
27/12/2017,-9.1,37,1.0,2000,0.0,0.0,0.0,No Holiday,3,Winter,81
27/12/2017,-9.1,33,2.3,2000,0.0,0.0,0.0,No Holiday,4,Winter,55
27/12/2017,-9.4,36,1.9,2000,0.0,0.0,0.0,No Holiday,5,Winter,66
27/12/2017,-9.8,37,1.7,2000,0.0,0.0,0.0,No Holiday,6,Winter,105
27/12/2017,-10.1,38,2.3,2000,0.0,0.0,0.0,No Holiday,7,Winter,262
27/12/2017,-10.2,35,1.8,2000,0.0,0.0,0.0,No Holiday,8,Winter,502
27/12/2017,-9.8,33,2.0,1997,0.17,0.0,0.0,No Holiday,9,Winter,279
27/12/2017,-8.5,29,2.4,1992,0.56,0.0,0.0,No Holiday,10,Winter,146
27/12/2017,-6.8,28,2.1,1986,0.88,0.0,0.0,No Holiday,11,Winter,213
27/12/2017,-5.5,21,2.1,1941,1.08,0.0,0.0,No Holiday,12,Winter,230
27/12/2017,-4.7,18,3.7,2000,1.16,0.0,0.0,No Holiday,13,Winter,258
27/12/2017,-4.0,18,2.4,2000,1.09,0.0,0.0,No Holiday,14,Winter,231
27/12/2017,-3.1,16,2.2,2000,0.9,0.0,0.0,No Holiday,15,Winter,228
27/12/2017,-3.2,23,2.7,2000,0.57,0.0,0.0,No Holiday,16,Winter,269
27/12/2017,-4.2,26,2.2,2000,0.2,0.0,0.0,No Holiday,17,Winter,314
27/12/2017,-5.2,32,2.2,2000,0.0,0.0,0.0,No Holiday,18,Winter,466
27/12/2017,-5.5,31,2.1,2000,0.0,0.0,0.0,No Holiday,19,Winter,315
27/12/2017,-5.9,34,0.9,2000,0.0,0.0,0.0,No Holiday,20,Winter,262
27/12/2017,-6.4,34,1.2,2000,0.0,0.0,0.0,No Holiday,21,Winter,242
27/12/2017,-6.4,36,1.3,2000,0.0,0.0,0.0,No Holiday,22,Winter,243
27/12/2017,-6.3,39,0.9,2000,0.0,0.0,0.0,No Holiday,23,Winter,216
28/12/2017,-6.5,41,1.7,2000,0.0,0.0,0.0,No Holiday,0,Winter,164
28/12/2017,-6.6,39,1.4,2000,0.0,0.0,0.0,No Holiday,1,Winter,169
28/12/2017,-6.6,34,1.8,2000,0.0,0.0,0.0,No Holiday,2,Winter,163
28/12/2017,-6.0,32,2.5,2000,0.0,0.0,0.0,No Holiday,3,Winter,86
28/12/2017,-5.8,32,1.6,2000,0.0,0.0,0.0,No Holiday,4,Winter,50
28/12/2017,-5.7,28,1.2,2000,0.0,0.0,0.0,No Holiday,5,Winter,61
28/12/2017,-5.5,24,0.5,2000,0.0,0.0,0.0,No Holiday,6,Winter,103
28/12/2017,-5.0,31,0.5,2000,0.0,0.0,0.0,No Holiday,7,Winter,257
28/12/2017,-4.7,30,0.6,2000,0.0,0.0,0.0,No Holiday,8,Winter,554
28/12/2017,-4.3,38,0.7,1877,0.04,0.0,0.0,No Holiday,9,Winter,326
28/12/2017,-3.4,33,1.3,1863,0.33,0.0,0.0,No Holiday,10,Winter,225
28/12/2017,-2.1,34,1.0,1868,0.65,0.0,0.0,No Holiday,11,Winter,288
28/12/2017,-0.8,38,1.0,1686,0.75,0.0,0.0,No Holiday,12,Winter,286
28/12/2017,0.8,46,1.4,1598,0.8,0.0,0.0,No Holiday,13,Winter,301
28/12/2017,0.8,55,1.8,1132,0.59,0.0,0.0,No Holiday,14,Winter,311
28/12/2017,0.4,57,2.4,1179,0.36,0.0,0.0,No Holiday,15,Winter,303
28/12/2017,0.3,57,2.3,1204,0.19,0.0,0.0,No Holiday,16,Winter,390
28/12/2017,0.2,58,2.0,1159,0.08,0.0,0.0,No Holiday,17,Winter,407
28/12/2017,-0.6,62,1.6,1129,0.0,0.0,0.0,No Holiday,18,Winter,552
28/12/2017,-0.4,62,0.9,1103,0.0,0.0,0.0,No Holiday,19,Winter,402
28/12/2017,-0.3,62,1.3,1040,0.0,0.0,0.0,No Holiday,20,Winter,319
28/12/2017,-0.2,62,0.6,986,0.0,0.0,0.0,No Holiday,21,Winter,332
28/12/2017,0.0,63,1.3,968,0.0,0.0,0.0,No Holiday,22,Winter,285
28/12/2017,0.1,63,1.1,1003,0.0,0.0,0.0,No Holiday,23,Winter,260
29/12/2017,0.2,63,0.7,925,0.0,0.0,0.0,No Holiday,0,Winter,233
29/12/2017,0.3,63,0.7,760,0.0,0.0,0.0,No Holiday,1,Winter,269
29/12/2017,0.5,63,1.0,691,0.0,0.0,0.0,No Holiday,2,Winter,210
29/12/2017,0.6,64,0.4,731,0.0,0.0,0.0,No Holiday,3,Winter,135
29/12/2017,0.6,65,0.4,712,0.0,0.0,0.0,No Holiday,4,Winter,85
29/12/2017,0.7,66,0.7,687,0.0,0.0,0.0,No Holiday,5,Winter,67
29/12/2017,0.8,68,0.6,673,0.0,0.0,0.0,No Holiday,6,Winter,128
29/12/2017,0.9,67,0.6,658,0.0,0.0,0.0,No Holiday,7,Winter,289
29/12/2017,1.0,68,0.6,624,0.0,0.0,0.0,No Holiday,8,Winter,636
29/12/2017,1.2,67,0.2,591,0.06,0.0,0.0,No Holiday,9,Winter,353
29/12/2017,1.9,65,0.3,562,0.17,0.0,0.0,No Holiday,10,Winter,252
29/12/2017,3.1,62,1.1,517,0.29,0.0,0.0,No Holiday,11,Winter,317
29/12/2017,4.3,62,1.6,472,0.52,0.0,0.0,No Holiday,12,Winter,363
29/12/2017,5.2,58,2.5,435,0.81,0.0,0.0,No Holiday,13,Winter,370
29/12/2017,5.7,54,3.5,418,0.83,0.0,0.0,No Holiday,14,Winter,419
29/12/2017,5.7,53,2.7,408,0.65,0.0,0.0,No Holiday,15,Winter,426
29/12/2017,5.4,56,2.2,396,0.39,0.0,0.0,No Holiday,16,Winter,504
29/12/2017,4.5,59,1.6,384,0.14,0.0,0.0,No Holiday,17,Winter,534
29/12/2017,3.6,62,1.4,389,0.01,0.0,0.0,No Holiday,18,Winter,574
29/12/2017,2.7,68,1.2,348,0.0,0.0,0.0,No Holiday,19,Winter,395
29/12/2017,1.7,73,0.5,332,0.0,0.0,0.0,No Holiday,20,Winter,292
29/12/2017,1.0,77,1.5,297,0.0,0.0,0.0,No Holiday,21,Winter,282
29/12/2017,0.8,77,1.4,293,0.0,0.0,0.0,No Holiday,22,Winter,294
29/12/2017,0.3,80,0.8,264,0.0,0.0,0.0,No Holiday,23,Winter,236
30/12/2017,-0.4,83,1.2,247,0.0,0.0,0.0,No Holiday,0,Winter,240
30/12/2017,-0.5,83,0.7,244,0.0,0.0,0.0,No Holiday,1,Winter,234
30/12/2017,-0.9,84,0.6,230,0.0,0.0,0.0,No Holiday,2,Winter,192
30/12/2017,-1.1,83,0.8,237,0.0,0.0,0.0,No Holiday,3,Winter,127
30/12/2017,-1.1,83,0.7,242,0.0,0.0,0.0,No Holiday,4,Winter,86
30/12/2017,-1.2,81,0.8,258,0.0,0.0,0.0,No Holiday,5,Winter,52
30/12/2017,-1.1,81,1.0,253,0.0,0.0,0.0,No Holiday,6,Winter,62
30/12/2017,-0.7,79,0.7,259,0.0,0.0,0.0,No Holiday,7,Winter,88
30/12/2017,-0.4,78,0.5,249,0.0,0.0,0.0,No Holiday,8,Winter,162
30/12/2017,0.2,76,1.3,249,0.03,0.0,0.0,No Holiday,9,Winter,224
30/12/2017,0.8,73,0.5,248,0.15,0.0,0.0,No Holiday,10,Winter,208
30/12/2017,2.0,69,1.0,257,0.32,0.0,0.0,No Holiday,11,Winter,237
30/12/2017,3.2,64,0.8,258,0.47,0.0,0.0,No Holiday,12,Winter,274
30/12/2017,4.0,62,1.0,256,0.51,0.0,0.0,No Holiday,13,Winter,333
30/12/2017,4.3,60,1.2,272,0.4,0.0,0.0,No Holiday,14,Winter,356
30/12/2017,4.3,61,0.7,274,0.23,0.0,0.0,No Holiday,15,Winter,337
30/12/2017,4.1,63,0.7,263,0.13,0.0,0.0,No Holiday,16,Winter,345
30/12/2017,3.8,64,0.9,250,0.01,0.0,0.0,No Holiday,17,Winter,183
30/12/2017,3.0,84,1.7,137,0.0,0.3,0.0,No Holiday,18,Winter,45
30/12/2017,2.3,89,0.6,96,0.0,0.0,0.0,No Holiday,19,Winter,40
30/12/2017,1.9,90,0.9,88,0.0,0.0,0.0,No Holiday,20,Winter,66
30/12/2017,1.8,92,1.1,109,0.0,0.2,0.0,No Holiday,21,Winter,64
30/12/2017,1.8,92,1.2,94,0.0,0.0,0.0,No Holiday,22,Winter,30
30/12/2017,1.4,92,1.9,73,0.0,0.0,0.0,No Holiday,23,Winter,42
31/12/2017,0.9,95,1.8,63,0.0,0.2,0.2,Holiday,0,Winter,43
31/12/2017,0.5,95,2.1,79,0.0,0.0,0.6,Holiday,1,Winter,43
31/12/2017,0.4,95,1.7,110,0.0,0.0,1.2,Holiday,2,Winter,65
31/12/2017,0.3,91,2.0,172,0.0,1.0,1.2,Holiday,3,Winter,65
31/12/2017,-0.2,87,3.5,246,0.0,0.0,1.2,Holiday,4,Winter,32
31/12/2017,-0.8,85,2.8,329,0.0,0.0,1.2,Holiday,5,Winter,22
31/12/2017,-1.3,84,2.4,425,0.0,0.0,1.2,Holiday,6,Winter,25
31/12/2017,-1.8,86,1.7,367,0.0,0.0,1.2,Holiday,7,Winter,39
31/12/2017,-2.1,86,1.4,354,0.0,0.0,1.2,Holiday,8,Winter,84
31/12/2017,-1.9,82,1.6,410,0.15,0.0,1.2,Holiday,9,Winter,103
31/12/2017,-0.5,73,1.7,609,0.53,0.0,1.1,Holiday,10,Winter,110
31/12/2017,0.8,62,2.8,801,0.88,0.0,1.1,Holiday,11,Winter,142
31/12/2017,1.4,47,4.5,1388,1.1,0.0,1.0,Holiday,12,Winter,209
31/12/2017,2.5,36,3.7,1578,1.15,0.0,0.7,Holiday,13,Winter,267
31/12/2017,3.0,28,3.8,1956,1.1,0.0,0.0,Holiday,14,Winter,262
31/12/2017,3.1,25,3.9,2000,0.9,0.0,0.0,Holiday,15,Winter,300
31/12/2017,2.7,26,2.7,2000,0.59,0.0,0.0,Holiday,16,Winter,272
31/12/2017,1.7,30,2.9,2000,0.22,0.0,0.0,Holiday,17,Winter,240
31/12/2017,0.7,31,2.3,2000,0.01,0.0,0.0,Holiday,18,Winter,215
31/12/2017,0.0,31,2.2,2000,0.0,0.0,0.0,Holiday,19,Winter,163
31/12/2017,-1.0,32,0.9,2000,0.0,0.0,0.0,Holiday,20,Winter,161
31/12/2017,-1.6,35,1.0,2000,0.0,0.0,0.0,Holiday,21,Winter,179
31/12/2017,-2.1,36,1.7,2000,0.0,0.0,0.0,Holiday,22,Winter,155
31/12/2017,-2.6,40,0.6,2000,0.0,0.0,0.0,Holiday,23,Winter,227
01/01/2018,-3.2,40,0.5,1358,0.0,0.0,0.0,Holiday,0,Winter,206
01/01/2018,-3.3,41,0.7,2000,0.0,0.0,0.0,Holiday,1,Winter,230
01/01/2018,-3.7,42,0.9,2000,0.0,0.0,0.0,Holiday,2,Winter,178
01/01/2018,-4.0,44,1.0,2000,0.0,0.0,0.0,Holiday,3,Winter,119
01/01/2018,-4.2,53,1.1,1994,0.0,0.0,0.0,Holiday,4,Winter,62
01/01/2018,-4.4,54,0.8,1786,0.0,0.0,0.0,Holiday,5,Winter,61
01/01/2018,-4.5,51,1.1,2000,0.0,0.0,0.0,Holiday,6,Winter,65
01/01/2018,-4.7,56,1.1,2000,0.0,0.0,0.0,Holiday,7,Winter,81
01/01/2018,-5.0,55,1.0,2000,0.0,0.0,0.0,Holiday,8,Winter,89
01/01/2018,-4.3,39,0.7,1973,0.15,0.0,0.0,Holiday,9,Winter,121
01/01/2018,-1.6,32,0.8,1766,0.53,0.0,0.0,Holiday,10,Winter,139
01/01/2018,0.1,27,2.2,1874,0.84,0.0,0.0,Holiday,11,Winter,169
01/01/2018,1.5,20,2.8,1992,1.03,0.0,0.0,Holiday,12,Winter,225
01/01/2018,2.4,22,2.3,1921,1.1,0.0,0.0,Holiday,13,Winter,248
01/01/2018,3.7,24,2.1,1906,1.01,0.0,0.0,Holiday,14,Winter,298
01/01/2018,3.0,27,2.9,1715,0.78,0.0,0.0,Holiday,15,Winter,344
01/01/2018,3.0,28,2.5,1864,0.51,0.0,0.0,Holiday,16,Winter,310
01/01/2018,1.8,33,3.3,1913,0.18,0.0,0.0,Holiday,17,Winter,271
01/01/2018,0.8,34,1.9,1887,0.01,0.0,0.0,Holiday,18,Winter,218
01/01/2018,-0.1,39,1.3,1911,0.0,0.0,0.0,Holiday,19,Winter,125
01/01/2018,-0.3,40,1.2,1936,0.0,0.0,0.0,Holiday,20,Winter,206
01/01/2018,-0.9,44,1.2,1871,0.0,0.0,0.0,Holiday,21,Winter,203
01/01/2018,-1.3,48,0.8,1927,0.0,0.0,0.0,Holiday,22,Winter,168
01/01/2018,-1.6,51,0.7,1882,0.0,0.0,0.0,Holiday,23,Winter,154
02/01/2018,-1.8,54,1.1,1772,0.0,0.0,0.0,No Holiday,0,Winter,148
02/01/2018,-2.1,56,0.8,1732,0.0,0.0,0.0,No Holiday,1,Winter,108
02/01/2018,-2.3,62,0.9,1560,0.0,0.0,0.0,No Holiday,2,Winter,69
02/01/2018,-2.5,62,0.4,1626,0.0,0.0,0.0,No Holiday,3,Winter,41
02/01/2018,-2.7,67,0.5,1302,0.0,0.0,0.0,No Holiday,4,Winter,31
02/01/2018,-3.1,67,0.6,1384,0.0,0.0,0.0,No Holiday,5,Winter,58
02/01/2018,-3.2,67,0.4,1409,0.0,0.0,0.0,No Holiday,6,Winter,139
02/01/2018,-3.2,69,0.5,1249,0.0,0.0,0.0,No Holiday,7,Winter,344
02/01/2018,-3.4,71,0.8,1179,0.0,0.0,0.0,No Holiday,8,Winter,655
02/01/2018,-3.1,66,0.2,1168,0.12,0.0,0.0,No Holiday,9,Winter,315
02/01/2018,-1.4,50,1.9,1355,0.38,0.0,0.0,No Holiday,10,Winter,208
02/01/2018,-0.4,40,2.3,1633,0.66,0.0,0.0,No Holiday,11,Winter,269
02/01/2018,0.9,29,1.9,1761,0.88,0.0,0.0,No Holiday,12,Winter,293
02/01/2018,1.5,23,3.6,1970,0.95,0.0,0.0,No Holiday,13,Winter,273
02/01/2018,1.7,20,4.4,1995,0.91,0.0,0.0,No Holiday,14,Winter,302
02/01/2018,1.5,22,3.0,1998,0.76,0.0,0.0,No Holiday,15,Winter,295
02/01/2018,1.3,23,2.9,2000,0.51,0.0,0.0,No Holiday,16,Winter,320
02/01/2018,0.3,27,2.6,2000,0.18,0.0,0.0,No Holiday,17,Winter,373
02/01/2018,-0.8,24,2.3,2000,0.01,0.0,0.0,No Holiday,18,Winter,675
02/01/2018,-1.3,28,2.4,2000,0.0,0.0,0.0,No Holiday,19,Winter,403
02/01/2018,-1.9,26,2.2,2000,0.0,0.0,0.0,No Holiday,20,Winter,364
02/01/2018,-2.6,28,2.0,2000,0.0,0.0,0.0,No Holiday,21,Winter,304
02/01/2018,-3.4,33,2.4,2000,0.0,0.0,0.0,No Holiday,22,Winter,273
02/01/2018,-3.8,35,2.3,2000,0.0,0.0,0.0,No Holiday,23,Winter,186
03/01/2018,-4.3,38,1.4,2000,0.0,0.0,0.0,No Holiday,0,Winter,160
03/01/2018,-5.0,42,1.2,1993,0.0,0.0,0.0,No Holiday,1,Winter,130
03/01/2018,-5.5,43,2.0,2000,0.0,0.0,0.0,No Holiday,2,Winter,110
03/01/2018,-6.1,45,1.3,1999,0.0,0.0,0.0,No Holiday,3,Winter,67
03/01/2018,-6.1,45,2.3,2000,0.0,0.0,0.0,No Holiday,4,Winter,43
03/01/2018,-6.4,47,2.4,1981,0.0,0.0,0.0,No Holiday,5,Winter,67
03/01/2018,-6.7,48,2.4,1991,0.0,0.0,0.0,No Holiday,6,Winter,137
03/01/2018,-6.9,48,2.4,1974,0.0,0.0,0.0,No Holiday,7,Winter,308
03/01/2018,-7.0,49,1.5,1971,0.0,0.0,0.0,No Holiday,8,Winter,670
03/01/2018,-6.8,44,1.7,1858,0.16,0.0,0.0,No Holiday,9,Winter,342
03/01/2018,-5.6,38,2.9,1752,0.55,0.0,0.0,No Holiday,10,Winter,213
03/01/2018,-4.5,36,3.2,1736,0.77,0.0,0.0,No Holiday,11,Winter,267
03/01/2018,-3.4,32,3.1,1706,1.02,0.0,0.0,No Holiday,12,Winter,297
03/01/2018,-2.2,31,2.3,1910,1.13,0.0,0.0,No Holiday,13,Winter,279
03/01/2018,-1.5,30,2.8,1903,1.1,0.0,0.0,No Holiday,14,Winter,270
03/01/2018,-1.1,29,2.8,1976,0.96,0.0,0.0,No Holiday,15,Winter,286
03/01/2018,-0.4,30,2.0,2000,0.62,0.0,0.0,No Holiday,16,Winter,299
03/01/2018,-1.9,35,1.8,2000,0.25,0.0,0.0,No Holiday,17,Winter,382
03/01/2018,-3.1,39,2.1,2000,0.0,0.0,0.0,No Holiday,18,Winter,637
03/01/2018,-3.7,41,2.0,2000,0.0,0.0,0.0,No Holiday,19,Winter,431
03/01/2018,-3.9,44,2.5,2000,0.0,0.0,0.0,No Holiday,20,Winter,294
03/01/2018,-4.3,47,2.8,1997,0.0,0.0,0.0,No Holiday,21,Winter,335
03/01/2018,-5.2,53,1.3,1969,0.0,0.0,0.0,No Holiday,22,Winter,291
03/01/2018,-5.9,54,0.8,1968,0.0,0.0,0.0,No Holiday,23,Winter,197
04/01/2018,-6.3,54,1.4,1990,0.0,0.0,0.0,No Holiday,0,Winter,159
04/01/2018,-6.9,56,2.3,1994,0.0,0.0,0.0,No Holiday,1,Winter,150
04/01/2018,-7.3,57,2.0,1978,0.0,0.0,0.0,No Holiday,2,Winter,123
04/01/2018,-7.4,54,1.7,1968,0.0,0.0,0.0,No Holiday,3,Winter,57
04/01/2018,-7.5,55,1.3,1984,0.0,0.0,0.0,No Holiday,4,Winter,38
04/01/2018,-7.6,49,1.3,2000,0.0,0.0,0.0,No Holiday,5,Winter,66
04/01/2018,-7.6,47,2.3,2000,0.0,0.0,0.0,No Holiday,6,Winter,120
04/01/2018,-8.1,51,0.5,1987,0.0,0.0,0.0,No Holiday,7,Winter,302
04/01/2018,-8.6,55,0.6,1984,0.0,0.0,0.0,No Holiday,8,Winter,646
04/01/2018,-7.9,48,1.2,1926,0.14,0.0,0.0,No Holiday,9,Winter,340
04/01/2018,-6.4,43,1.0,1872,0.43,0.0,0.0,No Holiday,10,Winter,197
04/01/2018,-4.4,40,0.8,1671,0.69,0.0,0.0,No Holiday,11,Winter,264
04/01/2018,-2.9,33,0.9,1813,0.92,0.0,0.0,No Holiday,12,Winter,290
04/01/2018,-2.0,32,1.0,1864,0.91,0.0,0.0,No Holiday,13,Winter,284
04/01/2018,-0.8,32,1.4,1846,0.78,0.0,0.0,No Holiday,14,Winter,262
04/01/2018,-1.2,31,0.8,1732,0.47,0.0,0.0,No Holiday,15,Winter,281
04/01/2018,-1.4,34,1.8,1719,0.3,0.0,0.0,No Holiday,16,Winter,309
04/01/2018,-2.1,37,1.4,1591,0.09,0.0,0.0,No Holiday,17,Winter,397
04/01/2018,-2.6,38,1.4,1604,0.0,0.0,0.0,No Holiday,18,Winter,603
04/01/2018,-2.7,39,1.4,1616,0.0,0.0,0.0,No Holiday,19,Winter,417
04/01/2018,-2.8,39,1.7,1702,0.0,0.0,0.0,No Holiday,20,Winter,311
04/01/2018,-3.1,41,2.0,1742,0.0,0.0,0.0,No Holiday,21,Winter,310
04/01/2018,-3.6,46,1.3,1689,0.0,0.0,0.0,No Holiday,22,Winter,306
04/01/2018,-4.0,48,1.5,1536,0.0,0.0,0.0,No Holiday,23,Winter,221
05/01/2018,-4.7,52,1.8,1611,0.0,0.0,0.0,No Holiday,0,Winter,202
05/01/2018,-5.1,51,1.5,1550,0.0,0.0,0.0,No Holiday,1,Winter,170
05/01/2018,-5.3,52,1.6,1481,0.0,0.0,0.0,No Holiday,2,Winter,118
05/01/2018,-5.5,56,1.1,1453,0.0,0.0,0.0,No Holiday,3,Winter,67
05/01/2018,-5.1,55,1.7,1266,0.0,0.0,0.0,No Holiday,4,Winter,47
05/01/2018,-5.1,55,1.5,1452,0.0,0.0,0.0,No Holiday,5,Winter,75
05/01/2018,-5.1,54,1.3,1346,0.0,0.0,0.0,No Holiday,6,Winter,123
05/01/2018,-5.3,53,1.1,1300,0.0,0.0,0.0,No Holiday,7,Winter,327
05/01/2018,-5.3,51,1.0,1319,0.0,0.0,0.0,No Holiday,8,Winter,665
05/01/2018,-4.7,49,1.2,1550,0.12,0.0,0.0,No Holiday,9,Winter,354
05/01/2018,-3.3,50,1.3,1407,0.4,0.0,0.0,No Holiday,10,Winter,232
05/01/2018,-0.7,45,1.5,1429,0.76,0.0,0.0,No Holiday,11,Winter,308
05/01/2018,-0.3,45,2.2,1066,1.01,0.0,0.0,No Holiday,12,Winter,362
05/01/2018,0.9,43,2.0,1112,0.98,0.0,0.0,No Holiday,13,Winter,312
05/01/2018,1.4,41,2.0,1003,0.99,0.0,0.0,No Holiday,14,Winter,343
05/01/2018,1.5,34,2.8,1776,0.84,0.0,0.0,No Holiday,15,Winter,333
05/01/2018,1.0,34,2.9,2000,0.61,0.0,0.0,No Holiday,16,Winter,329
05/01/2018,-0.6,45,3.3,1827,0.24,0.0,0.0,No Holiday,17,Winter,446
05/01/2018,-1.8,44,2.2,1709,0.01,0.0,0.0,No Holiday,18,Winter,635
05/01/2018,-2.5,49,0.6,1436,0.0,0.0,0.0,No Holiday,19,Winter,443
05/01/2018,-3.4,51,1.1,1391,0.0,0.0,0.0,No Holiday,20,Winter,322
05/01/2018,-3.5,53,0.9,1353,0.0,0.0,0.0,No Holiday,21,Winter,284
05/01/2018,-3.8,53,1.3,1300,0.0,0.0,0.0,No Holiday,22,Winter,281
05/01/2018,-3.6,50,1.9,1284,0.0,0.0,0.0,No Holiday,23,Winter,189
06/01/2018,-4.3,52,1.6,1247,0.0,0.0,0.0,No Holiday,0,Winter,184
06/01/2018,-4.8,54,1.2,1219,0.0,0.0,0.0,No Holiday,1,Winter,222
06/01/2018,-5.5,56,1.4,1285,0.0,0.0,0.0,No Holiday,2,Winter,176
06/01/2018,-5.6,56,1.0,1367,0.0,0.0,0.0,No Holiday,3,Winter,103
06/01/2018,-5.9,61,1.1,1260,0.0,0.0,0.0,No Holiday,4,Winter,61
06/01/2018,-6.1,64,1.0,1231,0.0,0.0,0.0,No Holiday,5,Winter,48
06/01/2018,-6.5,67,0.7,1175,0.0,0.0,0.0,No Holiday,6,Winter,69
06/01/2018,-6.6,65,1.0,1320,0.0,0.0,0.0,No Holiday,7,Winter,105
06/01/2018,-6.5,62,1.1,1503,0.0,0.0,0.0,No Holiday,8,Winter,186
06/01/2018,-5.8,49,1.4,1728,0.16,0.0,0.0,No Holiday,9,Winter,221
06/01/2018,-3.5,39,2.0,1946,0.54,0.0,0.0,No Holiday,10,Winter,204
06/01/2018,-1.6,35,2.1,1812,0.87,0.0,0.0,No Holiday,11,Winter,245
06/01/2018,0.0,35,2.3,1672,1.07,0.0,0.0,No Holiday,12,Winter,283
06/01/2018,0.9,28,2.4,1895,1.18,0.0,0.0,No Holiday,13,Winter,356
06/01/2018,1.8,29,2.0,1693,1.14,0.0,0.0,No Holiday,14,Winter,370
06/01/2018,2.3,27,2.2,1877,0.92,0.0,0.0,No Holiday,15,Winter,373
06/01/2018,2.7,27,2.2,1811,0.64,0.0,0.0,No Holiday,16,Winter,352
06/01/2018,1.1,31,1.7,1989,0.26,0.0,0.0,No Holiday,17,Winter,354
06/01/2018,-0.6,37,1.6,1797,0.01,0.0,0.0,No Holiday,18,Winter,271
06/01/2018,-1.2,37,1.2,1663,0.0,0.0,0.0,No Holiday,19,Winter,207
06/01/2018,-2.1,41,1.1,1578,0.0,0.0,0.0,No Holiday,20,Winter,189
06/01/2018,-2.5,47,0.8,1495,0.0,0.0,0.0,No Holiday,21,Winter,214
06/01/2018,-2.6,47,1.6,1492,0.0,0.0,0.0,No Holiday,22,Winter,218
06/01/2018,-3.2,50,0.8,1429,0.0,0.0,0.0,No Holiday,23,Winter,169
07/01/2018,-3.8,48,0.7,1574,0.0,0.0,0.0,No Holiday,0,Winter,192
07/01/2018,-3.9,51,0.2,1535,0.0,0.0,0.0,No Holiday,1,Winter,162
07/01/2018,-4.4,53,0.3,1594,0.0,0.0,0.0,No Holiday,2,Winter,128
07/01/2018,-4.8,56,0.6,1505,0.0,0.0,0.0,No Holiday,3,Winter,102
07/01/2018,-5.1,60,0.7,1377,0.0,0.0,0.0,No Holiday,4,Winter,62
07/01/2018,-5.6,58,0.7,1350,0.0,0.0,0.0,No Holiday,5,Winter,40
07/01/2018,-5.5,52,0.7,1503,0.0,0.0,0.0,No Holiday,6,Winter,38
07/01/2018,-5.6,58,0.9,1368,0.0,0.0,0.0,No Holiday,7,Winter,60
07/01/2018,-5.3,53,1.1,1411,0.0,0.0,0.0,No Holiday,8,Winter,122
07/01/2018,-3.8,49,1.6,1371,0.18,0.0,0.0,No Holiday,9,Winter,143
07/01/2018,-1.8,40,1.8,1555,0.48,0.0,0.0,No Holiday,10,Winter,179
07/01/2018,0.5,35,1.4,1558,0.75,0.0,0.0,No Holiday,11,Winter,214
07/01/2018,1.1,34,0.9,1455,0.6,0.0,0.0,No Holiday,12,Winter,278
07/01/2018,1.4,34,0.8,1394,0.5,0.0,0.0,No Holiday,13,Winter,265
07/01/2018,1.9,32,0.7,1368,0.41,0.0,0.0,No Holiday,14,Winter,331
07/01/2018,2.7,31,0.9,1603,0.43,0.0,0.0,No Holiday,15,Winter,368
07/01/2018,2.6,32,1.0,1381,0.27,0.0,0.0,No Holiday,16,Winter,333
07/01/2018,2.3,33,0.2,1515,0.13,0.0,0.0,No Holiday,17,Winter,349
07/01/2018,1.8,34,1.2,1518,0.0,0.0,0.0,No Holiday,18,Winter,270
07/01/2018,1.6,35,1.0,1419,0.0,0.0,0.0,No Holiday,19,Winter,246
07/01/2018,1.3,38,0.4,1386,0.0,0.0,0.0,No Holiday,20,Winter,233
07/01/2018,1.2,39,0.6,1378,0.0,0.0,0.0,No Holiday,21,Winter,236
07/01/2018,1.1,40,0.5,1305,0.0,0.0,0.0,No Holiday,22,Winter,214
07/01/2018,1.1,39,0.6,1422,0.0,0.0,0.0,No Holiday,23,Winter,149
08/01/2018,0.9,42,1.1,1271,0.0,0.0,0.0,No Holiday,0,Winter,149
08/01/2018,0.9,42,0.2,1333,0.0,0.0,0.0,No Holiday,1,Winter,109
08/01/2018,0.8,42,0.5,1275,0.0,0.0,0.0,No Holiday,2,Winter,77
08/01/2018,0.9,43,0.4,1261,0.0,0.0,0.0,No Holiday,3,Winter,53
08/01/2018,1.0,43,0.8,1253,0.0,0.0,0.0,No Holiday,4,Winter,46
08/01/2018,0.8,42,1.0,1394,0.0,0.0,0.0,No Holiday,5,Winter,67
08/01/2018,0.8,45,0.7,1268,0.0,0.0,0.0,No Holiday,6,Winter,159
08/01/2018,0.7,44,0.8,1357,0.0,0.0,0.0,No Holiday,7,Winter,374
08/01/2018,0.7,45,0.7,1339,0.0,0.0,0.0,No Holiday,8,Winter,701
08/01/2018,0.8,47,0.9,1070,0.05,0.0,0.0,No Holiday,9,Winter,387
08/01/2018,1.3,43,0.8,971,0.16,0.0,0.0,No Holiday,10,Winter,253
08/01/2018,1.7,37,0.6,1062,0.23,0.0,0.0,No Holiday,11,Winter,278
08/01/2018,2.7,33,2.7,1281,0.6,0.0,0.0,No Holiday,12,Winter,356
08/01/2018,3.0,32,1.6,1518,0.38,0.0,0.0,No Holiday,13,Winter,303
08/01/2018,3.4,31,1.4,1267,0.36,0.0,0.0,No Holiday,14,Winter,349
08/01/2018,3.9,33,1.8,1293,0.39,0.0,0.0,No Holiday,15,Winter,318
08/01/2018,3.5,36,1.7,1702,0.16,0.0,0.0,No Holiday,16,Winter,353
08/01/2018,2.7,50,2.8,1957,0.06,0.0,0.0,No Holiday,17,Winter,385
08/01/2018,1.5,70,2.5,638,0.0,0.0,0.0,No Holiday,18,Winter,316
08/01/2018,0.9,88,1.6,290,0.0,0.0,0.5,No Holiday,19,Winter,127
08/01/2018,1.0,89,1.9,407,0.0,0.0,1.0,No Holiday,20,Winter,144
08/01/2018,0.7,77,6.7,692,0.0,0.9,1.0,No Holiday,21,Winter,146
08/01/2018,0.1,68,4.6,740,0.0,0.0,1.0,No Holiday,22,Winter,149
08/01/2018,-0.6,62,4.2,936,0.0,0.0,1.0,No Holiday,23,Winter,112
09/01/2018,-1.2,67,4.6,983,0.0,0.0,1.0,No Holiday,0,Winter,100
09/01/2018,-1.9,69,5.0,791,0.0,0.0,1.0,No Holiday,1,Winter,107
09/01/2018,-2.9,66,3.3,1515,0.0,0.0,1.0,No Holiday,2,Winter,75
09/01/2018,-3.4,67,3.2,1420,0.0,0.0,0.9,No Holiday,3,Winter,52
09/01/2018,-4.3,59,4.4,1451,0.0,0.0,0.9,No Holiday,4,Winter,38
09/01/2018,-5.1,48,3.2,1821,0.0,0.0,0.9,No Holiday,5,Winter,52
09/01/2018,-5.6,52,3.7,1785,0.0,0.0,0.9,No Holiday,6,Winter,126
09/01/2018,-5.9,57,3.1,1686,0.0,0.0,0.8,No Holiday,7,Winter,245
09/01/2018,-6.0,64,3.2,1384,0.0,0.0,0.7,No Holiday,8,Winter,554
09/01/2018,-6.0,61,2.5,1547,0.13,0.0,0.6,No Holiday,9,Winter,320
09/01/2018,-4.8,57,3.0,1559,0.47,0.0,0.5,No Holiday,10,Winter,190
09/01/2018,-3.9,51,4.5,1746,0.73,0.0,0.5,No Holiday,11,Winter,247
09/01/2018,-2.7,45,2.4,1707,1.05,0.0,0.4,No Holiday,12,Winter,262
09/01/2018,-2.6,45,4.0,1663,1.11,0.0,0.3,No Holiday,13,Winter,265
09/01/2018,-1.8,45,3.7,1922,1.06,0.0,0.2,No Holiday,14,Winter,265
09/01/2018,-2.4,51,4.6,1458,0.46,0.0,0.0,No Holiday,15,Winter,257
09/01/2018,-2.4,56,3.3,1541,0.35,0.0,0.0,No Holiday,16,Winter,262
09/01/2018,-2.9,66,3.6,743,0.23,0.0,0.0,No Holiday,17,Winter,332
09/01/2018,-3.8,58,1.7,1996,0.01,0.0,0.0,No Holiday,18,Winter,558
09/01/2018,-4.5,57,0.6,2000,0.0,0.0,0.0,No Holiday,19,Winter,364
09/01/2018,-4.9,59,0.6,1992,0.0,0.0,0.0,No Holiday,20,Winter,302
09/01/2018,-4.8,59,0.9,2000,0.0,0.0,0.0,No Holiday,21,Winter,281
09/01/2018,-4.2,67,1.6,503,0.0,0.0,0.0,No Holiday,22,Winter,166
09/01/2018,-4.9,80,0.7,690,0.0,0.0,0.2,No Holiday,23,Winter,80
10/01/2018,-5.2,82,0.8,152,0.0,0.5,0.5,No Holiday,0,Winter,61
10/01/2018,-5.6,75,1.7,1982,0.0,0.0,0.8,No Holiday,1,Winter,78
10/01/2018,-5.7,72,1.2,1925,0.0,0.0,0.8,No Holiday,2,Winter,63
10/01/2018,-6.1,70,1.1,2000,0.0,0.3,0.8,No Holiday,3,Winter,40
10/01/2018,-6.6,72,2.2,2000,0.0,0.0,0.8,No Holiday,4,Winter,31
10/01/2018,-7.3,75,1.6,2000,0.0,0.0,0.8,No Holiday,5,Winter,39
10/01/2018,-7.7,74,1.1,2000,0.0,0.0,0.8,No Holiday,6,Winter,84
10/01/2018,-8.0,70,1.8,2000,0.0,0.0,0.7,No Holiday,7,Winter,158
10/01/2018,-7.9,67,2.6,1896,0.0,0.0,0.7,No Holiday,8,Winter,387
10/01/2018,-7.7,62,3.6,1637,0.13,0.0,0.7,No Holiday,9,Winter,225
10/01/2018,-6.9,53,3.2,1576,0.52,0.0,0.6,No Holiday,10,Winter,150
10/01/2018,-6.4,49,4.5,1759,0.86,0.0,0.5,No Holiday,11,Winter,168
10/01/2018,-5.6,44,4.5,1830,1.1,0.0,0.5,No Holiday,12,Winter,217
10/01/2018,-5.1,43,4.7,1901,1.18,0.0,0.4,No Holiday,13,Winter,207
10/01/2018,-5.3,37,5.3,2000,1.05,0.0,0.3,No Holiday,14,Winter,177
10/01/2018,-5.3,33,4.8,2000,0.99,0.0,0.3,No Holiday,15,Winter,193
10/01/2018,-5.4,30,3.9,2000,0.69,0.0,0.2,No Holiday,16,Winter,196
10/01/2018,-6.5,34,4.0,2000,0.31,0.0,0.0,No Holiday,17,Winter,266
10/01/2018,-7.8,32,4.5,2000,0.02,0.0,0.0,No Holiday,18,Winter,437
10/01/2018,-8.5,35,2.9,2000,0.0,0.0,0.0,No Holiday,19,Winter,259
10/01/2018,-8.9,41,2.3,2000,0.0,0.0,0.0,No Holiday,20,Winter,207
10/01/2018,-9.4,47,2.0,2000,0.0,0.0,0.0,No Holiday,21,Winter,214
10/01/2018,-9.7,51,2.8,2000,0.0,0.0,0.0,No Holiday,22,Winter,165
10/01/2018,-10.2,53,3.3,1997,0.0,0.0,0.0,No Holiday,23,Winter,139
11/01/2018,-10.3,54,2.4,1988,0.0,0.0,0.0,No Holiday,0,Winter,98
11/01/2018,-10.6,55,2.9,1987,0.0,0.0,0.0,No Holiday,1,Winter,100
11/01/2018,-10.9,57,2.7,1900,0.0,0.0,0.0,No Holiday,2,Winter,89
11/01/2018,-11.2,59,2.9,1872,0.0,0.0,0.0,No Holiday,3,Winter,38
11/01/2018,-11.5,57,2.3,1899,0.0,0.0,0.0,No Holiday,4,Winter,33
11/01/2018,-11.9,61,1.8,1759,0.0,0.0,0.0,No Holiday,5,Winter,42
11/01/2018,-12.0,61,2.3,1709,0.0,0.0,0.0,No Holiday,6,Winter,82
11/01/2018,-12.3,59,2.3,1738,0.0,0.0,0.0,No Holiday,7,Winter,203
11/01/2018,-12.6,61,1.6,1610,0.0,0.0,0.0,No Holiday,8,Winter,443
11/01/2018,-12.0,53,2.6,1781,0.16,0.0,0.0,No Holiday,9,Winter,227
11/01/2018,-11.1,46,3.7,1638,0.48,0.0,0.0,No Holiday,10,Winter,152
11/01/2018,-10.2,41,3.5,1629,0.84,0.0,0.0,No Holiday,11,Winter,146
11/01/2018,-8.6,40,2.6,1700,1.11,0.0,0.0,No Holiday,12,Winter,187
11/01/2018,-8.6,41,3.4,1593,1.2,0.0,0.0,No Holiday,13,Winter,178
11/01/2018,-7.4,38,3.3,1718,1.15,0.0,0.0,No Holiday,14,Winter,187
11/01/2018,-8.3,42,3.8,1745,0.93,0.0,0.0,No Holiday,15,Winter,181
11/01/2018,-8.2,39,2.8,1807,0.63,0.0,0.0,No Holiday,16,Winter,179
11/01/2018,-9.3,43,2.8,1900,0.28,0.0,0.0,No Holiday,17,Winter,219
11/01/2018,-10.4,43,2.3,1985,0.02,0.0,0.0,No Holiday,18,Winter,352
11/01/2018,-10.9,44,3.0,2000,0.0,0.0,0.0,No Holiday,19,Winter,251
11/01/2018,-11.6,49,1.8,1953,0.0,0.0,0.0,No Holiday,20,Winter,177
11/01/2018,-12.4,51,2.2,1992,0.0,0.0,0.0,No Holiday,21,Winter,162
11/01/2018,-12.9,52,2.8,2000,0.0,0.0,0.0,No Holiday,22,Winter,172
11/01/2018,-13.2,51,1.5,1972,0.0,0.0,0.0,No Holiday,23,Winter,119
12/01/2018,-13.6,49,1.6,2000,0.0,0.0,0.0,No Holiday,0,Winter,105
12/01/2018,-13.7,47,3.0,2000,0.0,0.0,0.0,No Holiday,1,Winter,99
12/01/2018,-13.8,43,2.6,2000,0.0,0.0,0.0,No Holiday,2,Winter,83
12/01/2018,-14.1,45,1.8,2000,0.0,0.0,0.0,No Holiday,3,Winter,42
12/01/2018,-14.3,45,2.0,2000,0.0,0.0,0.0,No Holiday,4,Winter,30
12/01/2018,-14.6,45,1.1,2000,0.0,0.0,0.0,No Holiday,5,Winter,35
12/01/2018,-14.9,45,2.3,2000,0.0,0.0,0.0,No Holiday,6,Winter,92
12/01/2018,-15.1,45,0.9,2000,0.0,0.0,0.0,No Holiday,7,Winter,189
12/01/2018,-15.1,44,1.2,2000,0.0,0.0,0.0,No Holiday,8,Winter,419
12/01/2018,-14.9,40,1.2,1999,0.16,0.0,0.0,No Holiday,9,Winter,196
12/01/2018,-13.0,37,2.2,1960,0.59,0.0,0.0,No Holiday,10,Winter,119
12/01/2018,-11.2,31,2.4,1944,0.94,0.0,0.0,No Holiday,11,Winter,140
12/01/2018,-9.6,27,2.0,1945,1.17,0.0,0.0,No Holiday,12,Winter,178
12/01/2018,-8.2,29,2.0,1920,1.19,0.0,0.0,No Holiday,13,Winter,177
12/01/2018,-7.2,28,2.3,1990,1.14,0.0,0.0,No Holiday,14,Winter,173
12/01/2018,-6.5,26,2.4,1987,0.96,0.0,0.0,No Holiday,15,Winter,177
12/01/2018,-5.8,21,1.1,2000,0.66,0.0,0.0,No Holiday,16,Winter,196
12/01/2018,-6.5,22,1.5,2000,0.28,0.0,0.0,No Holiday,17,Winter,259
12/01/2018,-7.5,28,2.0,2000,0.02,0.0,0.0,No Holiday,18,Winter,405
12/01/2018,-8.2,32,1.1,2000,0.0,0.0,0.0,No Holiday,19,Winter,273
12/01/2018,-7.9,31,1.4,2000,0.0,0.0,0.0,No Holiday,20,Winter,210
12/01/2018,-7.4,33,1.4,2000,0.0,0.0,0.0,No Holiday,21,Winter,184
12/01/2018,-6.9,39,1.6,2000,0.0,0.0,0.0,No Holiday,22,Winter,186
12/01/2018,-6.7,36,1.3,1821,0.0,0.0,0.0,No Holiday,23,Winter,144
13/01/2018,-6.6,39,1.6,1930,0.0,0.0,0.0,No Holiday,0,Winter,152
13/01/2018,-6.5,45,0.5,1964,0.0,0.0,0.0,No Holiday,1,Winter,168
13/01/2018,-6.4,40,0.9,2000,0.0,0.0,0.0,No Holiday,2,Winter,145
13/01/2018,-6.5,42,0.7,1996,0.0,0.0,0.0,No Holiday,3,Winter,77
13/01/2018,-6.4,46,0.8,1993,0.0,0.0,0.0,No Holiday,4,Winter,47
13/01/2018,-6.3,51,0.8,2000,0.0,0.0,0.0,No Holiday,5,Winter,40
13/01/2018,-6.4,59,0.6,887,0.0,0.0,0.0,No Holiday,6,Winter,42
13/01/2018,-6.5,68,0.6,571,0.0,0.0,0.0,No Holiday,7,Winter,43
13/01/2018,-6.5,72,0.8,670,0.0,0.0,0.2,No Holiday,8,Winter,67
13/01/2018,-6.3,76,0.6,330,0.05,0.2,0.4,No Holiday,9,Winter,102
13/01/2018,-5.5,72,0.7,1354,0.29,0.0,0.6,No Holiday,10,Winter,106
13/01/2018,-4.8,70,1.0,1244,0.21,0.0,0.6,No Holiday,11,Winter,133
13/01/2018,-3.7,66,1.1,1140,0.45,0.2,0.4,No Holiday,12,Winter,174
13/01/2018,-2.5,62,1.4,1087,0.66,0.0,0.0,No Holiday,13,Winter,212
13/01/2018,-1.8,62,0.7,936,0.55,0.0,0.0,No Holiday,14,Winter,215
13/01/2018,-1.5,62,0.9,957,0.28,0.0,0.0,No Holiday,15,Winter,251
13/01/2018,-1.2,63,0.9,876,0.19,0.0,0.0,No Holiday,16,Winter,249
13/01/2018,-1.4,68,1.0,761,0.11,0.0,0.0,No Holiday,17,Winter,277
13/01/2018,-2.6,73,1.0,684,0.01,0.0,0.0,No Holiday,18,Winter,223
13/01/2018,-3.3,76,0.8,633,0.0,0.0,0.0,No Holiday,19,Winter,167
13/01/2018,-3.9,78,1.1,596,0.0,0.0,0.0,No Holiday,20,Winter,158
13/01/2018,-4.1,79,0.7,522,0.0,0.0,0.0,No Holiday,21,Winter,156
13/01/2018,-4.3,81,0.4,435,0.0,0.0,0.0,No Holiday,22,Winter,168
13/01/2018,-4.4,81,0.7,420,0.0,0.0,0.0,No Holiday,23,Winter,131
14/01/2018,-4.4,81,0.7,414,0.0,0.0,0.0,No Holiday,0,Winter,149
14/01/2018,-3.7,79,0.9,438,0.0,0.0,0.0,No Holiday,1,Winter,150
14/01/2018,-3.5,78,1.0,444,0.0,0.0,0.0,No Holiday,2,Winter,111
14/01/2018,-3.6,78,1.6,471,0.0,0.0,0.0,No Holiday,3,Winter,79
14/01/2018,-4.0,79,1.2,453,0.0,0.0,0.0,No Holiday,4,Winter,48
14/01/2018,-4.2,79,1.2,442,0.0,0.0,0.0,No Holiday,5,Winter,29
14/01/2018,-4.3,79,1.1,433,0.0,0.0,0.0,No Holiday,6,Winter,49
14/01/2018,-4.4,80,1.4,411,0.0,0.0,0.0,No Holiday,7,Winter,59
14/01/2018,-3.8,79,0.8,412,0.0,0.0,0.0,No Holiday,8,Winter,81
14/01/2018,-3.4,77,1.6,432,0.12,0.0,0.0,No Holiday,9,Winter,118
14/01/2018,-2.1,72,1.7,489,0.34,0.0,0.0,No Holiday,10,Winter,134
14/01/2018,-0.5,64,0.7,537,0.49,0.0,0.0,No Holiday,11,Winter,174
14/01/2018,1.2,58,0.8,550,0.74,0.0,0.0,No Holiday,12,Winter,226
14/01/2018,3.0,52,1.4,568,0.9,0.0,0.0,No Holiday,13,Winter,272
14/01/2018,3.7,53,0.6,592,0.74,0.0,0.0,No Holiday,14,Winter,304
14/01/2018,4.6,50,0.9,824,0.62,0.0,0.0,No Holiday,15,Winter,353
14/01/2018,5.3,49,1.8,982,0.43,0.0,0.0,No Holiday,16,Winter,366
14/01/2018,4.5,51,1.1,1244,0.17,0.0,0.0,No Holiday,17,Winter,302
14/01/2018,4.1,53,1.3,1132,0.0,0.0,0.0,No Holiday,18,Winter,250
14/01/2018,3.9,54,1.1,1102,0.0,0.0,0.0,No Holiday,19,Winter,208
14/01/2018,3.5,55,1.0,1100,0.0,0.0,0.0,No Holiday,20,Winter,210
14/01/2018,3.1,58,0.4,936,0.0,0.0,0.0,No Holiday,21,Winter,213
14/01/2018,2.8,60,0.6,829,0.0,0.0,0.0,No Holiday,22,Winter,196
14/01/2018,2.7,60,0.6,794,0.0,0.0,0.0,No Holiday,23,Winter,144
15/01/2018,3.0,60,0.5,842,0.0,0.0,0.0,No Holiday,0,Winter,171
15/01/2018,3.0,62,0.9,835,0.0,0.0,0.0,No Holiday,1,Winter,122
15/01/2018,3.6,65,0.9,959,0.0,0.0,0.0,No Holiday,2,Winter,74
15/01/2018,4.4,70,1.7,928,0.0,0.0,0.0,No Holiday,3,Winter,58
15/01/2018,4.9,73,1.8,881,0.0,0.0,0.0,No Holiday,4,Winter,38
15/01/2018,5.0,76,1.9,808,0.0,0.0,0.0,No Holiday,5,Winter,55
15/01/2018,4.9,83,3.0,582,0.0,0.0,0.0,No Holiday,6,Winter,82
15/01/2018,4.4,87,1.0,357,0.0,0.0,0.0,No Holiday,7,Winter,209
15/01/2018,4.1,85,1.1,470,0.0,0.0,0.0,No Holiday,8,Winter,444
15/01/2018,3.9,86,1.7,399,0.11,0.2,0.0,No Holiday,9,Winter,303
15/01/2018,4.2,82,2.2,560,0.22,0.0,0.0,No Holiday,10,Winter,212
15/01/2018,4.7,75,2.3,533,0.54,0.0,0.0,No Holiday,11,Winter,254
15/01/2018,6.2,64,1.9,549,0.79,0.0,0.0,No Holiday,12,Winter,311
15/01/2018,6.1,61,2.3,534,0.91,0.0,0.0,No Holiday,13,Winter,309
15/01/2018,7.1,52,2.1,646,0.76,0.0,0.0,No Holiday,14,Winter,306
15/01/2018,7.4,38,1.7,817,0.63,0.0,0.0,No Holiday,15,Winter,349
15/01/2018,7.5,37,0.9,813,0.48,0.0,0.0,No Holiday,16,Winter,365
15/01/2018,6.5,40,0.8,804,0.23,0.0,0.0,No Holiday,17,Winter,455
15/01/2018,5.2,44,1.3,647,0.0,0.0,0.0,No Holiday,18,Winter,555
15/01/2018,4.4,53,1.2,538,0.0,0.0,0.0,No Holiday,19,Winter,444
15/01/2018,3.7,58,1.3,474,0.0,0.0,0.0,No Holiday,20,Winter,321
15/01/2018,3.4,59,0.8,471,0.0,0.0,0.0,No Holiday,21,Winter,334
15/01/2018,3.0,61,1.6,460,0.0,0.0,0.0,No Holiday,22,Winter,333
15/01/2018,2.4,63,0.6,443,0.0,0.0,0.0,No Holiday,23,Winter,230
16/01/2018,1.8,67,1.2,387,0.0,0.0,0.0,No Holiday,0,Winter,212
16/01/2018,1.2,64,0.7,455,0.0,0.0,0.0,No Holiday,1,Winter,207
16/01/2018,0.5,72,0.7,385,0.0,0.0,0.0,No Holiday,2,Winter,141
16/01/2018,0.3,70,0.6,438,0.0,0.0,0.0,No Holiday,3,Winter,81
16/01/2018,0.8,65,0.7,502,0.0,0.0,0.0,No Holiday,4,Winter,51
16/01/2018,1.1,64,0.5,505,0.0,0.0,0.0,No Holiday,5,Winter,58
16/01/2018,1.2,69,0.6,436,0.0,0.0,0.0,No Holiday,6,Winter,140
16/01/2018,1.1,69,0.6,418,0.0,0.0,0.0,No Holiday,7,Winter,318
16/01/2018,1.2,68,0.6,411,0.0,0.0,0.0,No Holiday,8,Winter,650
16/01/2018,1.9,65,0.8,402,0.06,0.0,0.0,No Holiday,9,Winter,376
16/01/2018,2.7,60,0.5,392,0.18,0.0,0.0,No Holiday,10,Winter,221
16/01/2018,3.9,57,0.8,363,0.28,0.0,0.0,No Holiday,11,Winter,256
16/01/2018,5.2,52,1.2,349,0.45,0.0,0.0,No Holiday,12,Winter,276
16/01/2018,5.8,47,0.8,382,0.53,0.0,0.0,No Holiday,13,Winter,296
16/01/2018,6.5,43,0.8,468,0.52,0.0,0.0,No Holiday,14,Winter,276
16/01/2018,6.3,40,0.3,498,0.19,0.0,0.0,No Holiday,15,Winter,250
16/01/2018,5.8,50,0.9,547,0.11,0.0,0.0,No Holiday,16,Winter,277
16/01/2018,5.2,58,0.8,462,0.08,0.0,0.0,No Holiday,17,Winter,381
16/01/2018,4.9,59,1.4,427,0.0,0.0,0.0,No Holiday,18,Winter,592
16/01/2018,4.6,57,1.0,432,0.0,0.0,0.0,No Holiday,19,Winter,409
16/01/2018,4.5,58,0.8,383,0.0,0.0,0.0,No Holiday,20,Winter,332
16/01/2018,4.3,56,0.7,434,0.0,0.0,0.0,No Holiday,21,Winter,342
16/01/2018,4.0,57,0.3,430,0.0,0.0,0.0,No Holiday,22,Winter,321
16/01/2018,3.9,60,0.9,379,0.0,0.0,0.0,No Holiday,23,Winter,242
17/01/2018,3.5,62,0.4,382,0.0,0.0,0.0,No Holiday,0,Winter,204
17/01/2018,3.3,64,0.4,339,0.0,0.0,0.0,No Holiday,1,Winter,183
17/01/2018,3.1,65,0.8,310,0.0,0.0,0.0,No Holiday,2,Winter,140
17/01/2018,3.0,67,0.8,297,0.0,0.0,0.0,No Holiday,3,Winter,75
17/01/2018,3.0,68,0.5,322,0.0,0.0,0.0,No Holiday,4,Winter,55
17/01/2018,2.9,66,0.8,325,0.0,0.0,0.0,No Holiday,5,Winter,72
17/01/2018,2.7,71,1.1,270,0.0,0.0,0.0,No Holiday,6,Winter,115
17/01/2018,2.5,71,0.9,289,0.0,0.0,0.0,No Holiday,7,Winter,272
17/01/2018,2.6,70,0.6,296,0.0,0.0,0.0,No Holiday,8,Winter,537
17/01/2018,3.0,66,0.7,306,0.12,0.0,0.0,No Holiday,9,Winter,337
17/01/2018,4.3,58,0.5,401,0.23,0.0,0.0,No Holiday,10,Winter,212
17/01/2018,6.0,51,1.0,436,0.55,0.0,0.0,No Holiday,11,Winter,270
17/01/2018,8.1,51,1.4,367,0.75,0.0,0.0,No Holiday,12,Winter,310
17/01/2018,8.0,54,1.8,435,0.57,0.0,0.0,No Holiday,13,Winter,273
17/01/2018,7.7,54,2.6,313,0.58,0.0,0.0,No Holiday,14,Winter,258
17/01/2018,8.5,49,1.3,400,0.73,0.0,0.0,No Holiday,15,Winter,278
17/01/2018,8.3,54,1.2,330,0.44,0.0,0.0,No Holiday,16,Winter,314
17/01/2018,7.2,57,3.3,342,0.19,0.0,0.0,No Holiday,17,Winter,380
17/01/2018,5.2,62,2.9,503,0.01,0.0,0.0,No Holiday,18,Winter,501
17/01/2018,4.2,68,2.4,446,0.0,0.0,0.0,No Holiday,19,Winter,360
17/01/2018,3.5,72,1.7,361,0.0,0.0,0.0,No Holiday,20,Winter,286
17/01/2018,3.1,74,1.1,333,0.0,0.0,0.0,No Holiday,21,Winter,320
17/01/2018,2.8,74,0.5,309,0.0,0.0,0.0,No Holiday,22,Winter,313
17/01/2018,2.7,74,0.8,291,0.0,0.0,0.0,No Holiday,23,Winter,227
18/01/2018,2.7,73,1.0,290,0.0,0.0,0.0,No Holiday,0,Winter,215
18/01/2018,3.2,72,1.9,306,0.0,0.0,0.0,No Holiday,1,Winter,190
18/01/2018,3.3,73,1.2,288,0.0,0.0,0.0,No Holiday,2,Winter,137
18/01/2018,3.6,74,1.7,273,0.0,0.0,0.0,No Holiday,3,Winter,95
18/01/2018,3.3,80,2.1,232,0.0,0.0,0.0,No Holiday,4,Winter,50
18/01/2018,2.6,82,2.0,229,0.0,0.0,0.0,No Holiday,5,Winter,68
18/01/2018,2.2,82,2.0,211,0.0,0.0,0.0,No Holiday,6,Winter,107
18/01/2018,1.5,86,1.1,189,0.0,0.0,0.0,No Holiday,7,Winter,279
18/01/2018,1.1,86,1.2,197,0.0,0.0,0.0,No Holiday,8,Winter,537
18/01/2018,1.2,84,2.1,210,0.07,0.0,0.0,No Holiday,9,Winter,305
18/01/2018,1.4,81,2.1,255,0.21,0.0,0.0,No Holiday,10,Winter,188
18/01/2018,1.8,75,1.8,301,0.35,0.0,0.0,No Holiday,11,Winter,261
18/01/2018,2.5,72,2.4,256,0.0,0.0,0.0,No Holiday,12,Winter,267
18/01/2018,3.5,54,3.2,463,0.68,0.0,0.0,No Holiday,13,Winter,307
18/01/2018,4.4,42,2.3,719,0.72,0.0,0.0,No Holiday,14,Winter,301
18/01/2018,4.2,36,2.3,957,0.57,0.0,0.0,No Holiday,15,Winter,269
18/01/2018,3.6,42,2.4,883,0.29,0.0,0.0,No Holiday,16,Winter,328
18/01/2018,2.8,46,2.1,858,0.14,0.0,0.0,No Holiday,17,Winter,416
18/01/2018,2.0,39,2.1,1259,0.01,0.0,0.0,No Holiday,18,Winter,506
18/01/2018,1.5,41,1.0,1210,0.0,0.0,0.0,No Holiday,19,Winter,365
18/01/2018,1.1,44,1.2,1171,0.0,0.0,0.0,No Holiday,20,Winter,303
18/01/2018,0.8,45,1.5,1184,0.0,0.0,0.0,No Holiday,21,Winter,339
18/01/2018,0.7,45,2.0,1084,0.0,0.0,0.0,No Holiday,22,Winter,318
18/01/2018,0.6,47,2.3,1046,0.0,0.0,0.0,No Holiday,23,Winter,232
19/01/2018,0.3,45,1.8,1154,0.0,0.0,0.0,No Holiday,0,Winter,211
19/01/2018,0.0,43,1.7,1250,0.0,0.0,0.0,No Holiday,1,Winter,207
19/01/2018,-0.3,44,1.7,1295,0.0,0.0,0.0,No Holiday,2,Winter,140
19/01/2018,-0.6,43,1.7,1316,0.0,0.0,0.0,No Holiday,3,Winter,93
19/01/2018,-0.7,45,1.4,1241,0.0,0.0,0.0,No Holiday,4,Winter,58
19/01/2018,-1.4,47,1.4,1301,0.0,0.0,0.0,No Holiday,5,Winter,61
19/01/2018,-1.8,49,1.4,1359,0.0,0.0,0.0,No Holiday,6,Winter,151
19/01/2018,-2.0,49,1.9,1281,0.0,0.0,0.0,No Holiday,7,Winter,334
19/01/2018,-2.5,50,1.0,1281,0.0,0.0,0.0,No Holiday,8,Winter,648
19/01/2018,-2.1,42,1.3,1519,0.17,0.0,0.0,No Holiday,9,Winter,387
19/01/2018,0.0,29,1.3,1592,0.52,0.0,0.0,No Holiday,10,Winter,255
19/01/2018,2.2,20,0.6,1794,0.83,0.0,0.0,No Holiday,11,Winter,283
19/01/2018,4.3,28,1.5,1858,0.98,0.0,0.0,No Holiday,12,Winter,341
19/01/2018,4.7,26,2.6,1370,1.11,0.0,0.0,No Holiday,13,Winter,341
19/01/2018,4.7,24,3.6,1552,1.08,0.0,0.0,No Holiday,14,Winter,349
19/01/2018,5.4,25,2.4,1686,0.9,0.0,0.0,No Holiday,15,Winter,381
19/01/2018,4.9,27,2.8,1648,0.65,0.0,0.0,No Holiday,16,Winter,390
19/01/2018,4.1,34,3.1,1810,0.28,0.0,0.0,No Holiday,17,Winter,468
19/01/2018,2.9,45,1.6,1629,0.04,0.0,0.0,No Holiday,18,Winter,702
19/01/2018,2.0,48,1.8,1519,0.0,0.0,0.0,No Holiday,19,Winter,471
19/01/2018,1.2,51,0.6,1544,0.0,0.0,0.0,No Holiday,20,Winter,342
19/01/2018,0.5,52,0.8,1595,0.0,0.0,0.0,No Holiday,21,Winter,331
19/01/2018,0.0,56,0.8,1544,0.0,0.0,0.0,No Holiday,22,Winter,292
19/01/2018,-0.5,59,0.9,1487,0.0,0.0,0.0,No Holiday,23,Winter,236
20/01/2018,-0.6,60,0.6,1433,0.0,0.0,0.0,No Holiday,0,Winter,228
20/01/2018,-0.9,64,0.4,1273,0.0,0.0,0.0,No Holiday,1,Winter,258
20/01/2018,-0.9,65,0.6,1369,0.0,0.0,0.0,No Holiday,2,Winter,216
20/01/2018,-0.9,65,0.2,1359,0.0,0.0,0.0,No Holiday,3,Winter,118
20/01/2018,-0.7,65,0.6,1226,0.0,0.0,0.0,No Holiday,4,Winter,89
20/01/2018,-0.3,62,0.6,862,0.0,0.0,0.0,No Holiday,5,Winter,56
20/01/2018,-0.1,60,0.4,1080,0.0,0.0,0.0,No Holiday,6,Winter,50
20/01/2018,0.2,60,0.3,1145,0.0,0.0,0.0,No Holiday,7,Winter,101
20/01/2018,0.3,63,0.4,1140,0.0,0.0,0.0,No Holiday,8,Winter,191
20/01/2018,0.9,63,0.9,1090,0.07,0.0,0.0,No Holiday,9,Winter,234
20/01/2018,2.1,60,1.2,1005,0.3,0.0,0.0,No Holiday,10,Winter,259
20/01/2018,3.7,59,1.8,978,0.51,0.0,0.0,No Holiday,11,Winter,285
20/01/2018,5.3,55,2.6,904,0.85,0.0,0.0,No Holiday,12,Winter,325
20/01/2018,6.3,55,3.0,792,0.85,0.0,0.0,No Holiday,13,Winter,356
20/01/2018,5.9,61,3.2,623,0.52,0.0,0.0,No Holiday,14,Winter,334
20/01/2018,6.3,55,3.0,355,0.68,0.0,0.0,No Holiday,15,Winter,406
20/01/2018,6.6,42,3.0,355,0.48,0.0,0.0,No Holiday,16,Winter,352
20/01/2018,5.7,53,1.8,276,0.22,0.0,0.0,No Holiday,17,Winter,377
20/01/2018,4.6,55,3.2,232,0.03,0.0,0.0,No Holiday,18,Winter,283
20/01/2018,3.5,66,1.7,187,0.0,0.0,0.0,No Holiday,19,Winter,223
20/01/2018,2.9,66,1.2,173,0.0,0.0,0.0,No Holiday,20,Winter,219
20/01/2018,2.1,48,2.8,346,0.0,0.0,0.0,No Holiday,21,Winter,220
20/01/2018,1.5,48,2.4,422,0.0,0.0,0.0,No Holiday,22,Winter,232
20/01/2018,0.8,53,1.7,382,0.0,0.0,0.0,No Holiday,23,Winter,164
21/01/2018,-0.3,60,1.9,340,0.0,0.0,0.0,No Holiday,0,Winter,196
21/01/2018,-0.8,58,0.4,400,0.0,0.0,0.0,No Holiday,1,Winter,177
21/01/2018,-1.5,63,1.0,380,0.0,0.0,0.0,No Holiday,2,Winter,107
21/01/2018,-2.0,60,0.5,474,0.0,0.0,0.0,No Holiday,3,Winter,107
21/01/2018,-2.3,47,0.7,984,0.0,0.0,0.0,No Holiday,4,Winter,73
21/01/2018,-2.6,49,1.1,1065,0.0,0.0,0.0,No Holiday,5,Winter,32
21/01/2018,-3.1,54,1.4,1037,0.0,0.0,0.0,No Holiday,6,Winter,36
21/01/2018,-3.2,54,1.2,1113,0.0,0.0,0.0,No Holiday,7,Winter,61
21/01/2018,-3.6,53,0.5,1227,0.0,0.0,0.0,No Holiday,8,Winter,115
21/01/2018,-3.2,46,0.8,1091,0.15,0.0,0.0,No Holiday,9,Winter,152
21/01/2018,-1.3,37,0.8,1070,0.47,0.0,0.0,No Holiday,10,Winter,189
21/01/2018,1.9,25,1.0,1493,0.78,0.0,0.0,No Holiday,11,Winter,216
21/01/2018,3.9,30,1.6,1085,0.91,0.0,0.0,No Holiday,12,Winter,271
21/01/2018,4.9,22,2.0,1446,1.0,0.0,0.0,No Holiday,13,Winter,343
21/01/2018,5.4,18,1.2,1923,0.96,0.0,0.0,No Holiday,14,Winter,340
21/01/2018,5.4,20,2.2,1890,0.8,0.0,0.0,No Holiday,15,Winter,389
21/01/2018,4.7,17,2.1,2000,0.55,0.0,0.0,No Holiday,16,Winter,396
21/01/2018,3.8,20,1.3,2000,0.24,0.0,0.0,No Holiday,17,Winter,383
21/01/2018,2.5,24,2.0,2000,0.02,0.0,0.0,No Holiday,18,Winter,295
21/01/2018,1.3,25,1.3,2000,0.0,0.0,0.0,No Holiday,19,Winter,223
21/01/2018,0.3,27,0.4,2000,0.0,0.0,0.0,No Holiday,20,Winter,258
21/01/2018,-0.1,29,0.5,2000,0.0,0.0,0.0,No Holiday,21,Winter,237
21/01/2018,-0.3,32,0.7,2000,0.0,0.0,0.0,No Holiday,22,Winter,207
21/01/2018,-0.4,32,0.6,2000,0.0,0.0,0.0,No Holiday,23,Winter,170
22/01/2018,-0.2,30,0.4,2000,0.0,0.0,0.0,No Holiday,0,Winter,171
22/01/2018,-0.2,32,0.7,2000,0.0,0.0,0.0,No Holiday,1,Winter,97
22/01/2018,-0.2,33,1.4,2000,0.0,0.0,0.0,No Holiday,2,Winter,73
22/01/2018,-0.3,31,0.3,2000,0.0,0.0,0.0,No Holiday,3,Winter,53
22/01/2018,0.0,32,0.4,2000,0.0,0.0,0.0,No Holiday,4,Winter,31
22/01/2018,0.0,32,0.7,2000,0.0,0.0,0.0,No Holiday,5,Winter,60
22/01/2018,0.0,33,0.4,2000,0.0,0.0,0.0,No Holiday,6,Winter,165
22/01/2018,-0.4,34,1.0,1989,0.0,0.0,0.0,No Holiday,7,Winter,316
22/01/2018,-0.7,32,0.5,1991,0.0,0.0,0.0,No Holiday,8,Winter,683
22/01/2018,0.1,33,0.8,1901,0.06,0.0,0.0,No Holiday,9,Winter,365
22/01/2018,1.1,31,0.7,1898,0.25,0.0,0.0,No Holiday,10,Winter,221
22/01/2018,2.4,27,0.9,1796,0.47,0.0,0.0,No Holiday,11,Winter,277
22/01/2018,3.9,28,0.9,1383,0.6,0.0,0.0,No Holiday,12,Winter,323
22/01/2018,3.9,33,0.6,1249,0.19,0.0,0.0,No Holiday,13,Winter,281
22/01/2018,3.3,73,0.4,744,0.11,0.0,0.0,No Holiday,14,Winter,249
22/01/2018,3.6,69,1.8,655,0.17,0.0,0.0,No Holiday,15,Winter,63
22/01/2018,2.0,87,1.9,140,0.03,0.0,0.0,No Holiday,16,Winter,18
22/01/2018,1.3,93,1.2,81,0.03,0.0,0.2,No Holiday,17,Winter,43
22/01/2018,1.1,96,3.0,187,0.0,3.3,1.0,No Holiday,18,Winter,170
22/01/2018,-0.1,88,3.2,582,0.0,0.0,1.0,No Holiday,19,Winter,167
22/01/2018,-0.8,85,2.9,836,0.0,0.0,1.0,No Holiday,20,Winter,181
22/01/2018,-1.8,85,2.9,590,0.0,0.0,1.0,No Holiday,21,Winter,187
22/01/2018,-3.2,81,3.9,492,0.0,0.0,1.0,No Holiday,22,Winter,170
22/01/2018,-4.2,79,2.9,554,0.0,0.0,1.0,No Holiday,23,Winter,139
23/01/2018,-5.3,77,3.8,894,0.0,0.0,1.0,No Holiday,0,Winter,96
23/01/2018,-6.0,76,3.1,1178,0.0,0.0,1.0,No Holiday,1,Winter,120
23/01/2018,-7.5,65,3.9,2000,0.0,0.0,1.0,No Holiday,2,Winter,75
23/01/2018,-8.6,68,3.3,2000,0.0,0.0,1.0,No Holiday,3,Winter,55
23/01/2018,-9.5,49,4.3,2000,0.0,0.0,1.0,No Holiday,4,Winter,45
23/01/2018,-10.5,46,3.0,2000,0.0,0.0,1.0,No Holiday,5,Winter,44
23/01/2018,-11.5,47,3.2,2000,0.0,0.0,1.0,No Holiday,6,Winter,84
23/01/2018,-12.5,41,4.5,2000,0.0,0.0,1.0,No Holiday,7,Winter,211
23/01/2018,-13.0,41,4.0,2000,0.0,0.0,1.0,No Holiday,8,Winter,423
23/01/2018,-13.3,36,3.5,2000,0.19,0.0,1.0,No Holiday,9,Winter,228
23/01/2018,-12.1,34,3.5,1968,0.62,0.0,1.0,No Holiday,10,Winter,132
23/01/2018,-11.7,27,4.0,1935,0.94,0.0,1.0,No Holiday,11,Winter,184
23/01/2018,-11.3,27,3.7,1955,1.18,0.0,1.0,No Holiday,12,Winter,180
23/01/2018,-11.0,27,4.0,1959,1.26,0.0,1.0,No Holiday,13,Winter,189
23/01/2018,-10.4,30,4.3,2000,1.22,0.0,1.0,No Holiday,14,Winter,169
23/01/2018,-9.7,32,3.6,2000,1.04,0.0,1.0,No Holiday,15,Winter,181
23/01/2018,-10.1,34,4.3,2000,0.74,0.0,1.0,No Holiday,16,Winter,181
23/01/2018,-10.6,38,3.5,2000,0.38,0.0,0.9,No Holiday,17,Winter,239
23/01/2018,-11.5,43,2.4,2000,0.05,0.0,0.9,No Holiday,18,Winter,351
23/01/2018,-12.0,47,3.2,2000,0.0,0.0,0.9,No Holiday,19,Winter,248
23/01/2018,-12.5,52,3.0,2000,0.0,0.0,0.9,No Holiday,20,Winter,178
23/01/2018,-13.2,49,4.1,2000,0.0,0.0,0.9,No Holiday,21,Winter,145
23/01/2018,-13.9,45,4.0,2000,0.0,0.0,0.9,No Holiday,22,Winter,117
23/01/2018,-14.3,38,4.0,2000,0.0,0.0,0.9,No Holiday,23,Winter,106
24/01/2018,-14.6,34,3.9,2000,0.0,0.0,0.9,No Holiday,0,Winter,90
24/01/2018,-15.0,31,2.5,2000,0.0,0.0,0.9,No Holiday,1,Winter,89
24/01/2018,-15.2,32,3.1,2000,0.0,0.0,0.9,No Holiday,2,Winter,50
24/01/2018,-15.2,30,3.4,2000,0.0,0.0,0.9,No Holiday,3,Winter,32
24/01/2018,-15.4,30,2.5,2000,0.0,0.0,0.9,No Holiday,4,Winter,24
24/01/2018,-15.6,29,3.7,2000,0.0,0.0,0.9,No Holiday,5,Winter,34
24/01/2018,-15.7,29,2.5,2000,0.0,0.0,0.9,No Holiday,6,Winter,71
24/01/2018,-15.9,30,3.0,2000,0.0,0.0,0.9,No Holiday,7,Winter,164
24/01/2018,-16.2,30,1.6,2000,0.0,0.0,0.9,No Holiday,8,Winter,364
24/01/2018,-15.8,27,3.4,2000,0.2,0.0,0.9,No Holiday,9,Winter,192
24/01/2018,-14.5,24,4.6,1902,0.61,0.0,0.9,No Holiday,10,Winter,90
24/01/2018,-13.1,25,3.8,1964,0.96,0.0,0.9,No Holiday,11,Winter,124
24/01/2018,-12.2,26,4.0,2000,1.17,0.0,0.9,No Holiday,12,Winter,121
24/01/2018,-12.0,25,6.0,1887,1.27,0.0,0.9,No Holiday,13,Winter,140
24/01/2018,-11.1,26,3.8,1980,1.25,0.0,0.8,No Holiday,14,Winter,125
24/01/2018,-10.8,29,3.8,2000,1.06,0.0,0.7,No Holiday,15,Winter,149
24/01/2018,-11.2,30,4.7,2000,0.77,0.0,0.7,No Holiday,16,Winter,124
24/01/2018,-11.8,26,3.5,2000,0.39,0.0,0.7,No Holiday,17,Winter,203
24/01/2018,-13.0,29,3.4,2000,0.05,0.0,0.7,No Holiday,18,Winter,297
24/01/2018,-13.8,32,2.2,2000,0.0,0.0,0.7,No Holiday,19,Winter,211
24/01/2018,-14.3,37,1.3,2000,0.0,0.0,0.7,No Holiday,20,Winter,125
24/01/2018,-14.7,40,3.2,1933,0.0,0.0,0.7,No Holiday,21,Winter,132
24/01/2018,-15.2,45,4.0,2000,0.0,0.0,0.7,No Holiday,22,Winter,121
24/01/2018,-15.7,43,3.6,2000,0.0,0.0,0.7,No Holiday,23,Winter,82
25/01/2018,-15.9,43,3.8,2000,0.0,0.0,0.7,No Holiday,0,Winter,78
25/01/2018,-16.1,42,2.2,2000,0.0,0.0,0.7,No Holiday,1,Winter,68
25/01/2018,-16.0,42,1.3,2000,0.0,0.0,0.7,No Holiday,2,Winter,60
25/01/2018,-16.0,40,1.9,2000,0.0,0.0,0.7,No Holiday,3,Winter,32
25/01/2018,-15.9,37,2.4,1985,0.0,0.0,0.7,No Holiday,4,Winter,22
25/01/2018,-15.8,37,2.7,2000,0.0,0.0,0.7,No Holiday,5,Winter,34
25/01/2018,-16.1,33,3.0,2000,0.0,0.0,0.7,No Holiday,6,Winter,71
25/01/2018,-16.2,33,2.2,2000,0.0,0.0,0.7,No Holiday,7,Winter,165
25/01/2018,-16.4,32,3.3,2000,0.01,0.0,0.6,No Holiday,8,Winter,349
25/01/2018,-16.2,33,2.9,2000,0.19,0.0,0.6,No Holiday,9,Winter,187
25/01/2018,-15.3,33,2.4,2000,0.56,0.0,0.6,No Holiday,10,Winter,105
25/01/2018,-13.8,25,3.5,1996,0.91,0.0,0.6,No Holiday,11,Winter,122
25/01/2018,-12.8,25,3.2,1981,1.16,0.0,0.6,No Holiday,12,Winter,142
25/01/2018,-11.4,27,3.9,2000,1.26,0.0,0.6,No Holiday,13,Winter,130
25/01/2018,-10.4,25,2.3,1981,1.21,0.0,0.5,No Holiday,14,Winter,160
25/01/2018,-9.7,28,3.7,2000,1.0,0.0,0.5,No Holiday,15,Winter,130
25/01/2018,-9.6,31,2.6,1973,0.66,0.0,0.5,No Holiday,16,Winter,152
25/01/2018,-10.9,32,4.0,2000,0.28,0.0,0.5,No Holiday,17,Winter,170
25/01/2018,-11.8,33,4.0,2000,0.04,0.0,0.5,No Holiday,18,Winter,288
25/01/2018,-12.7,33,3.7,2000,0.0,0.0,0.5,No Holiday,19,Winter,178
25/01/2018,-13.5,33,2.4,2000,0.0,0.0,0.5,No Holiday,20,Winter,141
25/01/2018,-14.1,35,2.2,2000,0.0,0.0,0.5,No Holiday,21,Winter,137
25/01/2018,-14.6,35,2.5,2000,0.0,0.0,0.5,No Holiday,22,Winter,113
25/01/2018,-14.9,35,2.8,2000,0.0,0.0,0.5,No Holiday,23,Winter,79
26/01/2018,-15.1,34,1.7,2000,0.0,0.0,0.5,No Holiday,0,Winter,68
26/01/2018,-15.3,34,1.7,2000,0.0,0.0,0.5,No Holiday,1,Winter,93
26/01/2018,-15.6,33,2.2,2000,0.0,0.0,0.5,No Holiday,2,Winter,54
26/01/2018,-15.9,34,2.9,2000,0.0,0.0,0.5,No Holiday,3,Winter,41
26/01/2018,-16.4,36,1.5,2000,0.0,0.0,0.5,No Holiday,4,Winter,24
26/01/2018,-16.9,38,2.3,2000,0.0,0.0,0.5,No Holiday,5,Winter,36
26/01/2018,-17.4,40,1.6,2000,0.0,0.0,0.5,No Holiday,6,Winter,64
26/01/2018,-17.5,38,3.4,2000,0.0,0.0,0.5,No Holiday,7,Winter,142
26/01/2018,-17.8,40,2.5,2000,0.0,0.0,0.5,No Holiday,8,Winter,322
26/01/2018,-17.5,37,3.8,1941,0.21,0.0,0.5,No Holiday,9,Winter,149
26/01/2018,-16.5,33,3.4,1703,0.62,0.0,0.5,No Holiday,10,Winter,96
26/01/2018,-15.6,31,3.3,1808,0.93,0.0,0.5,No Holiday,11,Winter,93
26/01/2018,-14.4,30,2.7,1906,1.17,0.0,0.5,No Holiday,12,Winter,111
26/01/2018,-13.3,28,2.7,1889,1.26,0.0,0.5,No Holiday,13,Winter,115
26/01/2018,-12.1,27,2.5,1879,1.25,0.0,0.4,No Holiday,14,Winter,116
26/01/2018,-11.4,27,3.3,1805,0.0,0.0,0.4,No Holiday,15,Winter,140
26/01/2018,-10.8,28,2.7,1778,0.77,0.0,0.4,No Holiday,16,Winter,147
26/01/2018,-11.5,31,3.3,1745,0.41,0.0,0.3,No Holiday,17,Winter,196
26/01/2018,-12.7,33,2.5,1835,0.05,0.0,0.3,No Holiday,18,Winter,305
26/01/2018,-13.2,33,2.4,1863,0.0,0.0,0.3,No Holiday,19,Winter,171
26/01/2018,-13.7,35,1.7,1878,0.0,0.0,0.3,No Holiday,20,Winter,121
26/01/2018,-14.1,36,1.8,1869,0.0,0.0,0.3,No Holiday,21,Winter,130
26/01/2018,-14.6,40,1.8,1746,0.0,0.0,0.3,No Holiday,22,Winter,108
26/01/2018,-14.4,38,2.7,1738,0.0,0.0,0.3,No Holiday,23,Winter,89
27/01/2018,-15.0,42,1.2,1766,0.0,0.0,0.3,No Holiday,0,Winter,80
27/01/2018,-15.1,43,0.8,1905,0.0,0.0,0.3,No Holiday,1,Winter,94
27/01/2018,-15.3,43,0.6,1867,0.0,0.0,0.3,No Holiday,2,Winter,75
27/01/2018,-15.3,43,0.8,1963,0.0,0.0,0.3,No Holiday,3,Winter,41
27/01/2018,-15.3,47,0.8,1868,0.0,0.0,0.3,No Holiday,4,Winter,36
27/01/2018,-15.4,45,0.8,2000,0.0,0.0,0.3,No Holiday,5,Winter,25
27/01/2018,-15.3,47,0.7,1921,0.0,0.0,0.3,No Holiday,6,Winter,33
27/01/2018,-15.7,53,1.3,1629,0.0,0.0,0.3,No Holiday,7,Winter,57
27/01/2018,-15.9,58,0.9,1369,0.0,0.0,0.3,No Holiday,8,Winter,84
27/01/2018,-15.1,49,1.1,1401,0.2,0.0,0.3,No Holiday,9,Winter,105
27/01/2018,-12.3,35,0.6,1497,0.6,0.0,0.3,No Holiday,10,Winter,96
27/01/2018,-9.6,33,1.1,1748,0.9,0.0,0.3,No Holiday,11,Winter,125
27/01/2018,-7.7,32,2.5,1763,1.13,0.0,0.3,No Holiday,12,Winter,145
27/01/2018,-6.6,27,2.1,1889,1.24,0.0,0.3,No Holiday,13,Winter,189
27/01/2018,-4.1,25,2.0,1730,1.2,0.0,0.2,No Holiday,14,Winter,193
27/01/2018,-3.7,26,2.2,1739,1.04,0.0,0.0,No Holiday,15,Winter,192
27/01/2018,-3.7,25,2.6,1839,0.74,0.0,0.0,No Holiday,16,Winter,195
27/01/2018,-4.6,26,1.9,2000,0.39,0.0,0.0,No Holiday,17,Winter,207
27/01/2018,-6.6,31,3.0,1988,0.06,0.0,0.0,No Holiday,18,Winter,162
27/01/2018,-7.1,33,2.0,1887,0.0,0.0,0.0,No Holiday,19,Winter,122
27/01/2018,-7.6,36,1.7,1858,0.0,0.0,0.0,No Holiday,20,Winter,117
27/01/2018,-7.9,35,2.6,1878,0.0,0.0,0.0,No Holiday,21,Winter,103
27/01/2018,-7.8,43,2.3,1804,0.0,0.0,0.0,No Holiday,22,Winter,114
27/01/2018,-7.6,42,1.2,1760,0.0,0.0,0.0,No Holiday,23,Winter,103
28/01/2018,-7.5,36,2.3,1972,0.0,0.0,0.0,No Holiday,0,Winter,125
28/01/2018,-7.5,45,2.4,1853,0.0,0.0,0.0,No Holiday,1,Winter,103
28/01/2018,-7.8,51,1.9,1627,0.0,0.0,0.0,No Holiday,2,Winter,72
28/01/2018,-7.7,49,1.8,1573,0.0,0.0,0.0,No Holiday,3,Winter,67
28/01/2018,-7.6,37,1.6,1966,0.0,0.0,0.0,No Holiday,4,Winter,38
28/01/2018,-7.5,33,1.5,2000,0.0,0.0,0.0,No Holiday,5,Winter,21
28/01/2018,-7.8,35,1.9,2000,0.0,0.0,0.0,No Holiday,6,Winter,30
28/01/2018,-8.0,39,1.9,2000,0.0,0.0,0.0,No Holiday,7,Winter,42
28/01/2018,-8.1,43,1.7,1943,0.0,0.0,0.0,No Holiday,8,Winter,72
28/01/2018,-7.8,41,1.8,1923,0.17,0.0,0.0,No Holiday,9,Winter,104
28/01/2018,-5.9,35,1.9,1940,0.53,0.0,0.0,No Holiday,10,Winter,111
28/01/2018,-4.6,27,2.6,1887,0.85,0.0,0.0,No Holiday,11,Winter,145
28/01/2018,-3.5,26,2.5,1756,1.07,0.0,0.0,No Holiday,12,Winter,189
28/01/2018,-2.4,22,2.5,1866,1.16,0.0,0.0,No Holiday,13,Winter,206
28/01/2018,-1.5,20,3.0,1992,1.09,0.0,0.0,No Holiday,14,Winter,225
28/01/2018,-1.9,23,4.3,2000,0.7,0.0,0.0,No Holiday,15,Winter,217
28/01/2018,-2.1,27,4.0,2000,0.52,0.0,0.0,No Holiday,16,Winter,187
28/01/2018,-3.8,32,5.2,2000,0.25,0.0,0.0,No Holiday,17,Winter,178
28/01/2018,-4.9,35,3.7,2000,0.04,0.0,0.0,No Holiday,18,Winter,157
28/01/2018,-6.0,31,3.6,2000,0.0,0.0,0.0,No Holiday,19,Winter,134
28/01/2018,-7.0,30,2.8,2000,0.0,0.0,0.0,No Holiday,20,Winter,113
28/01/2018,-7.3,34,3.5,2000,0.0,0.0,0.0,No Holiday,21,Winter,106
28/01/2018,-7.9,40,2.5,1997,0.0,0.0,0.0,No Holiday,22,Winter,105
28/01/2018,-8.7,42,2.1,1981,0.0,0.0,0.0,No Holiday,23,Winter,81
29/01/2018,-9.3,45,0.7,1976,0.0,0.0,0.0,No Holiday,0,Winter,80
29/01/2018,-9.8,47,1.3,1934,0.0,0.0,0.0,No Holiday,1,Winter,62
29/01/2018,-10.2,47,0.9,1808,0.0,0.0,0.0,No Holiday,2,Winter,49
29/01/2018,-9.8,43,2.8,1963,0.0,0.0,0.0,No Holiday,3,Winter,27
29/01/2018,-9.9,45,2.5,1967,0.0,0.0,0.0,No Holiday,4,Winter,26
29/01/2018,-10.4,47,1.0,1921,0.0,0.0,0.0,No Holiday,5,Winter,50
29/01/2018,-10.9,43,1.0,1967,0.0,0.0,0.0,No Holiday,6,Winter,94
29/01/2018,-11.1,37,1.6,2000,0.0,0.0,0.0,No Holiday,7,Winter,231
29/01/2018,-11.5,38,1.0,1998,0.01,0.0,0.0,No Holiday,8,Winter,450
29/01/2018,-10.8,34,2.9,1975,0.17,0.0,0.0,No Holiday,9,Winter,217
29/01/2018,-9.5,28,3.7,1893,0.59,0.0,0.0,No Holiday,10,Winter,135
29/01/2018,-8.1,24,3.6,1761,0.91,0.0,0.0,No Holiday,11,Winter,166
29/01/2018,-7.3,23,3.8,1903,1.17,0.0,0.0,No Holiday,12,Winter,186
29/01/2018,-6.9,23,4.6,1963,1.28,0.0,0.0,No Holiday,13,Winter,166
29/01/2018,-5.7,23,4.5,1956,1.25,0.0,0.0,No Holiday,14,Winter,168
29/01/2018,-5.2,27,4.5,1927,1.06,0.0,0.0,No Holiday,15,Winter,177
29/01/2018,-5.5,28,4.3,1926,0.78,0.0,0.0,No Holiday,16,Winter,195
29/01/2018,-5.7,30,3.6,1978,0.4,0.0,0.0,No Holiday,17,Winter,239
29/01/2018,-6.6,34,2.5,2000,0.06,0.0,0.0,No Holiday,18,Winter,438
29/01/2018,-7.1,40,3.2,2000,0.0,0.0,0.0,No Holiday,19,Winter,282
29/01/2018,-7.4,41,3.8,2000,0.0,0.0,0.0,No Holiday,20,Winter,197
29/01/2018,-7.7,42,2.9,1905,0.0,0.0,0.0,No Holiday,21,Winter,182
29/01/2018,-8.8,40,3.0,1985,0.0,0.0,0.0,No Holiday,22,Winter,172
29/01/2018,-9.4,41,1.6,2000,0.0,0.0,0.0,No Holiday,23,Winter,99
30/01/2018,-10.0,34,1.1,2000,0.0,0.0,0.0,No Holiday,0,Winter,108
30/01/2018,-10.4,37,0.3,2000,0.0,0.0,0.0,No Holiday,1,Winter,129
30/01/2018,-10.6,40,1.0,2000,0.0,0.0,0.0,No Holiday,2,Winter,84
30/01/2018,-10.7,42,1.4,2000,0.0,0.0,0.0,No Holiday,3,Winter,54
30/01/2018,-11.1,50,1.2,1986,0.0,0.0,0.0,No Holiday,4,Winter,33
30/01/2018,-11.3,53,1.6,1979,0.0,0.0,0.0,No Holiday,5,Winter,47
30/01/2018,-11.2,53,0.9,2000,0.0,0.0,0.0,No Holiday,6,Winter,94
30/01/2018,-11.3,57,0.9,1984,0.0,0.0,0.0,No Holiday,7,Winter,214
30/01/2018,-11.1,61,0.7,1963,0.01,0.0,0.0,No Holiday,8,Winter,491
30/01/2018,-9.9,49,0.8,1624,0.2,0.0,0.0,No Holiday,9,Winter,254
30/01/2018,-7.5,42,0.9,1705,0.55,0.0,0.0,No Holiday,10,Winter,170
30/01/2018,-4.5,29,1.3,1912,0.79,0.0,0.0,No Holiday,11,Winter,220
30/01/2018,-3.2,32,2.7,1900,1.01,0.0,0.0,No Holiday,12,Winter,253
30/01/2018,-1.3,35,2.0,1893,1.18,0.0,0.0,No Holiday,13,Winter,225
30/01/2018,-1.1,46,2.1,1437,0.72,0.0,0.0,No Holiday,14,Winter,238
30/01/2018,-1.6,55,2.5,1891,0.64,0.0,0.0,No Holiday,15,Winter,173
30/01/2018,-2.2,76,1.7,233,0.25,0.0,0.0,No Holiday,16,Winter,94
30/01/2018,-2.4,85,0.3,174,0.06,0.0,0.6,No Holiday,17,Winter,53
30/01/2018,-2.3,91,0.4,202,0.0,1.4,2.0,No Holiday,18,Winter,100
30/01/2018,-1.7,91,1.1,167,0.0,0.0,3.0,No Holiday,19,Winter,59
30/01/2018,-1.5,91,1.7,270,0.0,0.0,3.3,No Holiday,20,Winter,72
30/01/2018,-1.6,91,1.3,508,0.0,1.5,3.5,No Holiday,21,Winter,60
30/01/2018,-1.7,85,1.2,1006,0.0,0.0,3.5,No Holiday,22,Winter,73
30/01/2018,-1.7,83,1.0,1093,0.0,0.0,3.5,No Holiday,23,Winter,62
31/01/2018,-1.7,83,0.8,1113,0.0,0.0,3.5,No Holiday,0,Winter,69
31/01/2018,-1.6,81,1.1,1141,0.0,0.0,3.5,No Holiday,1,Winter,96
31/01/2018,-1.6,80,1.4,1097,0.0,0.0,3.5,No Holiday,2,Winter,60
31/01/2018,-2.2,83,1.0,977,0.0,0.0,3.5,No Holiday,3,Winter,47
31/01/2018,-2.4,82,1.5,877,0.0,0.0,3.5,No Holiday,4,Winter,34
31/01/2018,-2.8,83,0.6,946,0.0,0.0,3.5,No Holiday,5,Winter,34
31/01/2018,-3.1,80,0.7,1215,0.0,0.0,3.5,No Holiday,6,Winter,63
31/01/2018,-3.5,83,1.6,953,0.0,0.0,3.5,No Holiday,7,Winter,124
31/01/2018,-3.6,83,1.7,915,0.0,0.0,3.5,No Holiday,8,Winter,273
31/01/2018,-3.3,77,1.2,916,0.1,0.0,3.4,No Holiday,9,Winter,137
31/01/2018,-2.3,63,1.7,1286,0.22,0.0,3.2,No Holiday,10,Winter,102
31/01/2018,-1.5,46,2.5,1906,0.56,0.0,3.0,No Holiday,11,Winter,144
31/01/2018,-1.0,35,2.7,1921,0.64,0.0,3.0,No Holiday,12,Winter,160
31/01/2018,-0.8,39,2.6,1853,0.54,0.0,2.8,No Holiday,13,Winter,171
31/01/2018,-0.7,33,2.7,1984,0.56,0.0,2.5,No Holiday,14,Winter,156
31/01/2018,-0.5,30,2.3,1997,0.45,0.0,2.2,No Holiday,15,Winter,214
31/01/2018,-0.1,29,1.6,2000,0.5,0.0,1.8,No Holiday,16,Winter,216
31/01/2018,-0.9,34,2.8,2000,0.28,0.0,1.8,No Holiday,17,Winter,279
31/01/2018,-1.8,35,2.1,2000,0.05,0.0,1.6,No Holiday,18,Winter,403
31/01/2018,-2.2,36,2.2,2000,0.0,0.0,1.6,No Holiday,19,Winter,270
31/01/2018,-2.6,36,3.1,2000,0.0,0.0,1.6,No Holiday,20,Winter,229
31/01/2018,-3.4,40,0.9,2000,0.0,0.0,1.6,No Holiday,21,Winter,229
31/01/2018,-4.2,48,1.0,2000,0.0,0.0,1.6,No Holiday,22,Winter,188
31/01/2018,-4.7,53,1.3,2000,0.0,0.0,1.6,No Holiday,23,Winter,132
01/02/2018,-5.2,56,1.4,1996,0.0,0.0,1.6,No Holiday,0,Winter,122
01/02/2018,-5.4,54,1.7,1996,0.0,0.0,1.6,No Holiday,1,Winter,149
01/02/2018,-5.5,53,2.1,1980,0.0,0.0,1.6,No Holiday,2,Winter,103
01/02/2018,-6.2,57,1.6,1874,0.0,0.0,1.6,No Holiday,3,Winter,81
01/02/2018,-7.1,56,1.8,1841,0.0,0.0,1.6,No Holiday,4,Winter,37
01/02/2018,-7.8,65,2.3,1737,0.0,0.0,1.6,No Holiday,5,Winter,51
01/02/2018,-8.1,59,0.7,1915,0.0,0.0,1.6,No Holiday,6,Winter,95
01/02/2018,-8.7,64,0.5,1972,0.0,0.0,1.6,No Holiday,7,Winter,244
01/02/2018,-8.6,59,1.0,1948,0.01,0.0,1.6,No Holiday,8,Winter,459
01/02/2018,-7.9,50,0.6,1805,0.23,0.0,1.6,No Holiday,9,Winter,259
01/02/2018,-5.0,41,0.5,1799,0.64,0.0,1.5,No Holiday,10,Winter,168
01/02/2018,-2.6,33,1.5,1830,0.95,0.0,1.4,No Holiday,11,Winter,194
01/02/2018,-1.1,31,1.3,1869,1.2,0.0,1.3,No Holiday,12,Winter,240
01/02/2018,0.3,28,3.1,1988,1.3,0.0,1.0,No Holiday,13,Winter,233
01/02/2018,0.8,23,3.2,2000,1.29,0.0,0.5,No Holiday,14,Winter,256
01/02/2018,0.7,25,3.0,1987,1.12,0.0,0.0,No Holiday,15,Winter,293
01/02/2018,1.1,26,2.1,1957,0.82,0.0,0.0,No Holiday,16,Winter,268
01/02/2018,0.3,26,2.4,1977,0.45,0.0,0.0,No Holiday,17,Winter,341
01/02/2018,-1.0,28,1.9,2000,0.08,0.0,0.0,No Holiday,18,Winter,542
01/02/2018,-1.8,32,1.5,2000,0.0,0.0,0.0,No Holiday,19,Winter,344
01/02/2018,-2.4,36,1.0,2000,0.0,0.0,0.0,No Holiday,20,Winter,263
01/02/2018,-3.2,47,1.8,1917,0.0,0.0,0.0,No Holiday,21,Winter,257
01/02/2018,-3.9,52,1.2,1871,0.0,0.0,0.0,No Holiday,22,Winter,235
01/02/2018,-4.5,55,0.4,1908,0.0,0.0,0.0,No Holiday,23,Winter,143
02/02/2018,-4.9,56,1.1,1982,0.0,0.0,0.0,No Holiday,0,Winter,138
02/02/2018,-5.2,56,0.9,1973,0.0,0.0,0.0,No Holiday,1,Winter,159
02/02/2018,-5.7,59,0.3,1951,0.0,0.0,0.0,No Holiday,2,Winter,102
02/02/2018,-6.3,63,0.9,1425,0.0,0.0,0.0,No Holiday,3,Winter,65
02/02/2018,-6.7,65,1.1,1705,0.0,0.0,0.0,No Holiday,4,Winter,47
02/02/2018,-6.8,61,0.2,1724,0.0,0.0,0.0,No Holiday,5,Winter,48
02/02/2018,-7.0,62,1.3,1830,0.0,0.0,0.0,No Holiday,6,Winter,115
02/02/2018,-7.4,62,1.5,1909,0.0,0.0,0.0,No Holiday,7,Winter,267
02/02/2018,-7.4,58,2.2,1882,0.01,0.0,0.0,No Holiday,8,Winter,558
02/02/2018,-6.5,54,1.2,1541,0.22,0.0,0.0,No Holiday,9,Winter,280
02/02/2018,-4.1,43,1.2,1187,0.59,0.0,0.0,No Holiday,10,Winter,187
02/02/2018,-1.4,37,1.0,1317,0.91,0.0,0.0,No Holiday,11,Winter,234
02/02/2018,0.9,37,1.5,1283,1.12,0.0,0.0,No Holiday,12,Winter,303
02/02/2018,1.6,29,2.2,1662,1.2,0.0,0.0,No Holiday,13,Winter,294
02/02/2018,3.2,26,2.2,1499,1.16,0.0,0.0,No Holiday,14,Winter,293
02/02/2018,3.6,26,2.4,1687,0.99,0.0,0.0,No Holiday,15,Winter,310
02/02/2018,2.9,26,3.0,1968,0.69,0.0,0.0,No Holiday,16,Winter,330
02/02/2018,2.0,25,2.3,1998,0.34,0.0,0.0,No Holiday,17,Winter,382
02/02/2018,0.5,37,3.0,1733,0.06,0.0,0.0,No Holiday,18,Winter,592
02/02/2018,-0.5,43,2.5,1666,0.0,0.0,0.0,No Holiday,19,Winter,379
02/02/2018,-1.3,51,2.4,1481,0.0,0.0,0.0,No Holiday,20,Winter,241
02/02/2018,-2.0,61,1.7,1655,0.0,0.0,0.0,No Holiday,21,Winter,225
02/02/2018,-2.4,63,1.3,1523,0.0,0.0,0.0,No Holiday,22,Winter,227
02/02/2018,-2.6,69,2.0,1434,0.0,0.0,0.0,No Holiday,23,Winter,178
03/02/2018,-2.5,69,2.2,1366,0.0,0.0,0.0,No Holiday,0,Winter,182
03/02/2018,-2.3,71,3.2,1078,0.0,0.0,0.0,No Holiday,1,Winter,184
03/02/2018,-3.4,82,4.2,184,0.0,0.0,0.0,No Holiday,2,Winter,123
03/02/2018,-4.4,80,4.3,346,0.0,0.1,0.1,No Holiday,3,Winter,60
03/02/2018,-5.6,74,4.0,387,0.0,0.0,0.2,No Holiday,4,Winter,35
03/02/2018,-6.3,65,3.9,1521,0.0,0.0,0.3,No Holiday,5,Winter,31
03/02/2018,-7.8,57,4.8,1867,0.0,0.4,0.3,No Holiday,6,Winter,33
03/02/2018,-8.8,58,4.0,1942,0.0,0.0,0.3,No Holiday,7,Winter,67
03/02/2018,-9.5,56,3.5,1979,0.01,0.0,0.3,No Holiday,8,Winter,116
03/02/2018,-9.4,47,3.3,1995,0.42,0.0,0.3,No Holiday,9,Winter,168
03/02/2018,-8.5,43,4.0,1797,1.09,0.0,0.2,No Holiday,10,Winter,144
03/02/2018,-7.7,41,4.6,1984,1.65,0.0,0.2,No Holiday,11,Winter,195
03/02/2018,-6.0,38,3.4,1930,2.04,0.0,0.0,No Holiday,12,Winter,192
03/02/2018,-5.8,38,3.7,1961,2.25,0.0,0.0,No Holiday,13,Winter,229
03/02/2018,-5.0,31,4.0,2000,2.18,0.0,0.0,No Holiday,14,Winter,196
03/02/2018,-4.5,31,4.3,1979,1.91,0.0,0.0,No Holiday,15,Winter,210
03/02/2018,-4.2,31,3.5,1974,1.42,0.0,0.0,No Holiday,16,Winter,205
03/02/2018,-5.6,32,4.6,2000,0.53,0.0,0.0,No Holiday,17,Winter,211
03/02/2018,-6.6,36,4.4,2000,0.15,0.0,0.0,No Holiday,18,Winter,175
03/02/2018,-7.6,32,4.8,2000,0.0,0.0,0.0,No Holiday,19,Winter,135
03/02/2018,-8.5,31,4.1,2000,0.0,0.0,0.0,No Holiday,20,Winter,109
03/02/2018,-9.1,38,2.7,2000,0.0,0.0,0.0,No Holiday,21,Winter,107
03/02/2018,-9.7,45,3.0,2000,0.0,0.0,0.0,No Holiday,22,Winter,92
03/02/2018,-10.0,48,2.6,2000,0.0,0.0,0.0,No Holiday,23,Winter,91
04/02/2018,-10.4,49,2.4,2000,0.0,0.0,0.0,No Holiday,0,Winter,98
04/02/2018,-10.5,48,3.1,2000,0.0,0.0,0.0,No Holiday,1,Winter,90
04/02/2018,-10.5,49,2.0,2000,0.0,0.0,0.0,No Holiday,2,Winter,60
04/02/2018,-10.6,47,3.7,2000,0.0,0.0,0.0,No Holiday,3,Winter,54
04/02/2018,-11.2,47,2.3,2000,0.0,0.0,0.0,No Holiday,4,Winter,35
04/02/2018,-11.5,51,3.3,1996,0.0,0.0,0.0,No Holiday,5,Winter,21
04/02/2018,-11.8,54,2.4,1917,0.0,0.0,0.0,No Holiday,6,Winter,23
04/02/2018,-12.4,54,2.5,1790,0.0,0.0,0.0,No Holiday,7,Winter,34
04/02/2018,-12.8,56,2.4,1507,0.02,0.0,0.0,No Holiday,8,Winter,70
04/02/2018,-12.4,51,3.8,1415,0.38,0.0,0.0,No Holiday,9,Winter,97
04/02/2018,-11.2,43,3.5,1359,1.04,0.0,0.0,No Holiday,10,Winter,103
04/02/2018,-9.7,37,2.8,1436,1.57,0.0,0.0,No Holiday,11,Winter,115
04/02/2018,-8.3,32,1.8,1295,1.99,0.0,0.0,No Holiday,12,Winter,165
04/02/2018,-8.3,34,4.0,1561,2.22,0.0,0.0,No Holiday,13,Winter,152
04/02/2018,-7.4,33,4.0,1713,2.17,0.0,0.0,No Holiday,14,Winter,177
04/02/2018,-6.4,30,4.9,1939,1.89,0.0,0.0,No Holiday,15,Winter,190
04/02/2018,-5.4,29,3.6,1979,1.4,0.0,0.0,No Holiday,16,Winter,181
04/02/2018,-5.9,27,3.6,1974,0.81,0.0,0.0,No Holiday,17,Winter,184
04/02/2018,-7.0,26,4.1,2000,0.16,0.0,0.0,No Holiday,18,Winter,154
04/02/2018,-7.7,31,3.3,2000,0.0,0.0,0.0,No Holiday,19,Winter,124
04/02/2018,-8.2,28,3.5,2000,0.0,0.0,0.0,No Holiday,20,Winter,98
04/02/2018,-8.9,35,3.2,2000,0.0,0.0,0.0,No Holiday,21,Winter,107
04/02/2018,-9.7,45,1.3,2000,0.0,0.0,0.0,No Holiday,22,Winter,78
04/02/2018,-10.3,48,2.0,2000,0.0,0.0,0.0,No Holiday,23,Winter,77
05/02/2018,-10.5,52,2.4,2000,0.0,0.0,0.0,No Holiday,0,Winter,82
05/02/2018,-11.2,54,1.0,2000,0.0,0.0,0.0,No Holiday,1,Winter,52
05/02/2018,-11.2,55,1.5,2000,0.0,0.0,0.0,No Holiday,2,Winter,39
05/02/2018,-11.3,54,0.6,2000,0.0,0.0,0.0,No Holiday,3,Winter,33
05/02/2018,-11.7,51,1.2,2000,0.0,0.0,0.0,No Holiday,4,Winter,20
05/02/2018,-11.6,45,2.4,2000,0.0,0.0,0.0,No Holiday,5,Winter,37
05/02/2018,-11.5,40,2.3,2000,0.0,0.0,0.0,No Holiday,6,Winter,110
05/02/2018,-11.6,44,1.6,2000,0.0,0.0,0.0,No Holiday,7,Winter,227
05/02/2018,-11.5,40,2.8,2000,0.02,0.0,0.0,No Holiday,8,Winter,433
05/02/2018,-11.1,38,2.4,1945,0.43,0.0,0.0,No Holiday,9,Winter,216
05/02/2018,-9.6,32,3.7,2000,1.14,0.0,0.0,No Holiday,10,Winter,123
05/02/2018,-8.5,27,4.7,1894,1.73,0.0,0.0,No Holiday,11,Winter,156
05/02/2018,-7.8,28,4.1,2000,2.12,0.0,0.0,No Holiday,12,Winter,157
05/02/2018,-7.0,25,4.2,1999,2.29,0.0,0.0,No Holiday,13,Winter,169
05/02/2018,-6.4,24,4.6,1970,2.23,0.0,0.0,No Holiday,14,Winter,170
05/02/2018,-5.7,25,4.4,1995,1.94,0.0,0.0,No Holiday,15,Winter,169
05/02/2018,-5.4,25,3.4,1985,1.44,0.0,0.0,No Holiday,16,Winter,199
05/02/2018,-6.4,28,4.5,2000,0.81,0.0,0.0,No Holiday,17,Winter,225
05/02/2018,-7.6,29,3.5,2000,0.16,0.0,0.0,No Holiday,18,Winter,388
05/02/2018,-8.3,29,4.1,2000,0.0,0.0,0.0,No Holiday,19,Winter,246
05/02/2018,-9.1,35,3.8,2000,0.0,0.0,0.0,No Holiday,20,Winter,206
05/02/2018,-9.8,41,3.9,1949,0.0,0.0,0.0,No Holiday,21,Winter,177
05/02/2018,-10.3,43,3.7,1876,0.0,0.0,0.0,No Holiday,22,Winter,183
05/02/2018,-10.5,47,2.8,1794,0.0,0.0,0.0,No Holiday,23,Winter,115
06/02/2018,-10.6,47,3.5,1803,0.0,0.0,0.0,No Holiday,0,Winter,126
06/02/2018,-10.9,36,3.3,2000,0.0,0.0,0.0,No Holiday,1,Winter,87
06/02/2018,-11.2,36,2.9,1981,0.0,0.0,0.0,No Holiday,2,Winter,59
06/02/2018,-11.6,35,3.2,1992,0.0,0.0,0.0,No Holiday,3,Winter,36
06/02/2018,-12.0,36,2.7,1998,0.0,0.0,0.0,No Holiday,4,Winter,32
06/02/2018,-12.3,37,2.9,2000,0.0,0.0,0.0,No Holiday,5,Winter,40
06/02/2018,-12.5,40,3.4,1991,0.0,0.0,0.0,No Holiday,6,Winter,94
06/02/2018,-12.7,41,3.7,1982,0.0,0.0,0.0,No Holiday,7,Winter,213
06/02/2018,-12.7,41,3.1,2000,0.02,0.0,0.0,No Holiday,8,Winter,438
06/02/2018,-12.3,39,3.7,1984,0.45,0.0,0.0,No Holiday,9,Winter,217
06/02/2018,-11.3,35,4.2,1848,1.15,0.0,0.0,No Holiday,10,Winter,128
06/02/2018,-9.9,32,3.3,1863,1.72,0.0,0.0,No Holiday,11,Winter,175
06/02/2018,-8.2,31,2.7,1858,2.09,0.0,0.0,No Holiday,12,Winter,172
06/02/2018,-7.5,28,4.3,1904,2.3,0.0,0.0,No Holiday,13,Winter,165
06/02/2018,-7.0,26,4.4,1986,2.24,0.0,0.0,No Holiday,14,Winter,147
06/02/2018,-5.9,25,3.1,1936,1.93,0.0,0.0,No Holiday,15,Winter,171
06/02/2018,-5.9,24,3.5,2000,1.44,0.0,0.0,No Holiday,16,Winter,175
06/02/2018,-6.6,29,2.5,2000,0.68,0.0,0.0,No Holiday,17,Winter,227
06/02/2018,-7.6,36,3.3,2000,0.11,0.0,0.0,No Holiday,18,Winter,392
06/02/2018,-8.4,37,4.0,2000,0.0,0.0,0.0,No Holiday,19,Winter,251
06/02/2018,-9.6,34,2.6,2000,0.0,0.0,0.0,No Holiday,20,Winter,193
06/02/2018,-10.6,39,3.1,2000,0.0,0.0,0.0,No Holiday,21,Winter,175
06/02/2018,-11.1,43,1.8,1960,0.0,0.0,0.0,No Holiday,22,Winter,169
06/02/2018,-11.8,46,1.1,1860,0.0,0.0,0.0,No Holiday,23,Winter,106
07/02/2018,-12.3,47,0.4,1848,0.0,0.0,0.0,No Holiday,0,Winter,116
07/02/2018,-12.3,47,1.9,1837,0.0,0.0,0.0,No Holiday,1,Winter,96
07/02/2018,-12.5,50,1.0,1722,0.0,0.0,0.0,No Holiday,2,Winter,83
07/02/2018,-12.5,49,1.5,1885,0.0,0.0,0.0,No Holiday,3,Winter,51
07/02/2018,-13.1,54,0.7,1369,0.0,0.0,0.0,No Holiday,4,Winter,34
07/02/2018,-13.0,53,0.7,1810,0.0,0.0,0.0,No Holiday,5,Winter,45
07/02/2018,-13.2,50,0.5,1873,0.0,0.0,0.0,No Holiday,6,Winter,92
07/02/2018,-13.2,56,0.9,1665,0.0,0.0,0.0,No Holiday,7,Winter,214
07/02/2018,-13.3,60,0.6,1598,0.02,0.0,0.0,No Holiday,8,Winter,469
07/02/2018,-12.0,50,1.3,1523,0.43,0.0,0.0,No Holiday,9,Winter,237
07/02/2018,-9.6,39,0.7,1580,1.06,0.0,0.0,No Holiday,10,Winter,155
07/02/2018,-7.0,28,3.3,1829,1.56,0.0,0.0,No Holiday,11,Winter,176
07/02/2018,-6.0,24,2.6,1964,1.97,0.0,0.0,No Holiday,12,Winter,188
07/02/2018,-4.5,23,2.6,1937,2.12,0.0,0.0,No Holiday,13,Winter,228
07/02/2018,-3.5,20,1.5,1976,2.02,0.0,0.0,No Holiday,14,Winter,199
07/02/2018,-2.1,20,2.3,1961,1.87,0.0,0.0,No Holiday,15,Winter,221
07/02/2018,-1.7,18,2.0,1919,1.41,0.0,0.0,No Holiday,16,Winter,240
07/02/2018,-2.3,20,2.2,1994,0.77,0.0,0.0,No Holiday,17,Winter,320
07/02/2018,-4.0,27,2.5,2000,0.16,0.0,0.0,No Holiday,18,Winter,448
07/02/2018,-5.2,33,2.6,2000,0.0,0.0,0.0,No Holiday,19,Winter,280
07/02/2018,-5.8,44,2.1,1994,0.0,0.0,0.0,No Holiday,20,Winter,218
07/02/2018,-6.3,48,2.2,1965,0.0,0.0,0.0,No Holiday,21,Winter,223
07/02/2018,-6.8,50,1.7,1856,0.0,0.0,0.0,No Holiday,22,Winter,200
07/02/2018,-7.6,50,1.0,1839,0.0,0.0,0.0,No Holiday,23,Winter,164
08/02/2018,-8.2,50,1.1,1850,0.0,0.0,0.0,No Holiday,0,Winter,136
08/02/2018,-8.5,60,1.2,1908,0.0,0.0,0.0,No Holiday,1,Winter,126
08/02/2018,-8.3,65,0.4,1750,0.0,0.0,0.0,No Holiday,2,Winter,103
08/02/2018,-8.6,64,0.9,1754,0.0,0.0,0.0,No Holiday,3,Winter,57
08/02/2018,-9.0,54,0.6,1833,0.0,0.0,0.0,No Holiday,4,Winter,46
08/02/2018,-9.0,56,0.4,1678,0.0,0.0,0.0,No Holiday,5,Winter,39
08/02/2018,-9.3,61,0.7,1684,0.0,0.0,0.0,No Holiday,6,Winter,99
08/02/2018,-9.6,67,1.0,1503,0.0,0.0,0.0,No Holiday,7,Winter,255
08/02/2018,-9.7,65,0.8,1508,0.02,0.0,0.0,No Holiday,8,Winter,507
08/02/2018,-8.5,55,1.0,1482,0.4,0.0,0.0,No Holiday,9,Winter,270
08/02/2018,-6.3,46,1.3,1346,1.01,0.0,0.0,No Holiday,10,Winter,160
08/02/2018,-3.1,39,1.2,1495,1.54,0.0,0.0,No Holiday,11,Winter,217
08/02/2018,-1.5,35,1.2,1551,1.9,0.0,0.0,No Holiday,12,Winter,253
08/02/2018,0.3,30,1.4,1697,2.11,0.0,0.0,No Holiday,13,Winter,270
08/02/2018,0.9,25,2.4,1730,2.09,0.0,0.0,No Holiday,14,Winter,253
08/02/2018,1.4,25,2.2,1686,1.81,0.0,0.0,No Holiday,15,Winter,286
08/02/2018,2.0,25,2.3,1755,1.3,0.0,0.0,No Holiday,16,Winter,284
08/02/2018,1.5,24,1.9,1788,0.72,0.0,0.0,No Holiday,17,Winter,337
08/02/2018,-0.5,26,1.7,1999,0.15,0.0,0.0,No Holiday,18,Winter,564
08/02/2018,-1.8,35,1.4,1558,0.0,0.0,0.0,No Holiday,19,Winter,378
08/02/2018,-2.8,40,1.5,1593,0.0,0.0,0.0,No Holiday,20,Winter,277
08/02/2018,-3.3,42,1.1,1596,0.0,0.0,0.0,No Holiday,21,Winter,268
08/02/2018,-3.9,41,0.4,1462,0.0,0.0,0.0,No Holiday,22,Winter,233
08/02/2018,-4.3,44,0.7,1247,0.0,0.0,0.0,No Holiday,23,Winter,195
09/02/2018,-4.6,38,0.1,1551,0.0,0.0,0.0,No Holiday,0,Winter,178
09/02/2018,-4.8,44,1.1,1432,0.0,0.0,0.0,No Holiday,1,Winter,159
09/02/2018,-5.1,47,0.9,1460,0.0,0.0,0.0,No Holiday,2,Winter,107
09/02/2018,-5.2,48,0.7,1309,0.0,0.0,0.0,No Holiday,3,Winter,78
09/02/2018,-4.4,47,0.9,1343,0.0,0.0,0.0,No Holiday,4,Winter,46
09/02/2018,-4.2,44,1.1,1196,0.0,0.0,0.0,No Holiday,5,Winter,36
09/02/2018,-4.0,41,0.8,1242,0.0,0.0,0.0,No Holiday,6,Winter,117
09/02/2018,-3.6,42,0.9,1258,0.0,0.0,0.0,No Holiday,7,Winter,273
09/02/2018,-3.3,39,0.9,1279,0.02,0.0,0.0,No Holiday,8,Winter,589
09/02/2018,-2.4,36,1.2,1276,0.2,0.0,0.0,No Holiday,9,Winter,308
09/02/2018,-1.3,34,0.5,1192,0.32,0.0,0.0,No Holiday,10,Winter,199
09/02/2018,-0.2,31,0.8,1269,0.5,0.0,0.0,No Holiday,11,Winter,238
09/02/2018,1.6,28,0.5,1193,0.88,0.0,0.0,No Holiday,12,Winter,260
09/02/2018,2.6,27,0.8,1120,0.82,0.0,0.0,No Holiday,13,Winter,268
09/02/2018,4.0,25,0.9,1009,1.06,0.0,0.0,No Holiday,14,Winter,283
09/02/2018,5.0,24,1.0,1037,1.16,0.0,0.0,No Holiday,15,Winter,315
09/02/2018,6.0,28,1.7,1183,1.03,0.0,0.0,No Holiday,16,Winter,319
09/02/2018,4.8,38,3.0,1582,0.47,0.0,0.0,No Holiday,17,Winter,422
09/02/2018,4.1,40,2.1,1327,0.1,0.0,0.0,No Holiday,18,Winter,659
09/02/2018,3.3,58,1.7,1024,0.0,0.0,0.0,No Holiday,19,Winter,407
09/02/2018,3.0,61,1.9,842,0.0,0.0,0.0,No Holiday,20,Winter,308
09/02/2018,2.9,63,1.0,786,0.0,0.0,0.0,No Holiday,21,Winter,243
09/02/2018,2.5,66,1.1,759,0.0,0.0,0.0,No Holiday,22,Winter,263
09/02/2018,2.0,70,0.7,689,0.0,0.0,0.0,No Holiday,23,Winter,193
10/02/2018,1.5,71,1.1,590,0.0,0.0,0.0,No Holiday,0,Winter,197
10/02/2018,1.7,71,1.2,584,0.0,0.0,0.0,No Holiday,1,Winter,237
10/02/2018,1.9,71,1.5,584,0.0,0.0,0.0,No Holiday,2,Winter,169
10/02/2018,2.0,71,1.2,534,0.0,0.0,0.0,No Holiday,3,Winter,145
10/02/2018,1.9,74,1.2,514,0.0,0.0,0.0,No Holiday,4,Winter,79
10/02/2018,1.8,75,2.0,484,0.0,0.0,0.0,No Holiday,5,Winter,41
10/02/2018,1.6,78,1.6,448,0.0,0.0,0.0,No Holiday,6,Winter,48
10/02/2018,1.6,81,1.4,393,0.0,0.0,0.0,No Holiday,7,Winter,97
10/02/2018,1.6,82,1.3,349,0.01,0.0,0.0,No Holiday,8,Winter,188
10/02/2018,1.6,78,2.0,260,0.17,0.0,0.0,No Holiday,9,Winter,222
10/02/2018,1.8,73,2.8,270,0.69,0.0,0.0,No Holiday,10,Winter,223
10/02/2018,2.6,62,2.9,294,1.12,0.0,0.0,No Holiday,11,Winter,235
10/02/2018,2.9,53,4.7,354,1.37,0.0,0.0,No Holiday,12,Winter,248
10/02/2018,2.8,31,4.0,967,1.42,0.0,0.0,No Holiday,13,Winter,296
10/02/2018,2.2,24,4.5,1700,1.66,0.0,0.0,No Holiday,14,Winter,286
10/02/2018,2.0,20,4.1,1942,1.49,0.0,0.0,No Holiday,15,Winter,277
10/02/2018,0.3,17,4.9,2000,0.87,0.0,0.0,No Holiday,16,Winter,291
10/02/2018,-0.9,19,5.0,2000,0.48,0.0,0.0,No Holiday,17,Winter,277
10/02/2018,-2.0,15,5.6,2000,0.13,0.0,0.0,No Holiday,18,Winter,216
10/02/2018,-3.1,14,5.1,2000,0.0,0.0,0.0,No Holiday,19,Winter,151
10/02/2018,-4.4,19,5.8,2000,0.0,0.0,0.0,No Holiday,20,Winter,132
10/02/2018,-5.6,28,4.1,2000,0.0,0.0,0.0,No Holiday,21,Winter,124
10/02/2018,-6.2,32,3.5,2000,0.0,0.0,0.0,No Holiday,22,Winter,128
10/02/2018,-6.7,35,2.1,2000,0.0,0.0,0.0,No Holiday,23,Winter,118
11/02/2018,-6.9,36,2.1,2000,0.0,0.0,0.0,No Holiday,0,Winter,112
11/02/2018,-7.0,38,2.6,2000,0.0,0.0,0.0,No Holiday,1,Winter,95
11/02/2018,-7.0,42,1.6,2000,0.0,0.0,0.0,No Holiday,2,Winter,93
11/02/2018,-7.2,43,2.0,2000,0.0,0.0,0.0,No Holiday,3,Winter,58
11/02/2018,-7.5,42,2.4,1998,0.0,0.0,0.0,No Holiday,4,Winter,34
11/02/2018,-7.8,39,2.8,2000,0.0,0.0,0.0,No Holiday,5,Winter,19
11/02/2018,-8.4,33,1.4,1963,0.0,0.0,0.0,No Holiday,6,Winter,39
11/02/2018,-9.2,34,2.0,1945,0.0,0.0,0.0,No Holiday,7,Winter,40
11/02/2018,-9.4,29,1.9,1967,0.03,0.0,0.0,No Holiday,8,Winter,81
11/02/2018,-8.6,28,1.5,1786,0.49,0.0,0.0,No Holiday,9,Winter,126
11/02/2018,-6.9,21,3.4,1827,1.16,0.0,0.0,No Holiday,10,Winter,130
11/02/2018,-5.0,25,3.2,1853,1.75,0.0,0.0,No Holiday,11,Winter,155
11/02/2018,-3.9,28,2.9,1921,2.12,0.0,0.0,No Holiday,12,Winter,174
11/02/2018,-2.4,28,3.0,1953,2.35,0.0,0.0,No Holiday,13,Winter,212
11/02/2018,-2.2,29,4.1,1983,1.93,0.0,0.0,No Holiday,14,Winter,191
11/02/2018,-2.6,31,2.7,1987,1.36,0.0,0.0,No Holiday,15,Winter,181
11/02/2018,-3.6,36,4.4,2000,0.67,0.0,0.0,No Holiday,16,Winter,175
11/02/2018,-4.2,47,2.7,2000,0.31,0.0,0.0,No Holiday,17,Winter,198
11/02/2018,-4.6,56,3.6,2000,0.09,0.0,0.0,No Holiday,18,Winter,150
11/02/2018,-5.2,66,3.1,2000,0.0,0.0,0.0,No Holiday,19,Winter,147
11/02/2018,-5.7,67,2.6,2000,0.0,0.0,0.0,No Holiday,20,Winter,127
11/02/2018,-5.6,69,2.2,1984,0.0,0.0,0.0,No Holiday,21,Winter,119
11/02/2018,-5.8,57,3.2,1980,0.0,0.0,0.0,No Holiday,22,Winter,103
11/02/2018,-7.0,49,3.4,1984,0.0,0.0,0.0,No Holiday,23,Winter,91
12/02/2018,-7.7,52,3.2,1982,0.0,0.0,0.0,No Holiday,0,Winter,103
12/02/2018,-7.9,52,3.7,1961,0.0,0.0,0.0,No Holiday,1,Winter,69
12/02/2018,-8.3,49,2.7,2000,0.0,0.0,0.0,No Holiday,2,Winter,45
12/02/2018,-8.5,35,2.7,2000,0.0,0.0,0.0,No Holiday,3,Winter,21
12/02/2018,-8.6,31,3.5,2000,0.0,0.0,0.0,No Holiday,4,Winter,33
12/02/2018,-9.2,37,1.1,2000,0.0,0.0,0.0,No Holiday,5,Winter,30
12/02/2018,-9.5,36,1.5,2000,0.0,0.0,0.0,No Holiday,6,Winter,109
12/02/2018,-9.5,35,1.1,2000,0.0,0.0,0.0,No Holiday,7,Winter,236
12/02/2018,-9.1,33,2.1,1998,0.03,0.0,0.0,No Holiday,8,Winter,517
12/02/2018,-8.4,28,2.2,1947,0.49,0.0,0.0,No Holiday,9,Winter,262
12/02/2018,-6.7,23,2.4,1938,1.25,0.0,0.0,No Holiday,10,Winter,161
12/02/2018,-6.1,25,2.8,1976,1.28,0.0,0.0,No Holiday,11,Winter,190
12/02/2018,-4.6,32,4.2,1874,1.43,0.0,0.0,No Holiday,12,Winter,202
12/02/2018,-2.7,29,2.9,1961,2.29,0.0,0.0,No Holiday,13,Winter,246
12/02/2018,-2.4,30,3.4,1824,2.08,0.0,0.0,No Holiday,14,Winter,182
12/02/2018,-2.1,30,3.9,1933,2.22,0.0,0.0,No Holiday,15,Winter,228
12/02/2018,-2.4,33,4.5,1815,1.55,0.0,0.0,No Holiday,16,Winter,239
12/02/2018,-3.1,36,4.4,1988,0.89,0.0,0.0,No Holiday,17,Winter,288
12/02/2018,-4.4,46,3.5,2000,0.23,0.0,0.0,No Holiday,18,Winter,475
12/02/2018,-4.9,52,2.0,2000,0.0,0.0,0.0,No Holiday,19,Winter,340
12/02/2018,-4.7,55,1.7,2000,0.0,0.0,0.0,No Holiday,20,Winter,244
12/02/2018,-4.3,59,3.0,1239,0.0,0.0,0.0,No Holiday,21,Winter,253
12/02/2018,-4.2,57,1.7,2000,0.0,0.0,0.0,No Holiday,22,Winter,200
12/02/2018,-4.4,58,2.4,2000,0.0,0.0,0.0,No Holiday,23,Winter,140
13/02/2018,-5.0,60,1.8,1995,0.0,0.0,0.0,No Holiday,0,Winter,158
13/02/2018,-5.5,60,1.3,1994,0.0,0.0,0.0,No Holiday,1,Winter,146
13/02/2018,-6.0,58,2.0,2000,0.0,0.0,0.0,No Holiday,2,Winter,106
13/02/2018,-6.2,61,1.3,1992,0.0,0.0,0.0,No Holiday,3,Winter,70
13/02/2018,-6.4,62,1.8,1978,0.0,0.0,0.0,No Holiday,4,Winter,46
13/02/2018,-6.7,64,1.6,1981,0.0,0.0,0.0,No Holiday,5,Winter,51
13/02/2018,-7.1,70,1.0,1977,0.0,0.0,0.0,No Holiday,6,Winter,96
13/02/2018,-7.2,70,1.9,1946,0.0,0.0,0.0,No Holiday,7,Winter,294
13/02/2018,-7.1,68,0.6,1931,0.03,0.0,0.0,No Holiday,8,Winter,568
13/02/2018,-5.9,52,1.4,1935,0.53,0.0,0.0,No Holiday,9,Winter,285
13/02/2018,-2.4,41,1.5,1905,1.19,0.0,0.0,No Holiday,10,Winter,200
13/02/2018,-0.3,40,3.4,1728,1.73,0.0,0.0,No Holiday,11,Winter,252
13/02/2018,1.0,41,3.3,1794,2.11,0.0,0.0,No Holiday,12,Winter,281
13/02/2018,2.6,40,3.5,1854,2.28,0.0,0.0,No Holiday,13,Winter,256
13/02/2018,3.7,39,3.8,1908,2.19,0.0,0.0,No Holiday,14,Winter,300
13/02/2018,3.7,40,5.3,1950,1.96,0.0,0.0,No Holiday,15,Winter,295
13/02/2018,3.9,41,4.0,1973,1.24,0.0,0.0,No Holiday,16,Winter,328
13/02/2018,3.5,46,3.1,1992,0.39,0.0,0.0,No Holiday,17,Winter,410
13/02/2018,3.1,50,3.7,2000,0.07,0.0,0.0,No Holiday,18,Winter,604
13/02/2018,2.4,57,3.2,1995,0.0,0.0,0.0,No Holiday,19,Winter,406
13/02/2018,2.3,59,3.8,1981,0.0,0.0,0.0,No Holiday,20,Winter,323
13/02/2018,2.6,57,3.8,2000,0.0,0.0,0.0,No Holiday,21,Winter,290
13/02/2018,2.6,57,3.1,2000,0.0,0.0,0.0,No Holiday,22,Winter,291
13/02/2018,2.4,59,3.2,2000,0.0,0.0,0.0,No Holiday,23,Winter,211
14/02/2018,2.0,65,2.2,1885,0.0,0.0,0.0,No Holiday,0,Winter,178
14/02/2018,1.3,67,1.2,1738,0.0,0.0,0.0,No Holiday,1,Winter,213
14/02/2018,1.2,64,0.9,1680,0.0,0.0,0.0,No Holiday,2,Winter,129
14/02/2018,1.1,65,1.0,1596,0.0,0.0,0.0,No Holiday,3,Winter,101
14/02/2018,1.1,67,1.7,1506,0.0,0.0,0.0,No Holiday,4,Winter,51
14/02/2018,1.0,68,0.6,1519,0.0,0.0,0.0,No Holiday,5,Winter,56
14/02/2018,1.1,66,0.9,1550,0.0,0.0,0.0,No Holiday,6,Winter,108
14/02/2018,1.3,66,1.1,1534,0.0,0.0,0.0,No Holiday,7,Winter,292
14/02/2018,2.1,65,1.1,1559,0.01,0.0,0.0,No Holiday,8,Winter,606
14/02/2018,3.9,64,2.9,1483,0.18,0.0,0.0,No Holiday,9,Winter,326
14/02/2018,5.2,65,3.9,1313,0.56,0.0,0.0,No Holiday,10,Winter,241
14/02/2018,6.3,67,3.5,1179,0.52,0.0,0.0,No Holiday,11,Winter,288
14/02/2018,6.9,67,3.9,986,0.42,0.0,0.0,No Holiday,12,Winter,312
14/02/2018,7.2,65,3.8,773,0.61,0.0,0.0,No Holiday,13,Winter,349
14/02/2018,7.8,57,3.5,675,1.34,0.0,0.0,No Holiday,14,Winter,398
14/02/2018,8.7,48,4.1,767,1.68,0.0,0.0,No Holiday,15,Winter,461
14/02/2018,8.0,36,3.5,1013,1.09,0.0,0.0,No Holiday,16,Winter,447
14/02/2018,6.6,34,2.8,1300,0.42,0.0,0.0,No Holiday,17,Winter,484
14/02/2018,5.1,34,2.3,1440,0.09,0.0,0.0,No Holiday,18,Winter,559
14/02/2018,3.9,37,1.4,1417,0.0,0.0,0.0,No Holiday,19,Winter,316
14/02/2018,2.8,29,2.8,1473,0.0,0.0,0.0,No Holiday,20,Winter,262
14/02/2018,1.7,27,3.1,1734,0.0,0.0,0.0,No Holiday,21,Winter,216
14/02/2018,0.3,33,4.0,1436,0.0,0.0,0.0,No Holiday,22,Winter,218
14/02/2018,-0.3,35,2.1,1577,0.0,0.0,0.0,No Holiday,23,Winter,160
15/02/2018,-0.7,37,3.5,1716,0.0,0.0,0.0,Holiday,0,Winter,126
15/02/2018,-1.1,38,2.8,1999,0.0,0.0,0.0,Holiday,1,Winter,123
15/02/2018,-1.2,35,2.2,2000,0.0,0.0,0.0,Holiday,2,Winter,112
15/02/2018,-1.4,34,2.1,2000,0.0,0.0,0.0,Holiday,3,Winter,74
15/02/2018,-1.9,34,3.0,2000,0.0,0.0,0.0,Holiday,4,Winter,58
15/02/2018,-2.4,33,3.1,2000,0.0,0.0,0.0,Holiday,5,Winter,32
15/02/2018,-2.6,38,1.0,2000,0.0,0.0,0.0,Holiday,6,Winter,39
15/02/2018,-3.0,40,0.9,2000,0.0,0.0,0.0,Holiday,7,Winter,55
15/02/2018,-3.0,38,1.0,2000,0.0,0.0,0.0,Holiday,8,Winter,112
15/02/2018,-3.5,30,1.5,1980,0.0,0.0,0.0,Holiday,9,Winter,112
15/02/2018,-1.6,26,1.9,1980,1.29,0.0,0.0,Holiday,10,Winter,127
15/02/2018,0.1,22,2.0,2000,1.84,0.0,0.0,Holiday,11,Winter,170
15/02/2018,1.7,20,3.0,1983,2.28,0.0,0.0,Holiday,12,Winter,174
15/02/2018,2.2,18,3.4,1942,2.3,0.0,0.0,Holiday,13,Winter,240
15/02/2018,2.9,14,4.3,2000,2.29,0.0,0.0,Holiday,14,Winter,270
15/02/2018,3.8,17,3.2,2000,1.97,0.0,0.0,Holiday,15,Winter,276
15/02/2018,3.2,16,3.0,2000,1.45,0.0,0.0,Holiday,16,Winter,273
15/02/2018,2.4,17,3.1,1990,0.78,0.0,0.0,Holiday,17,Winter,236
15/02/2018,1.1,18,2.5,2000,0.2,0.0,0.0,Holiday,18,Winter,190
15/02/2018,0.1,21,2.9,2000,0.0,0.0,0.0,Holiday,19,Winter,166
15/02/2018,-0.4,27,2.2,2000,0.0,0.0,0.0,Holiday,20,Winter,148
15/02/2018,-1.1,32,2.4,2000,0.0,0.0,0.0,Holiday,21,Winter,134
15/02/2018,-1.9,30,0.8,2000,0.0,0.0,0.0,Holiday,22,Winter,145
15/02/2018,-2.5,31,1.4,1996,0.0,0.0,0.0,Holiday,23,Winter,92
16/02/2018,-3.3,35,1.8,1977,0.0,0.0,0.0,Holiday,0,Winter,105
16/02/2018,-3.6,35,2.0,1943,0.0,0.0,0.0,Holiday,1,Winter,77
16/02/2018,-4.1,38,1.2,1996,0.0,0.0,0.0,Holiday,2,Winter,47
16/02/2018,-4.4,37,1.7,1989,0.0,0.0,0.0,Holiday,3,Winter,36
16/02/2018,-4.5,42,1.4,1944,0.0,0.0,0.0,Holiday,4,Winter,35
16/02/2018,-5.0,44,0.9,1976,0.0,0.0,0.0,Holiday,5,Winter,28
16/02/2018,-5.2,42,0.7,1980,0.0,0.0,0.0,Holiday,6,Winter,30
16/02/2018,-5.4,41,0.3,2000,0.0,0.0,0.0,Holiday,7,Winter,49
16/02/2018,-5.4,38,0.7,2000,0.04,0.0,0.0,Holiday,8,Winter,68
16/02/2018,-4.3,33,0.7,1923,0.6,0.0,0.0,Holiday,9,Winter,48
16/02/2018,-1.3,32,1.5,1933,1.24,0.0,0.0,Holiday,10,Winter,78
16/02/2018,1.0,25,1.4,1782,1.7,0.0,0.0,Holiday,11,Winter,93
16/02/2018,2.2,19,1.4,1946,2.01,0.0,0.0,Holiday,12,Winter,137
16/02/2018,3.5,17,3.2,1971,2.2,0.0,0.0,Holiday,13,Winter,169
16/02/2018,4.2,18,3.3,1976,2.25,0.0,0.0,Holiday,14,Winter,196
16/02/2018,4.0,26,3.5,2000,1.75,0.0,0.0,Holiday,15,Winter,243
16/02/2018,3.3,38,3.8,1921,1.33,0.0,0.0,Holiday,16,Winter,189
16/02/2018,2.5,48,4.2,1979,0.76,0.0,0.0,Holiday,17,Winter,210
16/02/2018,1.4,56,3.2,1932,0.22,0.0,0.0,Holiday,18,Winter,165
16/02/2018,0.6,59,2.3,1939,0.0,0.0,0.0,Holiday,19,Winter,126
16/02/2018,0.2,61,1.9,1956,0.0,0.0,0.0,Holiday,20,Winter,150
16/02/2018,0.1,67,2.5,1451,0.0,0.0,0.0,Holiday,21,Winter,114
16/02/2018,-0.6,70,3.4,1204,0.0,0.0,0.0,Holiday,22,Winter,116
16/02/2018,-2.0,51,3.2,1336,0.0,0.0,0.0,Holiday,23,Winter,84
17/02/2018,-2.7,41,3.2,1695,0.0,0.0,0.0,Holiday,0,Winter,79
17/02/2018,-3.1,36,3.5,2000,0.0,0.0,0.0,Holiday,1,Winter,71
17/02/2018,-3.8,30,3.9,2000,0.0,0.0,0.0,Holiday,2,Winter,56
17/02/2018,-4.5,28,3.0,2000,0.0,0.0,0.0,Holiday,3,Winter,34
17/02/2018,-5.2,28,2.5,2000,0.0,0.0,0.0,Holiday,4,Winter,20
17/02/2018,-5.7,31,2.3,1999,0.0,0.0,0.0,Holiday,5,Winter,14
17/02/2018,-6.2,32,2.5,2000,0.0,0.0,0.0,Holiday,6,Winter,39
17/02/2018,-6.8,32,1.6,2000,0.0,0.0,0.0,Holiday,7,Winter,35
17/02/2018,-7.1,30,1.7,1991,0.04,0.0,0.0,Holiday,8,Winter,80
17/02/2018,-6.5,26,2.4,1874,0.64,0.0,0.0,Holiday,9,Winter,98
17/02/2018,-4.3,21,1.4,1908,1.34,0.0,0.0,Holiday,10,Winter,103
17/02/2018,-2.8,19,2.6,1957,1.91,0.0,0.0,Holiday,11,Winter,155
17/02/2018,-1.3,17,1.5,1998,2.28,0.0,0.0,Holiday,12,Winter,183
17/02/2018,-0.4,15,2.4,1938,2.46,0.0,0.0,Holiday,13,Winter,193
17/02/2018,-0.1,15,4.0,2000,2.39,0.0,0.0,Holiday,14,Winter,258
17/02/2018,1.0,14,4.6,2000,2.12,0.0,0.0,Holiday,15,Winter,273
17/02/2018,1.3,15,4.2,2000,1.63,0.0,0.0,Holiday,16,Winter,267
17/02/2018,0.6,17,3.3,2000,0.79,0.0,0.0,Holiday,17,Winter,250
17/02/2018,-0.3,17,1.9,2000,0.2,0.0,0.0,Holiday,18,Winter,223
17/02/2018,-1.5,32,2.5,2000,0.0,0.0,0.0,Holiday,19,Winter,169
17/02/2018,-2.1,38,2.0,2000,0.0,0.0,0.0,Holiday,20,Winter,145
17/02/2018,-2.3,38,2.3,2000,0.0,0.0,0.0,Holiday,21,Winter,133
17/02/2018,-2.7,42,2.2,2000,0.0,0.0,0.0,Holiday,22,Winter,123
17/02/2018,-2.9,31,3.8,2000,0.0,0.0,0.0,Holiday,23,Winter,117
18/02/2018,-3.6,33,1.7,2000,0.0,0.0,0.0,No Holiday,0,Winter,99
18/02/2018,-4.4,33,1.4,2000,0.0,0.0,0.0,No Holiday,1,Winter,103
18/02/2018,-4.7,33,0.1,2000,0.0,0.0,0.0,No Holiday,2,Winter,86
18/02/2018,-4.5,26,0.0,2000,0.0,0.0,0.0,No Holiday,3,Winter,56
18/02/2018,-4.1,27,0.6,2000,0.0,0.0,0.0,No Holiday,4,Winter,37
18/02/2018,-4.0,28,0.5,2000,0.0,0.0,0.0,No Holiday,5,Winter,22
18/02/2018,-4.1,30,1.1,2000,0.0,0.0,0.0,No Holiday,6,Winter,38
18/02/2018,-4.6,31,1.2,2000,0.0,0.0,0.0,No Holiday,7,Winter,52
18/02/2018,-4.8,31,0.8,2000,0.02,0.0,0.0,No Holiday,8,Winter,92
18/02/2018,-4.1,30,0.5,2000,0.28,0.0,0.0,No Holiday,9,Winter,137
18/02/2018,-1.8,23,0.6,2000,0.8,0.0,0.0,No Holiday,10,Winter,156
18/02/2018,0.0,20,0.8,1975,1.05,0.0,0.0,No Holiday,11,Winter,183
18/02/2018,2.2,17,1.0,1979,1.75,0.0,0.0,No Holiday,12,Winter,263
18/02/2018,3.7,17,1.4,2000,1.98,0.0,0.0,No Holiday,13,Winter,337
18/02/2018,4.1,17,1.8,1996,1.87,0.0,0.0,No Holiday,14,Winter,372
18/02/2018,5.0,16,2.0,1970,1.42,0.0,0.0,No Holiday,15,Winter,440
18/02/2018,5.1,16,1.8,1998,1.17,0.0,0.0,No Holiday,16,Winter,404
18/02/2018,4.2,17,2.5,1990,0.66,0.0,0.0,No Holiday,17,Winter,354
18/02/2018,2.8,25,3.0,2000,0.22,0.0,0.0,No Holiday,18,Winter,310
18/02/2018,1.5,30,2.6,2000,0.0,0.0,0.0,No Holiday,19,Winter,238
18/02/2018,0.6,33,1.9,2000,0.0,0.0,0.0,No Holiday,20,Winter,213
18/02/2018,0.2,32,1.1,1951,0.0,0.0,0.0,No Holiday,21,Winter,226
18/02/2018,-0.3,34,1.6,1981,0.0,0.0,0.0,No Holiday,22,Winter,191
18/02/2018,-0.7,37,0.9,1814,0.0,0.0,0.0,No Holiday,23,Winter,153
19/02/2018,-1.1,39,1.7,1832,0.0,0.0,0.0,No Holiday,0,Winter,148
19/02/2018,-1.4,42,1.1,1805,0.0,0.0,0.0,No Holiday,1,Winter,101
19/02/2018,-1.4,41,1.1,1582,0.0,0.0,0.0,No Holiday,2,Winter,59
19/02/2018,-1.4,41,1.6,1870,0.0,0.0,0.0,No Holiday,3,Winter,42
19/02/2018,-1.9,44,0.7,1907,0.0,0.0,0.0,No Holiday,4,Winter,50
19/02/2018,-1.8,44,0.5,1862,0.0,0.0,0.0,No Holiday,5,Winter,59
19/02/2018,-1.4,46,0.3,1651,0.0,0.0,0.0,No Holiday,6,Winter,139
19/02/2018,-0.9,45,0.9,1820,0.0,0.0,0.0,No Holiday,7,Winter,349
19/02/2018,-1.2,51,0.8,1800,0.05,0.0,0.0,No Holiday,8,Winter,646
19/02/2018,-0.6,43,0.5,1596,0.52,0.0,0.0,No Holiday,9,Winter,347
19/02/2018,2.6,45,1.2,1230,1.17,0.0,0.0,No Holiday,10,Winter,235
19/02/2018,4.3,44,2.3,1091,1.77,0.0,0.0,No Holiday,11,Winter,314
19/02/2018,4.7,43,2.1,1131,1.38,0.0,0.0,No Holiday,12,Winter,361
19/02/2018,5.1,41,1.8,1097,1.03,0.0,0.0,No Holiday,13,Winter,332
19/02/2018,5.6,38,1.6,1087,1.1,0.0,0.0,No Holiday,14,Winter,373
19/02/2018,6.3,35,2.6,991,1.2,0.0,0.0,No Holiday,15,Winter,392
19/02/2018,6.3,35,2.9,1117,1.1,0.0,0.0,No Holiday,16,Winter,403
19/02/2018,5.7,36,3.0,1073,0.57,0.0,0.0,No Holiday,17,Winter,522
19/02/2018,4.7,43,2.4,938,0.19,0.0,0.0,No Holiday,18,Winter,819
19/02/2018,3.6,55,1.6,728,0.0,0.0,0.0,No Holiday,19,Winter,533
19/02/2018,2.4,60,1.9,661,0.0,0.0,0.0,No Holiday,20,Winter,417
19/02/2018,1.8,63,1.2,604,0.0,0.0,0.0,No Holiday,21,Winter,388
19/02/2018,1.0,69,0.7,525,0.0,0.0,0.0,No Holiday,22,Winter,357
19/02/2018,0.5,73,1.5,465,0.0,0.0,0.0,No Holiday,23,Winter,218
20/02/2018,0.0,75,2.3,394,0.0,0.0,0.0,No Holiday,0,Winter,177
20/02/2018,-0.5,76,1.6,402,0.0,0.0,0.0,No Holiday,1,Winter,172
20/02/2018,-0.8,76,0.8,421,0.0,0.0,0.0,No Holiday,2,Winter,115
20/02/2018,-1.3,80,0.7,392,0.0,0.0,0.0,No Holiday,3,Winter,63
20/02/2018,-1.6,83,0.6,368,0.0,0.0,0.0,No Holiday,4,Winter,64
20/02/2018,-1.8,82,1.3,375,0.0,0.0,0.0,No Holiday,5,Winter,79
20/02/2018,-2.1,82,1.8,381,0.0,0.0,0.0,No Holiday,6,Winter,164
20/02/2018,-2.2,76,1.9,527,0.0,0.0,0.0,No Holiday,7,Winter,404
20/02/2018,-2.1,71,1.7,610,0.06,0.0,0.0,No Holiday,8,Winter,727
20/02/2018,-1.4,56,1.4,709,0.54,0.0,0.0,No Holiday,9,Winter,384
20/02/2018,1.1,38,3.1,1184,1.13,0.0,0.0,No Holiday,10,Winter,265
20/02/2018,2.8,35,3.9,1265,1.71,0.0,0.0,No Holiday,11,Winter,322
20/02/2018,4.0,23,3.5,1785,2.03,0.0,0.0,No Holiday,12,Winter,356
20/02/2018,4.2,22,3.9,1812,2.21,0.0,0.0,No Holiday,13,Winter,370
20/02/2018,5.0,20,3.7,1866,2.12,0.0,0.0,No Holiday,14,Winter,335
20/02/2018,5.4,18,3.7,1940,1.82,0.0,0.0,No Holiday,15,Winter,431
20/02/2018,5.1,17,3.4,2000,1.2,0.0,0.0,No Holiday,16,Winter,393
20/02/2018,3.9,19,3.6,2000,0.58,0.0,0.0,No Holiday,17,Winter,514
20/02/2018,3.2,20,2.9,2000,0.16,0.0,0.0,No Holiday,18,Winter,764
20/02/2018,2.5,21,2.2,2000,0.0,0.0,0.0,No Holiday,19,Winter,522
20/02/2018,1.8,19,3.1,2000,0.0,0.0,0.0,No Holiday,20,Winter,358
20/02/2018,1.1,21,1.6,2000,0.0,0.0,0.0,No Holiday,21,Winter,415
20/02/2018,0.5,22,2.9,2000,0.0,0.0,0.0,No Holiday,22,Winter,319
20/02/2018,-0.5,26,3.3,2000,0.0,0.0,0.0,No Holiday,23,Winter,242
21/02/2018,-1.4,28,3.4,1990,0.0,0.0,0.0,No Holiday,0,Winter,171
21/02/2018,-2.2,31,1.1,1970,0.0,0.0,0.0,No Holiday,1,Winter,162
21/02/2018,-2.9,31,1.6,1931,0.0,0.0,0.0,No Holiday,2,Winter,105
21/02/2018,-3.4,32,0.9,1977,0.0,0.0,0.0,No Holiday,3,Winter,59
21/02/2018,-3.8,32,1.1,2000,0.0,0.0,0.0,No Holiday,4,Winter,50
21/02/2018,-4.0,35,1.8,2000,0.0,0.0,0.0,No Holiday,5,Winter,63
21/02/2018,-4.0,34,3.4,2000,0.0,0.0,0.0,No Holiday,6,Winter,159
21/02/2018,-4.1,35,3.5,1980,0.0,0.0,0.0,No Holiday,7,Winter,385
21/02/2018,-4.3,36,1.9,1955,0.06,0.0,0.0,No Holiday,8,Winter,718
21/02/2018,-3.8,28,1.7,1904,0.63,0.0,0.0,No Holiday,9,Winter,373
21/02/2018,-1.8,25,2.6,1913,1.17,0.0,0.0,No Holiday,10,Winter,244
21/02/2018,0.2,22,2.2,1907,1.57,0.0,0.0,No Holiday,11,Winter,276
21/02/2018,2.2,17,2.0,1824,1.99,0.0,0.0,No Holiday,12,Winter,351
21/02/2018,2.9,14,3.3,2000,2.14,0.0,0.0,No Holiday,13,Winter,299
21/02/2018,3.3,14,2.9,1985,2.49,0.0,0.0,No Holiday,14,Winter,365
21/02/2018,4.2,15,2.7,1995,2.21,0.0,0.0,No Holiday,15,Winter,366
21/02/2018,3.7,14,3.9,2000,1.71,0.0,0.0,No Holiday,16,Winter,409
21/02/2018,3.1,14,3.7,2000,1.0,0.0,0.0,No Holiday,17,Winter,469
21/02/2018,1.8,16,3.4,2000,0.31,0.0,0.0,No Holiday,18,Winter,784
21/02/2018,-0.1,39,2.8,2000,0.0,0.0,0.0,No Holiday,19,Winter,460
21/02/2018,-1.1,43,1.5,2000,0.0,0.0,0.0,No Holiday,20,Winter,356
21/02/2018,-1.6,52,2.2,2000,0.0,0.0,0.0,No Holiday,21,Winter,345
21/02/2018,-2.2,55,1.4,2000,0.0,0.0,0.0,No Holiday,22,Winter,299
21/02/2018,-2.7,58,1.1,2000,0.0,0.0,0.0,No Holiday,23,Winter,223
22/02/2018,-2.7,58,1.7,2000,0.0,0.0,0.0,No Holiday,0,Winter,195
22/02/2018,-2.2,58,1.0,2000,0.0,0.0,0.0,No Holiday,1,Winter,190
22/02/2018,-2.9,57,0.0,1985,0.0,0.0,0.0,No Holiday,2,Winter,116
22/02/2018,-2.8,57,0.5,1995,0.0,0.0,0.0,No Holiday,3,Winter,71
22/02/2018,-2.4,58,0.3,2000,0.0,0.0,0.0,No Holiday,4,Winter,66
22/02/2018,-2.4,59,1.1,1984,0.0,0.0,0.0,No Holiday,5,Winter,75
22/02/2018,-3.0,62,0.8,1996,0.0,0.0,0.0,No Holiday,6,Winter,151
22/02/2018,-3.7,64,0.7,1891,0.0,0.0,0.0,No Holiday,7,Winter,373
22/02/2018,-3.6,63,0.9,1473,0.07,0.0,0.0,No Holiday,8,Winter,783
22/02/2018,-1.9,51,0.9,1654,0.58,0.0,0.0,No Holiday,9,Winter,383
22/02/2018,0.9,44,1.1,1826,1.16,0.0,0.0,No Holiday,10,Winter,259
22/02/2018,2.7,44,0.9,1761,1.45,0.0,0.0,No Holiday,11,Winter,308
22/02/2018,4.8,47,2.6,1373,1.72,0.0,0.0,No Holiday,12,Winter,352
22/02/2018,4.5,51,3.8,1108,1.08,0.0,0.0,No Holiday,13,Winter,316
22/02/2018,4.8,50,4.3,1168,1.01,0.0,0.0,No Holiday,14,Winter,331
22/02/2018,5.0,49,4.4,1138,0.96,0.0,0.0,No Holiday,15,Winter,356
22/02/2018,5.0,50,4.3,1121,0.74,0.0,0.0,No Holiday,16,Winter,404
22/02/2018,4.6,52,3.9,1059,0.5,0.0,0.0,No Holiday,17,Winter,465
22/02/2018,3.9,56,4.0,1004,0.18,0.0,0.0,No Holiday,18,Winter,730
22/02/2018,3.5,60,2.7,936,0.0,0.0,0.0,No Holiday,19,Winter,499
22/02/2018,3.0,62,2.4,975,0.0,0.0,0.0,No Holiday,20,Winter,348
22/02/2018,2.9,64,2.5,1154,0.0,0.0,0.0,No Holiday,21,Winter,393
22/02/2018,2.9,65,2.3,1150,0.0,0.0,0.0,No Holiday,22,Winter,346
22/02/2018,2.9,63,2.6,1253,0.0,0.0,0.0,No Holiday,23,Winter,202
23/02/2018,1.7,86,2.7,54,0.0,0.4,0.4,No Holiday,0,Winter,42
23/02/2018,0.6,96,2.1,118,0.0,0.0,4.0,No Holiday,1,Winter,55
23/02/2018,0.7,97,1.4,197,0.0,0.0,4.1,No Holiday,2,Winter,62
23/02/2018,0.9,97,1.2,243,0.0,3.7,4.1,No Holiday,3,Winter,32
23/02/2018,1.1,96,2.5,241,0.0,0.0,3.9,No Holiday,4,Winter,36
23/02/2018,1.0,91,0.7,257,0.0,0.0,3.8,No Holiday,5,Winter,39
23/02/2018,0.4,95,0.3,197,0.0,0.0,3.8,No Holiday,6,Winter,63
23/02/2018,-0.1,97,0.5,179,0.0,0.0,3.8,No Holiday,7,Winter,174
23/02/2018,-0.2,97,0.4,197,0.05,0.0,3.7,No Holiday,8,Winter,391
23/02/2018,0.5,94,0.6,199,0.37,0.0,3.7,No Holiday,9,Winter,214
23/02/2018,2.2,83,0.8,221,0.92,0.0,3.7,No Holiday,10,Winter,184
23/02/2018,3.8,72,0.9,236,1.1,0.0,3.4,No Holiday,11,Winter,230
23/02/2018,5.3,70,0.9,226,1.73,0.0,1.7,No Holiday,12,Winter,283
23/02/2018,6.7,64,2.0,241,1.94,0.0,0.6,No Holiday,13,Winter,304
23/02/2018,7.8,57,2.1,277,1.39,0.0,0.0,No Holiday,14,Winter,312
23/02/2018,8.2,62,0.6,291,1.22,0.0,0.0,No Holiday,15,Winter,312
23/02/2018,8.3,60,2.7,354,0.36,0.0,0.0,No Holiday,16,Winter,354
23/02/2018,7.9,68,4.2,352,0.27,0.0,0.0,No Holiday,17,Winter,470
23/02/2018,7.5,70,5.0,374,0.08,0.0,0.0,No Holiday,18,Winter,669
23/02/2018,6.9,73,3.7,369,0.0,0.0,0.0,No Holiday,19,Winter,421
23/02/2018,6.4,77,2.8,316,0.0,0.0,0.0,No Holiday,20,Winter,295
23/02/2018,6.0,79,2.7,306,0.0,0.0,0.0,No Holiday,21,Winter,321
23/02/2018,5.7,81,2.5,292,0.0,0.0,0.0,No Holiday,22,Winter,291
23/02/2018,5.5,80,2.7,258,0.0,0.0,0.0,No Holiday,23,Winter,243
24/02/2018,4.6,82,3.0,240,0.0,0.0,0.0,No Holiday,0,Winter,226
24/02/2018,4.0,83,1.7,235,0.0,0.0,0.0,No Holiday,1,Winter,263
24/02/2018,3.7,82,1.6,229,0.0,0.0,0.0,No Holiday,2,Winter,197
24/02/2018,3.5,82,2.9,217,0.0,0.0,0.0,No Holiday,3,Winter,133
24/02/2018,2.7,82,2.8,222,0.0,0.0,0.0,No Holiday,4,Winter,63
24/02/2018,1.8,84,2.7,214,0.0,0.0,0.0,No Holiday,5,Winter,58
24/02/2018,1.2,83,2.5,245,0.0,0.0,0.0,No Holiday,6,Winter,72
24/02/2018,0.6,86,1.6,211,0.0,0.0,0.0,No Holiday,7,Winter,108
24/02/2018,0.0,77,2.8,289,0.06,0.0,0.0,No Holiday,8,Winter,203
24/02/2018,0.6,64,3.8,430,0.65,0.0,0.0,No Holiday,9,Winter,253
24/02/2018,0.8,60,2.9,497,0.71,0.0,0.0,No Holiday,10,Winter,259
24/02/2018,2.2,50,2.4,608,1.1,0.0,0.0,No Holiday,11,Winter,298
24/02/2018,4.0,37,1.4,763,1.75,0.0,0.0,No Holiday,12,Winter,363
24/02/2018,5.3,29,2.1,1007,2.08,0.0,0.0,No Holiday,13,Winter,412
24/02/2018,6.9,19,1.9,1843,2.36,0.0,0.0,No Holiday,14,Winter,454
24/02/2018,6.7,24,2.7,1536,1.95,0.0,0.0,No Holiday,15,Winter,467
24/02/2018,5.9,21,3.0,1864,1.34,0.0,0.0,No Holiday,16,Winter,509
24/02/2018,4.9,28,3.1,1477,0.77,0.0,0.0,No Holiday,17,Winter,462
24/02/2018,3.5,30,2.9,1726,0.31,0.0,0.0,No Holiday,18,Winter,379
24/02/2018,2.1,27,2.8,1883,0.01,0.0,0.0,No Holiday,19,Winter,306
24/02/2018,1.1,32,1.4,1785,0.0,0.0,0.0,No Holiday,20,Winter,233
24/02/2018,0.7,31,1.3,1923,0.0,0.0,0.0,No Holiday,21,Winter,232
24/02/2018,0.1,32,0.9,1937,0.0,0.0,0.0,No Holiday,22,Winter,219
24/02/2018,-0.6,39,1.3,1731,0.0,0.0,0.0,No Holiday,23,Winter,187
25/02/2018,-1.1,44,1.2,1741,0.0,0.0,0.0,No Holiday,0,Winter,182
25/02/2018,-1.4,43,0.6,1791,0.0,0.0,0.0,No Holiday,1,Winter,189
25/02/2018,-1.5,46,1.1,1744,0.0,0.0,0.0,No Holiday,2,Winter,124
25/02/2018,-1.3,42,0.8,1648,0.0,0.0,0.0,No Holiday,3,Winter,103
25/02/2018,-1.1,43,0.7,1558,0.0,0.0,0.0,No Holiday,4,Winter,52
25/02/2018,-0.7,41,0.9,1442,0.0,0.0,0.0,No Holiday,5,Winter,37
25/02/2018,-0.8,44,0.6,1541,0.0,0.0,0.0,No Holiday,6,Winter,54
25/02/2018,-1.0,47,0.9,1552,0.0,0.0,0.0,No Holiday,7,Winter,77
25/02/2018,-1.3,54,0.6,1597,0.06,0.0,0.0,No Holiday,8,Winter,158
25/02/2018,-0.3,48,1.1,1394,0.43,0.0,0.0,No Holiday,9,Winter,173
25/02/2018,2.1,42,1.1,1564,1.12,0.0,0.0,No Holiday,10,Winter,195
25/02/2018,4.3,29,2.6,1293,1.87,0.0,0.0,No Holiday,11,Winter,244
25/02/2018,5.5,25,3.1,1652,2.28,0.0,0.0,No Holiday,12,Winter,396
25/02/2018,6.1,22,2.4,1710,2.5,0.0,0.0,No Holiday,13,Winter,482
25/02/2018,7.0,23,2.4,1645,2.52,0.0,0.0,No Holiday,14,Winter,572
25/02/2018,7.5,21,2.7,1900,2.22,0.0,0.0,No Holiday,15,Winter,612
25/02/2018,7.6,18,3.2,1930,1.73,0.0,0.0,No Holiday,16,Winter,688
25/02/2018,6.9,25,2.9,1795,1.07,0.0,0.0,No Holiday,17,Winter,589
25/02/2018,5.2,30,2.8,1877,0.36,0.0,0.0,No Holiday,18,Winter,402
25/02/2018,3.1,40,2.6,1804,0.01,0.0,0.0,No Holiday,19,Winter,297
25/02/2018,1.3,49,2.8,1683,0.0,0.0,0.0,No Holiday,20,Winter,232
25/02/2018,0.2,55,2.5,1942,0.0,0.0,0.0,No Holiday,21,Winter,239
25/02/2018,0.0,54,2.5,1929,0.0,0.0,0.0,No Holiday,22,Winter,230
25/02/2018,-0.3,58,1.0,1945,0.0,0.0,0.0,No Holiday,23,Winter,173
26/02/2018,-0.9,60,0.7,1844,0.0,0.0,0.0,No Holiday,0,Winter,135
26/02/2018,-1.2,63,0.9,1846,0.0,0.0,0.0,No Holiday,1,Winter,122
26/02/2018,-1.7,66,0.8,1631,0.0,0.0,0.0,No Holiday,2,Winter,80
26/02/2018,-1.9,67,1.0,1575,0.0,0.0,0.0,No Holiday,3,Winter,46
26/02/2018,-2.3,69,1.1,1411,0.0,0.0,0.0,No Holiday,4,Winter,46
26/02/2018,-2.5,73,0.8,1134,0.0,0.0,0.0,No Holiday,5,Winter,65
26/02/2018,-2.7,72,0.5,1253,0.0,0.0,0.0,No Holiday,6,Winter,161
26/02/2018,-3.1,68,0.8,1417,0.0,0.0,0.0,No Holiday,7,Winter,402
26/02/2018,-2.9,63,0.7,1386,0.11,0.0,0.0,No Holiday,8,Winter,786
26/02/2018,-1.1,53,0.9,1308,0.72,0.0,0.0,No Holiday,9,Winter,416
26/02/2018,1.9,46,1.1,1233,1.39,0.0,0.0,No Holiday,10,Winter,289
26/02/2018,4.6,37,1.6,1309,1.95,0.0,0.0,No Holiday,11,Winter,356
26/02/2018,6.9,28,1.1,1301,2.35,0.0,0.0,No Holiday,12,Winter,428
26/02/2018,8.1,26,1.2,1422,2.48,0.0,0.0,No Holiday,13,Winter,444
26/02/2018,9.9,25,1.5,1401,2.43,0.0,0.0,No Holiday,14,Winter,455
26/02/2018,10.3,23,2.1,1317,2.09,0.0,0.0,No Holiday,15,Winter,521
26/02/2018,9.5,31,3.1,973,1.54,0.0,0.0,No Holiday,16,Winter,555
26/02/2018,8.7,30,3.1,1117,0.96,0.0,0.0,No Holiday,17,Winter,646
26/02/2018,7.2,26,2.3,1398,0.33,0.0,0.0,No Holiday,18,Winter,929
26/02/2018,5.5,30,2.7,1150,0.01,0.0,0.0,No Holiday,19,Winter,619
26/02/2018,4.3,32,1.7,1101,0.0,0.0,0.0,No Holiday,20,Winter,483
26/02/2018,3.3,36,1.4,1110,0.0,0.0,0.0,No Holiday,21,Winter,512
26/02/2018,2.7,40,1.0,1089,0.0,0.0,0.0,No Holiday,22,Winter,443
26/02/2018,2.8,39,0.7,1065,0.0,0.0,0.0,No Holiday,23,Winter,308
27/02/2018,2.6,40,1.8,1095,0.0,0.0,0.0,No Holiday,0,Winter,236
27/02/2018,2.1,44,0.9,1107,0.0,0.0,0.0,No Holiday,1,Winter,213
27/02/2018,1.5,44,1.2,1079,0.0,0.0,0.0,No Holiday,2,Winter,145
27/02/2018,1.1,44,1.0,1128,0.0,0.0,0.0,No Holiday,3,Winter,102
27/02/2018,0.9,46,0.8,1140,0.0,0.0,0.0,No Holiday,4,Winter,62
27/02/2018,0.6,50,0.1,1026,0.0,0.0,0.0,No Holiday,5,Winter,72
27/02/2018,0.6,50,0.4,985,0.0,0.0,0.0,No Holiday,6,Winter,183
27/02/2018,1.3,47,0.7,1084,0.0,0.0,0.0,No Holiday,7,Winter,443
27/02/2018,2.0,51,0.7,990,0.0,0.0,0.0,No Holiday,8,Winter,767
27/02/2018,2.5,51,1.0,866,0.07,0.0,0.0,No Holiday,9,Winter,455
27/02/2018,3.3,47,0.7,818,0.22,0.0,0.0,No Holiday,10,Winter,261
27/02/2018,4.8,41,0.8,792,0.53,0.0,0.0,No Holiday,11,Winter,342
27/02/2018,5.4,37,0.7,815,0.43,0.0,0.0,No Holiday,12,Winter,353
27/02/2018,5.8,39,0.6,931,0.35,0.0,0.0,No Holiday,13,Winter,335
27/02/2018,6.3,40,0.8,943,0.34,0.0,0.0,No Holiday,14,Winter,357
27/02/2018,6.7,48,0.8,817,0.39,0.0,0.0,No Holiday,15,Winter,402
27/02/2018,6.9,54,1.1,692,0.32,0.0,0.0,No Holiday,16,Winter,411
27/02/2018,6.8,57,1.0,623,0.16,0.0,0.0,No Holiday,17,Winter,529
27/02/2018,6.6,62,0.8,522,0.05,0.0,0.0,No Holiday,18,Winter,897
27/02/2018,6.1,44,1.0,750,0.0,0.0,0.0,No Holiday,19,Winter,616
27/02/2018,5.9,44,1.3,733,0.0,0.0,0.0,No Holiday,20,Winter,461
27/02/2018,5.7,46,0.8,727,0.0,0.0,0.0,No Holiday,21,Winter,449
27/02/2018,5.4,49,1.1,687,0.0,0.0,0.0,No Holiday,22,Winter,461
27/02/2018,5.3,53,1.5,582,0.0,0.0,0.0,No Holiday,23,Winter,310
28/02/2018,5.1,52,1.1,614,0.0,0.0,0.0,No Holiday,0,Winter,266
28/02/2018,5.0,53,1.4,557,0.0,0.0,0.0,No Holiday,1,Winter,229
28/02/2018,5.2,54,1.3,516,0.0,0.0,0.0,No Holiday,2,Winter,174
28/02/2018,5.3,55,1.7,488,0.0,0.0,0.0,No Holiday,3,Winter,116
28/02/2018,5.4,56,1.7,472,0.0,0.0,0.0,No Holiday,4,Winter,72
28/02/2018,5.2,59,1.7,437,0.0,0.0,0.0,No Holiday,5,Winter,62
28/02/2018,5.2,60,1.9,430,0.0,0.0,0.0,No Holiday,6,Winter,165
28/02/2018,5.5,59,2.8,448,0.0,0.0,0.0,No Holiday,7,Winter,426
28/02/2018,5.7,57,2.5,458,0.04,0.0,0.0,No Holiday,8,Winter,816
28/02/2018,6.2,55,2.4,478,0.13,0.0,0.0,No Holiday,9,Winter,419
28/02/2018,6.5,53,2.0,518,0.21,0.0,0.0,No Holiday,10,Winter,285
28/02/2018,7.1,50,2.2,534,0.33,0.0,0.0,No Holiday,11,Winter,332
28/02/2018,7.6,48,2.6,600,0.39,0.0,0.0,No Holiday,12,Winter,305
28/02/2018,7.6,57,2.3,554,0.33,0.0,0.0,No Holiday,13,Winter,28
28/02/2018,5.7,80,3.7,348,0.13,0.0,0.0,No Holiday,14,Winter,17
28/02/2018,4.8,87,2.9,312,0.08,4.5,0.0,No Holiday,15,Winter,7
28/02/2018,4.2,89,2.5,479,0.07,0.0,0.0,No Holiday,16,Winter,9
28/02/2018,3.8,90,2.7,654,0.0,0.0,0.0,No Holiday,17,Winter,8
28/02/2018,3.6,90,2.1,845,0.0,9.5,0.0,No Holiday,18,Winter,11
28/02/2018,2.5,95,1.9,838,0.0,0.0,0.0,No Holiday,19,Winter,19
28/02/2018,2.7,96,1.5,1479,0.0,0.0,0.0,No Holiday,20,Winter,8
28/02/2018,2.4,95,2.5,1349,0.0,9.0,0.0,No Holiday,21,Winter,10
28/02/2018,2.3,96,1.9,1207,0.0,0.0,0.0,No Holiday,22,Winter,13
28/02/2018,1.8,96,1.2,745,0.0,0.0,0.0,No Holiday,23,Winter,23
01/03/2018,2.0,96,1.3,1894,0.0,2.0,0.0,Holiday,0,Spring,71
01/03/2018,2.1,97,0.2,859,0.0,0.0,0.0,Holiday,1,Spring,147
01/03/2018,2.0,97,1.0,580,0.0,0.0,0.0,Holiday,2,Spring,180
01/03/2018,1.6,97,2.3,469,0.0,0.1,0.0,Holiday,3,Spring,92
01/03/2018,1.6,97,1.1,636,0.0,0.0,0.0,Holiday,4,Spring,28
01/03/2018,2.2,97,2.9,362,0.0,0.0,0.0,Holiday,5,Spring,11
01/03/2018,3.0,96,2.7,303,0.0,0.4,0.0,Holiday,6,Spring,33
01/03/2018,2.6,89,4.3,320,0.0,0.0,0.0,Holiday,7,Spring,61
01/03/2018,1.5,80,3.2,1246,0.04,0.0,0.0,Holiday,8,Spring,148
01/03/2018,0.1,78,4.9,615,0.09,0.0,0.0,Holiday,9,Spring,160
01/03/2018,0.1,53,5.3,1022,1.12,0.0,0.0,Holiday,10,Spring,191
01/03/2018,0.8,52,4.6,1035,2.2,0.0,0.0,Holiday,11,Spring,239
01/03/2018,0.5,46,4.7,1172,2.49,0.0,0.0,Holiday,12,Spring,311
01/03/2018,1.4,37,4.0,1681,2.95,0.0,0.0,Holiday,13,Spring,358
01/03/2018,1.2,36,6.0,1430,2.86,0.0,0.0,Holiday,14,Spring,375
01/03/2018,1.6,35,4.5,1567,2.54,0.0,0.0,Holiday,15,Spring,458
01/03/2018,1.4,33,4.8,1480,1.98,0.0,0.0,Holiday,16,Spring,460
01/03/2018,0.4,37,5.2,1366,1.23,0.0,0.0,Holiday,17,Spring,423
01/03/2018,-0.8,40,4.7,1429,0.43,0.0,0.0,Holiday,18,Spring,317
01/03/2018,-1.7,45,3.3,1375,0.01,0.0,0.0,Holiday,19,Spring,231
01/03/2018,-2.2,49,3.5,1325,0.0,0.0,0.0,Holiday,20,Spring,246
01/03/2018,-3.0,50,3.7,1301,0.0,0.0,0.0,Holiday,21,Spring,212
01/03/2018,-3.6,52,3.7,1277,0.0,0.0,0.0,Holiday,22,Spring,190
01/03/2018,-4.0,52,3.4,1272,0.0,0.0,0.0,Holiday,23,Spring,190
02/03/2018,-4.3,53,2.6,1334,0.0,0.0,0.0,No Holiday,0,Spring,156
02/03/2018,-4.6,52,2.1,1372,0.0,0.0,0.0,No Holiday,1,Spring,108
02/03/2018,-5.3,52,1.2,1434,0.0,0.0,0.0,No Holiday,2,Spring,71
02/03/2018,-5.7,50,1.7,1559,0.0,0.0,0.0,No Holiday,3,Spring,49
02/03/2018,-5.8,48,1.5,1552,0.0,0.0,0.0,No Holiday,4,Spring,47
02/03/2018,-6.1,49,1.0,1621,0.0,0.0,0.0,No Holiday,5,Spring,65
02/03/2018,-6.4,50,1.5,1593,0.0,0.0,0.0,No Holiday,6,Spring,135
02/03/2018,-6.6,52,0.5,1555,0.0,0.0,0.0,No Holiday,7,Spring,401
02/03/2018,-6.2,45,0.4,1600,0.17,0.0,0.0,No Holiday,8,Spring,617
02/03/2018,-4.6,34,1.2,1583,0.87,0.0,0.0,No Holiday,9,Spring,343
02/03/2018,-1.8,30,2.1,1608,1.59,0.0,0.0,No Holiday,10,Spring,274
02/03/2018,0.1,30,1.8,1640,2.19,0.0,0.0,No Holiday,11,Spring,343
02/03/2018,1.8,26,2.2,1556,2.61,0.0,0.0,No Holiday,12,Spring,388
02/03/2018,2.3,22,3.1,1627,2.83,0.0,0.0,No Holiday,13,Spring,375
02/03/2018,3.4,23,2.4,1545,2.74,0.0,0.0,No Holiday,14,Spring,450
02/03/2018,4.3,22,1.3,1837,2.48,0.0,0.0,No Holiday,15,Spring,463
02/03/2018,5.2,21,2.1,1721,1.97,0.0,0.0,No Holiday,16,Spring,574
02/03/2018,4.3,21,2.5,1961,1.13,0.0,0.0,No Holiday,17,Spring,631
02/03/2018,3.5,22,0.9,1961,0.43,0.0,0.0,No Holiday,18,Spring,854
02/03/2018,2.0,26,2.3,1985,0.02,0.0,0.0,No Holiday,19,Spring,568
02/03/2018,1.2,35,2.5,1977,0.0,0.0,0.0,No Holiday,20,Spring,427
02/03/2018,1.0,34,1.4,1880,0.0,0.0,0.0,No Holiday,21,Spring,396
02/03/2018,0.5,38,0.9,1907,0.0,0.0,0.0,No Holiday,22,Spring,414
02/03/2018,0.3,38,0.2,1895,0.0,0.0,0.0,No Holiday,23,Spring,284
03/03/2018,0.5,34,0.4,1889,0.0,0.0,0.0,No Holiday,0,Spring,218
03/03/2018,0.6,36,0.4,1933,0.0,0.0,0.0,No Holiday,1,Spring,229
03/03/2018,0.9,35,0.5,1856,0.0,0.0,0.0,No Holiday,2,Spring,176
03/03/2018,0.8,38,0.8,1594,0.0,0.0,0.0,No Holiday,3,Spring,149
03/03/2018,0.6,43,0.9,1599,0.0,0.0,0.0,No Holiday,4,Spring,93
03/03/2018,0.8,39,1.0,1463,0.0,0.0,0.0,No Holiday,5,Spring,55
03/03/2018,0.5,42,0.9,1543,0.0,0.0,0.0,No Holiday,6,Spring,71
03/03/2018,0.1,43,1.4,1502,0.0,0.0,0.0,No Holiday,7,Spring,159
03/03/2018,0.4,38,1.8,1564,0.16,0.0,0.0,No Holiday,8,Spring,306
03/03/2018,2.2,30,1.5,1513,0.81,0.0,0.0,No Holiday,9,Spring,329
03/03/2018,5.1,27,1.2,1563,1.54,0.0,0.0,No Holiday,10,Spring,354
03/03/2018,8.1,21,2.1,1738,2.15,0.0,0.0,No Holiday,11,Spring,431
03/03/2018,10.7,16,1.7,1657,2.56,0.0,0.0,No Holiday,12,Spring,605
03/03/2018,12.2,14,1.6,1896,2.75,0.0,0.0,No Holiday,13,Spring,771
03/03/2018,14.4,14,1.4,1833,2.66,0.0,0.0,No Holiday,14,Spring,1025
03/03/2018,16.0,14,2.2,1828,2.33,0.0,0.0,No Holiday,15,Spring,1238
03/03/2018,15.8,15,2.6,1867,1.7,0.0,0.0,No Holiday,16,Spring,1285
03/03/2018,15.0,22,2.5,1946,0.96,0.0,0.0,No Holiday,17,Spring,1197
03/03/2018,13.9,26,1.9,1995,0.41,0.0,0.0,No Holiday,18,Spring,920
03/03/2018,12.7,32,2.3,2000,0.01,0.0,0.0,No Holiday,19,Spring,630
03/03/2018,11.1,51,3.7,1957,0.0,0.0,0.0,No Holiday,20,Spring,631
03/03/2018,10.3,52,2.2,1843,0.0,0.0,0.0,No Holiday,21,Spring,588
03/03/2018,10.2,49,1.7,1972,0.0,0.0,0.0,No Holiday,22,Spring,516
03/03/2018,9.4,74,1.6,559,0.0,0.0,0.0,No Holiday,23,Spring,215
04/03/2018,8.5,87,0.9,303,0.0,0.0,0.0,No Holiday,0,Spring,161
04/03/2018,8.3,91,0.1,282,0.0,0.0,0.0,No Holiday,1,Spring,118
04/03/2018,8.3,95,0.3,243,0.0,0.0,0.0,No Holiday,2,Spring,95
04/03/2018,8.5,96,0.4,238,0.0,0.1,0.0,No Holiday,3,Spring,90
04/03/2018,8.8,95,0.2,218,0.0,0.0,0.0,No Holiday,4,Spring,34
04/03/2018,8.8,96,1.2,196,0.0,0.0,0.0,No Holiday,5,Spring,15
04/03/2018,8.6,96,0.7,224,0.0,0.2,0.0,No Holiday,6,Spring,20
04/03/2018,8.4,97,2.6,122,0.0,0.0,0.0,No Holiday,7,Spring,23
04/03/2018,8.3,97,0.6,152,0.01,0.0,0.0,No Holiday,8,Spring,70
04/03/2018,8.8,97,1.3,196,0.2,0.2,0.0,No Holiday,9,Spring,157
04/03/2018,9.8,90,0.8,335,0.64,0.0,0.0,No Holiday,10,Spring,239
04/03/2018,10.1,88,0.7,453,0.34,0.0,0.0,No Holiday,11,Spring,273
04/03/2018,10.7,85,0.9,393,0.52,0.0,0.0,No Holiday,12,Spring,358
04/03/2018,10.8,84,1.2,400,0.44,0.0,0.0,No Holiday,13,Spring,429
04/03/2018,11.2,83,1.1,518,0.45,0.0,0.0,No Holiday,14,Spring,475
04/03/2018,11.7,81,1.2,616,0.53,0.0,0.0,No Holiday,15,Spring,468
04/03/2018,11.7,82,1.1,753,0.32,0.0,0.0,No Holiday,16,Spring,396
04/03/2018,11.8,82,1.7,990,0.4,0.0,0.0,No Holiday,17,Spring,492
04/03/2018,11.5,81,1.5,1475,0.07,0.0,0.0,No Holiday,18,Spring,436
04/03/2018,11.2,81,2.3,1614,0.0,0.0,0.0,No Holiday,19,Spring,289
04/03/2018,11.3,80,1.2,1978,0.0,0.0,0.0,No Holiday,20,Spring,26
04/03/2018,10.6,89,2.1,606,0.0,2.0,0.0,No Holiday,21,Spring,7
04/03/2018,9.6,92,2.5,721,0.0,0.0,0.0,No Holiday,22,Spring,8
04/03/2018,8.7,91,2.9,957,0.0,0.0,0.0,No Holiday,23,Spring,9
05/03/2018,7.6,88,2.5,1974,0.0,9.0,0.0,No Holiday,0,Spring,22
05/03/2018,7.0,88,2.5,2000,0.0,0.0,0.0,No Holiday,1,Spring,23
05/03/2018,6.3,89,2.2,1456,0.0,0.0,0.0,No Holiday,2,Spring,9
05/03/2018,5.7,92,2.0,458,0.0,1.5,0.0,No Holiday,3,Spring,2
05/03/2018,5.1,90,2.6,1005,0.0,0.0,0.0,No Holiday,4,Spring,4
05/03/2018,4.7,89,2.3,1242,0.0,0.0,0.0,No Holiday,5,Spring,22
05/03/2018,4.2,87,2.0,1979,0.0,2.0,0.0,No Holiday,6,Spring,20
05/03/2018,3.8,87,2.2,2000,0.0,0.0,0.0,No Holiday,7,Spring,85
05/03/2018,3.6,88,2.3,2000,0.03,0.0,0.0,No Holiday,8,Spring,184
05/03/2018,3.7,85,1.8,2000,0.17,0.0,0.0,No Holiday,9,Spring,211
05/03/2018,4.4,80,1.8,2000,0.56,0.0,0.0,No Holiday,10,Spring,232
05/03/2018,6.1,66,1.9,2000,1.42,0.0,0.0,No Holiday,11,Spring,322
05/03/2018,7.6,58,2.4,2000,1.85,0.0,0.0,No Holiday,12,Spring,438
05/03/2018,8.3,51,2.0,2000,1.42,0.0,0.0,No Holiday,13,Spring,465
05/03/2018,10.0,44,1.9,2000,2.46,0.0,0.0,No Holiday,14,Spring,550
05/03/2018,10.3,43,2.5,2000,2.45,0.0,0.0,No Holiday,15,Spring,637
05/03/2018,11.0,39,1.2,2000,1.96,0.0,0.0,No Holiday,16,Spring,718
05/03/2018,10.0,43,1.4,2000,1.12,0.0,0.0,No Holiday,17,Spring,865
05/03/2018,8.1,47,1.7,2000,0.34,0.0,0.0,No Holiday,18,Spring,1155
05/03/2018,5.8,53,1.7,2000,0.02,0.0,0.0,No Holiday,19,Spring,782
05/03/2018,4.3,57,1.3,2000,0.0,0.0,0.0,No Holiday,20,Spring,578
05/03/2018,3.1,59,1.5,2000,0.0,0.0,0.0,No Holiday,21,Spring,533
05/03/2018,2.3,63,1.0,2000,0.0,0.0,0.0,No Holiday,22,Spring,466
05/03/2018,1.9,60,1.3,2000,0.0,0.0,0.0,No Holiday,23,Spring,274
06/03/2018,1.3,69,0.8,2000,0.0,0.0,0.0,No Holiday,0,Spring,224
06/03/2018,0.8,67,0.8,2000,0.0,0.0,0.0,No Holiday,1,Spring,188
06/03/2018,0.3,71,0.9,1999,0.0,0.0,0.0,No Holiday,2,Spring,122
06/03/2018,0.1,71,0.4,2000,0.0,0.0,0.0,No Holiday,3,Spring,82
06/03/2018,-0.5,75,0.6,1967,0.0,0.0,0.0,No Holiday,4,Spring,79
06/03/2018,-0.9,78,0.6,1687,0.0,0.0,0.0,No Holiday,5,Spring,80
06/03/2018,-1.0,77,0.4,1578,0.0,0.0,0.0,No Holiday,6,Spring,214
06/03/2018,-1.0,78,0.6,1484,0.0,0.0,0.0,No Holiday,7,Spring,583
06/03/2018,-0.7,76,1.0,1461,0.2,0.0,0.0,No Holiday,8,Spring,997
06/03/2018,1.2,62,0.8,1338,0.85,0.0,0.0,No Holiday,9,Spring,556
06/03/2018,3.7,51,1.3,1596,1.56,0.0,0.0,No Holiday,10,Spring,380
06/03/2018,6.3,41,1.3,1519,2.12,0.0,0.0,No Holiday,11,Spring,475
06/03/2018,8.5,34,1.9,1876,2.55,0.0,0.0,No Holiday,12,Spring,504
06/03/2018,9.3,27,2.2,1816,2.65,0.0,0.0,No Holiday,13,Spring,528
06/03/2018,9.2,27,2.9,1880,2.32,0.0,0.0,No Holiday,14,Spring,567
06/03/2018,10.1,24,1.8,1839,2.12,0.0,0.0,No Holiday,15,Spring,616
06/03/2018,10.6,26,1.9,1955,1.75,0.0,0.0,No Holiday,16,Spring,680
06/03/2018,10.2,27,2.8,1826,1.22,0.0,0.0,No Holiday,17,Spring,883
06/03/2018,8.7,28,3.2,2000,0.49,0.0,0.0,No Holiday,18,Spring,1246
06/03/2018,7.1,30,2.7,2000,0.02,0.0,0.0,No Holiday,19,Spring,833
06/03/2018,6.1,31,2.8,2000,0.0,0.0,0.0,No Holiday,20,Spring,666
06/03/2018,5.5,33,3.2,1995,0.0,0.0,0.0,No Holiday,21,Spring,625
06/03/2018,4.5,40,1.3,1871,0.0,0.0,0.0,No Holiday,22,Spring,514
06/03/2018,3.5,44,0.9,1905,0.0,0.0,0.0,No Holiday,23,Spring,361
07/03/2018,2.8,45,1.7,1493,0.0,0.0,0.0,No Holiday,0,Spring,289
07/03/2018,2.8,46,2.0,1709,0.0,0.0,0.0,No Holiday,1,Spring,194
07/03/2018,2.6,50,1.3,1962,0.0,0.0,0.0,No Holiday,2,Spring,134
07/03/2018,2.7,55,1.5,1989,0.0,0.0,0.0,No Holiday,3,Spring,92
07/03/2018,2.6,61,1.7,1998,0.0,0.0,0.0,No Holiday,4,Spring,49
07/03/2018,2.5,63,1.3,1987,0.0,0.0,0.0,No Holiday,5,Spring,97
07/03/2018,2.4,65,1.8,1989,0.0,0.0,0.0,No Holiday,6,Spring,232
07/03/2018,2.2,65,1.9,2000,0.0,0.0,0.0,No Holiday,7,Spring,598
07/03/2018,2.6,63,1.6,1857,0.14,0.0,0.0,No Holiday,8,Spring,1032
07/03/2018,3.8,58,2.0,1785,0.49,0.0,0.0,No Holiday,9,Spring,566
07/03/2018,5.2,52,1.5,1808,0.74,0.0,0.0,No Holiday,10,Spring,410
07/03/2018,8.0,43,1.7,1909,1.74,0.0,0.0,No Holiday,11,Spring,441
07/03/2018,9.6,39,1.8,1982,2.09,0.0,0.0,No Holiday,12,Spring,550
07/03/2018,9.9,39,1.9,1911,1.61,0.0,0.0,No Holiday,13,Spring,509
07/03/2018,9.8,38,0.9,1908,0.93,0.0,0.0,No Holiday,14,Spring,505
07/03/2018,10.2,34,2.3,1919,1.19,0.0,0.0,No Holiday,15,Spring,620
07/03/2018,10.4,36,3.2,1963,1.02,0.0,0.0,No Holiday,16,Spring,646
07/03/2018,10.4,37,1.0,2000,0.67,0.0,0.0,No Holiday,17,Spring,849
07/03/2018,9.6,42,2.0,2000,0.14,0.0,0.0,No Holiday,18,Spring,1365
07/03/2018,8.9,44,2.3,2000,0.0,0.0,0.0,No Holiday,19,Spring,799
07/03/2018,8.5,46,1.0,1977,0.0,0.0,0.0,No Holiday,20,Spring,587
07/03/2018,7.9,56,1.4,1975,0.0,0.0,0.0,No Holiday,21,Spring,411
07/03/2018,7.2,60,1.4,1928,0.0,0.0,0.0,No Holiday,22,Spring,147
07/03/2018,6.0,79,2.0,918,0.0,0.0,0.0,No Holiday,23,Spring,48
08/03/2018,5.2,83,1.5,733,0.0,0.5,0.0,No Holiday,0,Spring,49
08/03/2018,4.7,86,0.7,717,0.0,0.0,0.0,No Holiday,1,Spring,23
08/03/2018,4.2,88,0.9,553,0.0,0.0,0.0,No Holiday,2,Spring,19
08/03/2018,3.8,90,0.8,448,0.0,2.0,0.0,No Holiday,3,Spring,12
08/03/2018,3.3,90,1.3,682,0.0,0.0,0.0,No Holiday,4,Spring,8
08/03/2018,3.1,90,1.2,974,0.0,0.0,0.0,No Holiday,5,Spring,17
08/03/2018,3.1,89,0.2,903,0.0,1.5,0.0,No Holiday,6,Spring,32
08/03/2018,3.0,90,0.7,578,0.0,0.0,0.0,No Holiday,7,Spring,64
08/03/2018,3.0,94,0.3,444,0.01,0.0,0.0,No Holiday,8,Spring,88
08/03/2018,3.4,90,1.5,386,0.21,0.5,0.0,No Holiday,9,Spring,100
08/03/2018,3.6,88,2.6,681,0.44,0.0,0.0,No Holiday,10,Spring,165
08/03/2018,4.5,82,2.0,1226,0.73,0.0,0.0,No Holiday,11,Spring,290
08/03/2018,5.6,72,3.0,1700,0.89,0.0,0.0,No Holiday,12,Spring,375
08/03/2018,6.7,65,3.2,1651,1.76,0.0,0.0,No Holiday,13,Spring,405
08/03/2018,7.7,62,2.4,1758,1.64,0.0,0.0,No Holiday,14,Spring,452
08/03/2018,9.2,53,3.3,1896,2.23,0.0,0.0,No Holiday,15,Spring,555
08/03/2018,9.5,56,3.1,994,1.1,0.0,0.0,No Holiday,16,Spring,594
08/03/2018,7.5,64,4.3,538,0.88,0.0,0.0,No Holiday,17,Spring,757
08/03/2018,5.9,68,3.4,543,0.38,0.0,0.0,No Holiday,18,Spring,1091
08/03/2018,4.5,72,2.7,529,0.03,0.0,0.0,No Holiday,19,Spring,683
08/03/2018,3.3,74,2.6,494,0.0,0.0,0.0,No Holiday,20,Spring,586
08/03/2018,3.1,74,3.2,465,0.0,0.0,0.0,No Holiday,21,Spring,533
08/03/2018,2.8,74,2.1,469,0.0,0.0,0.0,No Holiday,22,Spring,498
08/03/2018,2.8,73,1.8,468,0.0,0.0,0.0,No Holiday,23,Spring,315
09/03/2018,3.0,72,2.3,473,0.0,0.0,0.0,No Holiday,0,Spring,272
09/03/2018,2.8,73,2.6,413,0.0,0.0,0.0,No Holiday,1,Spring,228
09/03/2018,2.8,74,1.2,415,0.0,0.0,0.0,No Holiday,2,Spring,155
09/03/2018,2.7,75,0.7,417,0.0,0.0,0.0,No Holiday,3,Spring,105
09/03/2018,2.5,76,1.0,403,0.0,0.0,0.0,No Holiday,4,Spring,66
09/03/2018,2.5,76,0.7,544,0.0,0.0,0.0,No Holiday,5,Spring,88
09/03/2018,2.5,71,1.1,1055,0.0,0.0,0.0,No Holiday,6,Spring,195
09/03/2018,1.6,76,0.7,1024,0.0,0.0,0.0,No Holiday,7,Spring,574
09/03/2018,1.8,67,0.7,1917,0.19,0.0,0.0,No Holiday,8,Spring,1041
09/03/2018,3.5,60,1.3,1969,0.71,0.0,0.0,No Holiday,9,Spring,570
09/03/2018,4.8,54,1.3,1921,0.78,0.0,0.0,No Holiday,10,Spring,361
09/03/2018,5.9,51,0.7,1866,0.91,0.0,0.0,No Holiday,11,Spring,444
09/03/2018,6.8,51,1.0,1617,1.13,0.0,0.0,No Holiday,12,Spring,510
09/03/2018,7.5,44,2.0,1526,1.24,0.0,0.0,No Holiday,13,Spring,509
09/03/2018,8.0,42,1.5,1690,1.24,0.0,0.0,No Holiday,14,Spring,542
09/03/2018,7.7,51,2.9,670,0.94,0.0,0.0,No Holiday,15,Spring,611
09/03/2018,9.6,38,1.7,1052,1.71,0.0,0.0,No Holiday,16,Spring,686
09/03/2018,8.9,46,1.8,789,1.0,0.0,0.0,No Holiday,17,Spring,834
09/03/2018,7.0,55,2.0,705,0.35,0.0,0.0,No Holiday,18,Spring,1231
09/03/2018,5.4,60,3.9,990,0.02,0.0,0.0,No Holiday,19,Spring,718
09/03/2018,4.3,67,1.1,1125,0.0,0.0,0.0,No Holiday,20,Spring,535
09/03/2018,3.5,69,1.4,1177,0.0,0.0,0.0,No Holiday,21,Spring,537
09/03/2018,2.9,69,1.2,1179,0.0,0.0,0.0,No Holiday,22,Spring,521
09/03/2018,2.5,72,1.5,1071,0.0,0.0,0.0,No Holiday,23,Spring,309
10/03/2018,2.1,74,1.4,970,0.0,0.0,0.0,No Holiday,0,Spring,328
10/03/2018,2.0,75,1.0,658,0.0,0.0,0.0,No Holiday,1,Spring,305
10/03/2018,1.6,79,0.9,685,0.0,0.0,0.0,No Holiday,2,Spring,241
10/03/2018,1.3,80,0.6,705,0.0,0.0,0.0,No Holiday,3,Spring,139
10/03/2018,0.9,81,0.6,620,0.0,0.0,0.0,No Holiday,4,Spring,91
10/03/2018,0.8,80,0.3,565,0.0,0.0,0.0,No Holiday,5,Spring,79
10/03/2018,1.1,78,1.1,538,0.0,0.0,0.0,No Holiday,6,Spring,74
10/03/2018,0.9,78,1.1,535,0.0,0.0,0.0,No Holiday,7,Spring,208
10/03/2018,1.5,73,1.2,466,0.11,0.0,0.0,No Holiday,8,Spring,340
10/03/2018,2.7,71,1.3,418,0.3,0.0,0.0,No Holiday,9,Spring,381
10/03/2018,3.5,65,2.4,539,0.87,0.0,0.0,No Holiday,10,Spring,416
10/03/2018,5.7,58,2.3,700,2.08,0.0,0.0,No Holiday,11,Spring,497
10/03/2018,7.1,50,2.2,909,2.47,0.0,0.0,No Holiday,12,Spring,650
10/03/2018,8.2,42,3.1,1261,2.66,0.0,0.0,No Holiday,13,Spring,757
10/03/2018,9.2,38,2.6,1377,2.53,0.0,0.0,No Holiday,14,Spring,906
10/03/2018,8.1,36,4.7,1964,2.23,0.0,0.0,No Holiday,15,Spring,931
10/03/2018,8.3,37,3.8,1867,1.73,0.0,0.0,No Holiday,16,Spring,972
10/03/2018,7.7,46,2.8,1635,1.05,0.0,0.0,No Holiday,17,Spring,829
10/03/2018,6.2,61,3.2,1411,0.4,0.0,0.0,No Holiday,18,Spring,664
10/03/2018,5.3,67,2.6,1314,0.02,0.0,0.0,No Holiday,19,Spring,573
10/03/2018,5.2,69,1.8,1196,0.0,0.0,0.0,No Holiday,20,Spring,447
10/03/2018,5.0,73,2.2,1173,0.0,0.0,0.0,No Holiday,21,Spring,470
10/03/2018,5.0,75,2.2,1084,0.0,0.0,0.0,No Holiday,22,Spring,421
10/03/2018,5.1,75,1.4,950,0.0,0.0,0.0,No Holiday,23,Spring,345
11/03/2018,5.1,77,1.9,718,0.0,0.0,0.0,No Holiday,0,Spring,376
11/03/2018,4.8,80,1.3,583,0.0,0.0,0.0,No Holiday,1,Spring,222
11/03/2018,4.7,78,1.5,466,0.0,0.0,0.0,No Holiday,2,Spring,171
11/03/2018,4.4,80,1.6,393,0.0,0.0,0.0,No Holiday,3,Spring,115
11/03/2018,4.2,81,1.3,333,0.0,0.0,0.0,No Holiday,4,Spring,80
11/03/2018,3.9,85,1.6,264,0.0,0.0,0.0,No Holiday,5,Spring,45
11/03/2018,3.4,85,1.5,234,0.0,0.0,0.0,No Holiday,6,Spring,63
11/03/2018,2.9,84,1.9,241,0.0,0.0,0.0,No Holiday,7,Spring,119
11/03/2018,2.8,82,1.2,240,0.19,0.0,0.0,No Holiday,8,Spring,212
11/03/2018,3.9,77,2.0,263,0.65,0.0,0.0,No Holiday,9,Spring,289
11/03/2018,5.9,69,2.6,330,1.43,0.0,0.0,No Holiday,10,Spring,394
11/03/2018,7.6,54,1.6,430,2.06,0.0,0.0,No Holiday,11,Spring,425
11/03/2018,9.2,40,2.6,592,2.47,0.0,0.0,No Holiday,12,Spring,666
11/03/2018,10.3,31,2.1,885,2.67,0.0,0.0,No Holiday,13,Spring,843
11/03/2018,11.6,20,2.7,1647,2.69,0.0,0.0,No Holiday,14,Spring,1154
11/03/2018,11.9,26,2.8,1338,2.34,0.0,0.0,No Holiday,15,Spring,1294
11/03/2018,11.9,25,2.7,1424,1.83,0.0,0.0,No Holiday,16,Spring,1205
11/03/2018,11.1,25,2.0,1765,1.19,0.0,0.0,No Holiday,17,Spring,1028
11/03/2018,9.4,22,2.9,1995,0.55,0.0,0.0,No Holiday,18,Spring,776
11/03/2018,7.8,28,1.9,1982,0.04,0.0,0.0,No Holiday,19,Spring,596
11/03/2018,6.7,32,1.9,1722,0.0,0.0,0.0,No Holiday,20,Spring,530
11/03/2018,5.7,34,1.0,1520,0.0,0.0,0.0,No Holiday,21,Spring,533
11/03/2018,5.3,31,2.3,1842,0.0,0.0,0.0,No Holiday,22,Spring,419
11/03/2018,4.2,34,1.7,1476,0.0,0.0,0.0,No Holiday,23,Spring,288
12/03/2018,3.5,46,1.1,1040,0.0,0.0,0.0,No Holiday,0,Spring,222
12/03/2018,2.9,51,0.8,1119,0.0,0.0,0.0,No Holiday,1,Spring,163
12/03/2018,2.7,46,0.4,1363,0.0,0.0,0.0,No Holiday,2,Spring,95
12/03/2018,2.3,48,0.8,1448,0.0,0.0,0.0,No Holiday,3,Spring,60
12/03/2018,2.8,52,0.6,1249,0.0,0.0,0.0,No Holiday,4,Spring,47
12/03/2018,3.3,53,0.4,1208,0.0,0.0,0.0,No Holiday,5,Spring,106
12/03/2018,2.8,57,0.7,920,0.0,0.0,0.0,No Holiday,6,Spring,261
12/03/2018,3.0,53,0.5,1094,0.0,0.0,0.0,No Holiday,7,Spring,662
12/03/2018,3.8,47,0.8,1229,0.06,0.0,0.0,No Holiday,8,Spring,1066
12/03/2018,4.8,43,1.0,1200,0.18,0.0,0.0,No Holiday,9,Spring,604
12/03/2018,6.6,40,1.0,1061,0.65,0.0,0.0,No Holiday,10,Spring,406
12/03/2018,9.2,33,1.1,892,1.54,0.0,0.0,No Holiday,11,Spring,463
12/03/2018,11.7,32,1.6,690,1.99,0.0,0.0,No Holiday,12,Spring,581
12/03/2018,13.6,34,1.8,458,2.23,0.0,0.0,No Holiday,13,Spring,588
12/03/2018,14.9,34,2.8,403,2.22,0.0,0.0,No Holiday,14,Spring,603
12/03/2018,15.3,32,2.9,458,2.02,0.0,0.0,No Holiday,15,Spring,694
12/03/2018,14.5,34,3.1,471,1.59,0.0,0.0,No Holiday,16,Spring,752
12/03/2018,13.7,38,2.6,436,1.0,0.0,0.0,No Holiday,17,Spring,931
12/03/2018,12.2,43,2.8,463,0.41,0.0,0.0,No Holiday,18,Spring,1425
12/03/2018,10.6,47,2.0,425,0.03,0.0,0.0,No Holiday,19,Spring,946
12/03/2018,9.4,50,2.1,391,0.0,0.0,0.0,No Holiday,20,Spring,801
12/03/2018,8.7,49,1.7,464,0.0,0.0,0.0,No Holiday,21,Spring,771
12/03/2018,7.8,49,0.1,528,0.0,0.0,0.0,No Holiday,22,Spring,695
12/03/2018,6.8,56,0.9,497,0.0,0.0,0.0,No Holiday,23,Spring,397
13/03/2018,6.4,62,0.7,506,0.0,0.0,0.0,No Holiday,0,Spring,309
13/03/2018,5.9,65,1.0,596,0.0,0.0,0.0,No Holiday,1,Spring,231
13/03/2018,5.4,66,0.6,623,0.0,0.0,0.0,No Holiday,2,Spring,161
13/03/2018,5.5,62,0.6,722,0.0,0.0,0.0,No Holiday,3,Spring,103
13/03/2018,6.2,59,0.8,493,0.0,0.0,0.0,No Holiday,4,Spring,88
13/03/2018,6.8,56,0.9,570,0.0,0.0,0.0,No Holiday,5,Spring,97
13/03/2018,7.0,58,0.7,537,0.0,0.0,0.0,No Holiday,6,Spring,252
13/03/2018,7.2,56,0.5,545,0.0,0.0,0.0,No Holiday,7,Spring,668
13/03/2018,8.0,48,0.4,711,0.12,0.0,0.0,No Holiday,8,Spring,1215
13/03/2018,9.4,44,0.3,743,0.33,0.0,0.0,No Holiday,9,Spring,616
13/03/2018,10.9,40,0.5,714,0.55,0.0,0.0,No Holiday,10,Spring,428
13/03/2018,12.6,49,1.4,988,0.84,0.0,0.0,No Holiday,11,Spring,571
13/03/2018,15.5,47,3.3,1303,2.44,0.0,0.0,No Holiday,12,Spring,626
13/03/2018,17.1,42,3.2,1305,2.6,0.0,0.0,No Holiday,13,Spring,678
13/03/2018,18.3,43,2.2,1509,2.43,0.0,0.0,No Holiday,14,Spring,705
13/03/2018,18.6,47,3.3,1560,2.08,0.0,0.0,No Holiday,15,Spring,815
13/03/2018,17.6,53,3.7,1735,1.4,0.0,0.0,No Holiday,16,Spring,890
13/03/2018,16.9,62,3.1,1562,0.95,0.0,0.0,No Holiday,17,Spring,1085
13/03/2018,15.7,68,3.3,1473,0.39,0.0,0.0,No Holiday,18,Spring,1749
13/03/2018,14.1,77,2.0,1240,0.04,0.0,0.0,No Holiday,19,Spring,1224
13/03/2018,13.9,77,1.5,1010,0.0,0.0,0.0,No Holiday,20,Spring,986
13/03/2018,13.7,79,2.0,1035,0.0,0.0,0.0,No Holiday,21,Spring,982
13/03/2018,13.5,81,2.8,933,0.0,0.0,0.0,No Holiday,22,Spring,912
13/03/2018,13.4,81,2.6,958,0.0,0.0,0.0,No Holiday,23,Spring,572
14/03/2018,13.6,79,2.2,862,0.0,0.0,0.0,No Holiday,0,Spring,412
14/03/2018,13.7,73,2.2,1182,0.0,0.0,0.0,No Holiday,1,Spring,309
14/03/2018,13.8,70,1.3,1363,0.0,0.0,0.0,No Holiday,2,Spring,226
14/03/2018,14.0,67,2.3,1733,0.0,0.0,0.0,No Holiday,3,Spring,142
14/03/2018,14.0,70,1.5,1648,0.0,0.0,0.0,No Holiday,4,Spring,82
14/03/2018,14.1,69,1.3,1923,0.0,0.0,0.0,No Holiday,5,Spring,123
14/03/2018,14.1,69,1.6,1882,0.0,0.0,0.0,No Holiday,6,Spring,290
14/03/2018,14.1,69,1.1,1692,0.0,0.0,0.0,No Holiday,7,Spring,786
14/03/2018,14.2,67,0.9,1812,0.06,0.0,0.0,No Holiday,8,Spring,1371
14/03/2018,14.6,62,1.2,1768,0.19,0.0,0.0,No Holiday,9,Spring,761
14/03/2018,15.7,58,1.3,1980,0.69,0.0,0.0,No Holiday,10,Spring,552
14/03/2018,17.5,55,2.1,1892,1.35,0.0,0.0,No Holiday,11,Spring,643
14/03/2018,19.9,44,2.7,1874,2.22,0.0,0.0,No Holiday,12,Spring,813
14/03/2018,20.9,44,4.7,1795,2.66,0.0,0.0,No Holiday,13,Spring,789
14/03/2018,21.1,42,4.3,2000,2.49,0.0,0.0,No Holiday,14,Spring,878
14/03/2018,21.7,39,3.3,1979,2.09,0.0,0.0,No Holiday,15,Spring,1025
14/03/2018,21.7,41,3.2,2000,1.91,0.0,0.0,No Holiday,16,Spring,1049
14/03/2018,20.5,49,3.5,2000,1.18,0.0,0.0,No Holiday,17,Spring,1325
14/03/2018,19.2,53,2.4,2000,0.58,0.0,0.0,No Holiday,18,Spring,2100
14/03/2018,17.9,54,2.9,2000,0.04,0.0,0.0,No Holiday,19,Spring,1478
14/03/2018,17.2,60,2.5,1993,0.0,0.0,0.0,No Holiday,20,Spring,1275
14/03/2018,16.8,67,2.0,1775,0.0,0.0,0.0,No Holiday,21,Spring,1181
14/03/2018,16.2,71,2.0,1780,0.0,0.0,0.0,No Holiday,22,Spring,983
14/03/2018,16.1,69,1.8,1666,0.0,0.0,0.0,No Holiday,23,Spring,587
15/03/2018,16.0,69,2.4,1863,0.0,0.0,0.0,No Holiday,0,Spring,466
15/03/2018,16.3,68,2.1,1859,0.0,0.0,0.0,No Holiday,1,Spring,355
15/03/2018,16.5,68,1.3,1724,0.0,0.0,0.0,No Holiday,2,Spring,203
15/03/2018,16.5,69,2.4,1659,0.0,0.0,0.0,No Holiday,3,Spring,51
15/03/2018,15.1,86,2.1,877,0.0,0.0,0.0,No Holiday,4,Spring,9
15/03/2018,14.5,94,2.0,487,0.0,0.0,0.0,No Holiday,5,Spring,8
15/03/2018,14.4,96,0.7,453,0.0,8.0,0.0,No Holiday,6,Spring,10
15/03/2018,14.3,97,0.3,189,0.0,0.0,0.0,No Holiday,7,Spring,15
15/03/2018,14.1,97,1.1,342,0.0,0.0,0.0,No Holiday,8,Spring,39
15/03/2018,14.1,98,1.1,253,0.06,17.0,0.0,No Holiday,9,Spring,32
15/03/2018,14.2,98,1.2,299,0.14,0.0,0.0,No Holiday,10,Spring,27
15/03/2018,13.9,98,1.4,296,0.13,0.0,0.0,No Holiday,11,Spring,65
15/03/2018,13.3,97,2.9,771,0.19,2.0,0.0,No Holiday,12,Spring,204
15/03/2018,12.7,97,2.6,467,0.23,0.0,0.0,No Holiday,13,Spring,269
15/03/2018,12.1,97,2.0,177,0.2,0.0,0.0,No Holiday,14,Spring,289
15/03/2018,11.6,97,3.4,117,0.26,0.0,0.0,No Holiday,15,Spring,329
15/03/2018,10.7,98,1.2,196,0.14,0.0,0.0,No Holiday,16,Spring,214
15/03/2018,10.9,98,1.3,222,0.09,0.0,0.0,No Holiday,17,Spring,411
15/03/2018,10.4,98,2.5,116,0.03,0.0,0.0,No Holiday,18,Spring,676
15/03/2018,10.4,98,2.0,391,0.0,0.0,0.0,No Holiday,19,Spring,606
15/03/2018,10.5,97,1.8,372,0.0,0.0,0.0,No Holiday,20,Spring,533
15/03/2018,10.4,96,2.7,499,0.0,0.0,0.0,No Holiday,21,Spring,567
15/03/2018,9.8,90,3.7,493,0.0,0.0,0.0,No Holiday,22,Spring,506
15/03/2018,9.3,90,4.1,609,0.0,0.0,0.0,No Holiday,23,Spring,343
16/03/2018,8.4,86,2.2,2000,0.0,0.0,0.0,No Holiday,0,Spring,287
16/03/2018,7.2,83,2.1,2000,0.0,0.0,0.0,No Holiday,1,Spring,278
16/03/2018,6.7,72,2.1,2000,0.0,0.0,0.0,No Holiday,2,Spring,178
16/03/2018,6.1,67,2.6,2000,0.0,0.0,0.0,No Holiday,3,Spring,102
16/03/2018,5.7,62,2.4,2000,0.0,0.0,0.0,No Holiday,4,Spring,85
16/03/2018,5.2,60,2.0,2000,0.0,0.0,0.0,No Holiday,5,Spring,85
16/03/2018,4.4,61,1.7,2000,0.0,0.0,0.0,No Holiday,6,Spring,222
16/03/2018,3.7,59,2.9,2000,0.0,0.0,0.0,No Holiday,7,Spring,652
16/03/2018,3.8,56,2.4,2000,0.32,0.0,0.0,No Holiday,8,Spring,1176
16/03/2018,5.2,51,1.7,2000,1.08,0.0,0.0,No Holiday,9,Spring,683
16/03/2018,6.7,46,2.2,1936,1.79,0.0,0.0,No Holiday,10,Spring,507
16/03/2018,8.2,45,2.4,1992,2.38,0.0,0.0,No Holiday,11,Spring,557
16/03/2018,9.4,40,2.6,1913,2.78,0.0,0.0,No Holiday,12,Spring,705
16/03/2018,10.4,38,2.4,1959,2.99,0.0,0.0,No Holiday,13,Spring,715
16/03/2018,11.0,36,1.8,1973,2.91,0.0,0.0,No Holiday,14,Spring,772
16/03/2018,11.9,32,1.9,1976,2.62,0.0,0.0,No Holiday,15,Spring,923
16/03/2018,11.6,31,1.4,1999,2.11,0.0,0.0,No Holiday,16,Spring,976
16/03/2018,11.2,30,1.5,2000,1.44,0.0,0.0,No Holiday,17,Spring,1160
16/03/2018,10.0,33,1.2,2000,0.68,0.0,0.0,No Holiday,18,Spring,1641
16/03/2018,8.1,36,1.2,2000,0.06,0.0,0.0,No Holiday,19,Spring,974
16/03/2018,6.7,41,1.0,2000,0.0,0.0,0.0,No Holiday,20,Spring,774
16/03/2018,5.8,43,1.8,2000,0.0,0.0,0.0,No Holiday,21,Spring,710
16/03/2018,4.9,46,0.8,2000,0.0,0.0,0.0,No Holiday,22,Spring,660
16/03/2018,4.2,47,1.3,2000,0.0,0.0,0.0,No Holiday,23,Spring,455
17/03/2018,3.7,48,1.6,2000,0.0,0.0,0.0,No Holiday,0,Spring,414
17/03/2018,3.0,52,0.7,2000,0.0,0.0,0.0,No Holiday,1,Spring,366
17/03/2018,2.3,56,0.6,2000,0.0,0.0,0.0,No Holiday,2,Spring,268
17/03/2018,1.8,59,0.7,2000,0.0,0.0,0.0,No Holiday,3,Spring,157
17/03/2018,1.3,61,0.7,2000,0.0,0.0,0.0,No Holiday,4,Spring,103
17/03/2018,1.0,62,0.9,2000,0.0,0.0,0.0,No Holiday,5,Spring,60
17/03/2018,0.8,63,1.0,2000,0.0,0.0,0.0,No Holiday,6,Spring,109
17/03/2018,0.5,64,0.8,2000,0.01,0.0,0.0,No Holiday,7,Spring,193
17/03/2018,1.3,57,1.0,1974,0.32,0.0,0.0,No Holiday,8,Spring,384
17/03/2018,3.4,49,1.6,1950,1.03,0.0,0.0,No Holiday,9,Spring,520
17/03/2018,6.0,43,1.0,1829,1.69,0.0,0.0,No Holiday,10,Spring,561
17/03/2018,8.0,39,1.2,1783,2.26,0.0,0.0,No Holiday,11,Spring,742
17/03/2018,10.0,38,1.5,1677,2.51,0.0,0.0,No Holiday,12,Spring,933
17/03/2018,10.9,32,1.2,1772,2.22,0.0,0.0,No Holiday,13,Spring,1111
17/03/2018,12.1,29,2.3,1734,2.26,0.0,0.0,No Holiday,14,Spring,1294
17/03/2018,13.2,23,2.8,1696,2.52,0.0,0.0,No Holiday,15,Spring,1514
17/03/2018,13.7,28,2.1,1499,1.88,0.0,0.0,No Holiday,16,Spring,1440
17/03/2018,12.1,34,2.5,1240,0.81,0.0,0.0,No Holiday,17,Spring,1272
17/03/2018,10.6,42,2.8,1307,0.31,0.0,0.0,No Holiday,18,Spring,934
17/03/2018,8.8,49,3.2,1207,0.05,0.0,0.0,No Holiday,19,Spring,718
17/03/2018,7.9,54,2.3,1005,0.0,0.0,0.0,No Holiday,20,Spring,688
17/03/2018,7.4,54,2.0,1142,0.0,0.0,0.0,No Holiday,21,Spring,624
17/03/2018,7.0,55,2.7,1041,0.0,0.0,0.0,No Holiday,22,Spring,562
17/03/2018,6.4,59,1.1,961,0.0,0.0,0.0,No Holiday,23,Spring,422
18/03/2018,5.9,56,1.1,1019,0.0,0.0,0.0,No Holiday,0,Spring,407
18/03/2018,5.7,55,1.4,1043,0.0,0.0,0.0,No Holiday,1,Spring,309
18/03/2018,5.5,56,1.2,1067,0.0,0.0,0.0,No Holiday,2,Spring,226
18/03/2018,5.5,57,1.1,1079,0.0,0.0,0.0,No Holiday,3,Spring,174
18/03/2018,5.6,55,0.4,1115,0.0,0.0,0.0,No Holiday,4,Spring,106
18/03/2018,5.6,55,1.2,1008,0.0,0.0,0.0,No Holiday,5,Spring,67
18/03/2018,5.7,54,1.7,1208,0.0,0.0,0.0,No Holiday,6,Spring,73
18/03/2018,5.5,58,1.0,937,0.0,0.0,0.0,No Holiday,7,Spring,152
18/03/2018,5.9,58,1.8,861,0.11,0.0,0.0,No Holiday,8,Spring,293
18/03/2018,6.3,53,0.5,849,0.34,0.0,0.0,No Holiday,9,Spring,398
18/03/2018,7.2,53,1.6,709,0.45,0.0,0.0,No Holiday,10,Spring,460
18/03/2018,8.5,49,0.7,718,0.76,0.0,0.0,No Holiday,11,Spring,587
18/03/2018,9.8,46,1.2,710,1.13,0.0,0.0,No Holiday,12,Spring,751
18/03/2018,10.6,43,1.3,705,1.07,0.0,0.0,No Holiday,13,Spring,881
18/03/2018,11.0,41,1.1,763,0.81,0.0,0.0,No Holiday,14,Spring,993
18/03/2018,12.0,37,0.8,879,1.09,0.0,0.0,No Holiday,15,Spring,1128
18/03/2018,12.3,30,1.6,1263,0.94,0.0,0.0,No Holiday,16,Spring,1059
18/03/2018,11.1,42,2.2,765,0.34,0.0,0.0,No Holiday,17,Spring,603
18/03/2018,10.4,47,0.4,824,0.14,0.0,0.0,No Holiday,18,Spring,365
18/03/2018,10.0,53,1.7,796,0.01,0.0,0.0,No Holiday,19,Spring,237
18/03/2018,9.2,66,1.1,513,0.0,0.0,0.0,No Holiday,20,Spring,146
18/03/2018,8.8,72,0.9,501,0.0,0.0,0.0,No Holiday,21,Spring,71
18/03/2018,8.1,76,0.8,492,0.0,0.0,0.0,No Holiday,22,Spring,70
18/03/2018,7.4,80,1.3,471,0.0,0.0,0.0,No Holiday,23,Spring,53
19/03/2018,7.0,81,1.1,421,0.0,0.5,0.0,No Holiday,0,Spring,67
19/03/2018,6.7,84,0.8,320,0.0,0.0,0.0,No Holiday,1,Spring,38
19/03/2018,6.6,86,0.6,416,0.0,0.0,0.0,No Holiday,2,Spring,28
19/03/2018,6.5,88,0.9,276,0.0,0.3,0.0,No Holiday,3,Spring,12
19/03/2018,6.3,90,1.0,240,0.0,0.0,0.0,No Holiday,4,Spring,9
19/03/2018,6.2,89,1.5,338,0.0,0.0,0.0,No Holiday,5,Spring,27
19/03/2018,6.5,88,1.2,417,0.0,0.2,0.0,No Holiday,6,Spring,91
19/03/2018,6.5,88,1.4,515,0.0,0.0,0.0,No Holiday,7,Spring,370
19/03/2018,7.3,84,2.2,813,0.05,0.0,0.0,No Holiday,8,Spring,592
19/03/2018,8.2,81,2.7,1273,0.2,0.5,0.0,No Holiday,9,Spring,387
19/03/2018,9.1,77,2.7,1587,0.27,0.0,0.0,No Holiday,10,Spring,292
19/03/2018,10.2,65,3.3,2000,0.57,0.0,0.0,No Holiday,11,Spring,393
19/03/2018,10.2,58,3.5,2000,0.32,0.0,0.0,No Holiday,12,Spring,403
19/03/2018,10.1,61,3.7,1504,0.38,0.0,0.0,No Holiday,13,Spring,387
19/03/2018,10.1,59,3.3,2000,0.57,0.0,0.0,No Holiday,14,Spring,326
19/03/2018,9.8,57,3.0,2000,0.43,0.0,0.0,No Holiday,15,Spring,263
19/03/2018,8.9,63,3.0,1614,0.28,0.0,0.0,No Holiday,16,Spring,271
19/03/2018,8.5,59,2.7,1927,0.16,0.0,0.0,No Holiday,17,Spring,605
19/03/2018,8.6,55,2.4,1958,0.09,0.0,0.0,No Holiday,18,Spring,1200
19/03/2018,8.4,51,3.3,1977,0.01,0.0,0.0,No Holiday,19,Spring,818
19/03/2018,8.3,47,3.1,2000,0.0,0.0,0.0,No Holiday,20,Spring,711
19/03/2018,8.0,47,3.3,2000,0.0,0.0,0.0,No Holiday,21,Spring,731
19/03/2018,7.6,48,3.1,2000,0.0,0.0,0.0,No Holiday,22,Spring,565
19/03/2018,6.9,44,3.3,2000,0.0,0.0,0.0,No Holiday,23,Spring,382
20/03/2018,6.3,42,3.3,2000,0.0,0.0,0.0,No Holiday,0,Spring,297
20/03/2018,5.5,42,3.1,2000,0.0,0.0,0.0,No Holiday,1,Spring,243
20/03/2018,5.1,44,3.4,2000,0.0,0.0,0.0,No Holiday,2,Spring,165
20/03/2018,4.7,44,3.8,2000,0.0,0.0,0.0,No Holiday,3,Spring,95
20/03/2018,4.4,44,3.1,2000,0.0,0.0,0.0,No Holiday,4,Spring,69
20/03/2018,4.1,42,3.1,2000,0.0,0.0,0.0,No Holiday,5,Spring,92
20/03/2018,3.9,43,3.4,2000,0.0,0.0,0.0,No Holiday,6,Spring,235
20/03/2018,3.8,44,4.1,2000,0.02,0.0,0.0,No Holiday,7,Spring,677
20/03/2018,4.3,43,4.2,2000,0.37,0.0,0.0,No Holiday,8,Spring,1212
20/03/2018,5.7,38,3.9,1985,0.98,0.0,0.0,No Holiday,9,Spring,661
20/03/2018,7.4,35,3.5,1990,1.81,0.0,0.0,No Holiday,10,Spring,418
20/03/2018,8.4,34,3.6,1966,2.36,0.0,0.0,No Holiday,11,Spring,488
20/03/2018,9.0,33,3.1,1985,2.59,0.0,0.0,No Holiday,12,Spring,522
20/03/2018,8.0,37,3.4,2000,1.96,0.0,0.0,No Holiday,13,Spring,516
20/03/2018,7.3,38,3.4,1997,1.6,0.0,0.0,No Holiday,14,Spring,478
20/03/2018,6.5,39,3.3,2000,1.21,0.0,0.0,No Holiday,15,Spring,492
20/03/2018,5.6,42,4.2,2000,0.81,0.0,0.0,No Holiday,16,Spring,518
20/03/2018,4.9,43,4.3,2000,0.42,0.0,0.0,No Holiday,17,Spring,719
20/03/2018,4.1,43,3.5,2000,0.21,0.0,0.0,No Holiday,18,Spring,1111
20/03/2018,3.2,45,3.7,2000,0.02,0.0,0.0,No Holiday,19,Spring,716
20/03/2018,2.7,45,3.3,2000,0.0,0.0,0.0,No Holiday,20,Spring,543
20/03/2018,2.3,40,3.3,2000,0.0,0.0,0.0,No Holiday,21,Spring,494
20/03/2018,2.0,37,2.7,2000,0.0,0.0,0.0,No Holiday,22,Spring,460
20/03/2018,1.8,37,2.3,2000,0.0,0.0,0.0,No Holiday,23,Spring,294
21/03/2018,1.6,39,2.3,2000,0.0,0.0,0.0,No Holiday,0,Spring,240
21/03/2018,1.5,40,2.8,2000,0.0,0.0,0.0,No Holiday,1,Spring,223
21/03/2018,1.4,40,2.9,2000,0.0,0.0,0.0,No Holiday,2,Spring,147
21/03/2018,1.3,40,2.1,2000,0.0,0.0,0.0,No Holiday,3,Spring,82
21/03/2018,1.3,39,2.3,2000,0.0,0.0,0.0,No Holiday,4,Spring,70
21/03/2018,1.3,40,2.3,2000,0.0,0.0,0.0,No Holiday,5,Spring,80
21/03/2018,1.4,42,1.7,2000,0.0,0.0,0.0,No Holiday,6,Spring,209
21/03/2018,1.4,43,1.5,2000,0.0,0.0,0.0,No Holiday,7,Spring,605
21/03/2018,1.6,42,1.8,2000,0.13,0.0,0.0,No Holiday,8,Spring,1097
21/03/2018,2.5,40,1.9,2000,0.41,0.0,0.0,No Holiday,9,Spring,614
21/03/2018,3.6,37,1.3,2000,0.83,0.0,0.0,No Holiday,10,Spring,374
21/03/2018,4.8,35,2.1,2000,1.38,0.0,0.0,No Holiday,11,Spring,339
21/03/2018,4.8,51,2.2,1715,1.12,0.0,0.0,No Holiday,12,Spring,333
21/03/2018,4.0,64,2.0,1834,0.75,0.0,0.0,No Holiday,13,Spring,196
21/03/2018,1.9,89,1.5,102,0.41,0.0,0.0,No Holiday,14,Spring,117
21/03/2018,2.2,85,1.3,2000,0.41,0.5,0.0,No Holiday,15,Spring,184
21/03/2018,2.4,79,1.9,1995,0.37,0.0,0.0,No Holiday,16,Spring,241
21/03/2018,2.5,78,2.0,2000,0.25,0.0,0.0,No Holiday,17,Spring,319
21/03/2018,2.0,77,1.3,2000,0.07,0.0,0.0,No Holiday,18,Spring,615
21/03/2018,2.0,81,0.7,2000,0.0,0.0,0.0,No Holiday,19,Spring,402
21/03/2018,1.7,85,1.3,396,0.0,0.0,0.0,No Holiday,20,Spring,120
21/03/2018,1.2,92,0.7,1474,0.0,0.5,0.0,No Holiday,21,Spring,231
21/03/2018,1.2,87,0.9,1802,0.0,0.0,0.0,No Holiday,22,Spring,320
21/03/2018,1.5,86,1.2,1495,0.0,0.0,0.0,No Holiday,23,Spring,226
22/03/2018,1.6,86,1.7,1141,0.0,0.0,0.0,No Holiday,0,Spring,243
22/03/2018,1.6,85,2.0,952,0.0,0.0,0.0,No Holiday,1,Spring,247
22/03/2018,1.5,86,2.5,782,0.0,0.0,0.0,No Holiday,2,Spring,173
22/03/2018,1.3,87,1.7,822,0.0,0.0,0.0,No Holiday,3,Spring,107
22/03/2018,1.3,87,2.2,937,0.0,0.0,0.0,No Holiday,4,Spring,75
22/03/2018,1.1,88,0.9,927,0.0,0.0,0.0,No Holiday,5,Spring,81
22/03/2018,0.8,88,1.0,900,0.0,0.0,0.0,No Holiday,6,Spring,212
22/03/2018,0.6,85,1.5,1321,0.01,0.0,0.0,No Holiday,7,Spring,600
22/03/2018,1.1,79,1.7,1480,0.36,0.0,0.0,No Holiday,8,Spring,1174
22/03/2018,2.5,67,1.3,1472,1.11,0.0,0.0,No Holiday,9,Spring,653
22/03/2018,4.9,56,1.9,1480,1.76,0.0,0.0,No Holiday,10,Spring,446
22/03/2018,6.9,46,2.1,1541,2.33,0.0,0.0,No Holiday,11,Spring,565
22/03/2018,8.3,36,2.5,1665,2.7,0.0,0.0,No Holiday,12,Spring,668
22/03/2018,9.9,29,3.2,1641,2.91,0.0,0.0,No Holiday,13,Spring,648
22/03/2018,11.4,30,3.1,1672,2.82,0.0,0.0,No Holiday,14,Spring,674
22/03/2018,10.7,34,4.5,1850,2.51,0.0,0.0,No Holiday,15,Spring,758
22/03/2018,10.3,34,3.8,1850,1.93,0.0,0.0,No Holiday,16,Spring,752
22/03/2018,9.6,38,3.2,1606,1.35,0.0,0.0,No Holiday,17,Spring,999
22/03/2018,7.9,46,3.1,1057,0.58,0.0,0.0,No Holiday,18,Spring,1495
22/03/2018,6.2,54,1.8,883,0.08,0.0,0.0,No Holiday,19,Spring,923
22/03/2018,5.1,56,2.0,899,0.0,0.0,0.0,No Holiday,20,Spring,739
22/03/2018,4.5,62,2.0,826,0.0,0.0,0.0,No Holiday,21,Spring,726
22/03/2018,3.9,66,2.7,990,0.0,0.0,0.0,No Holiday,22,Spring,621
22/03/2018,3.4,69,1.1,895,0.0,0.0,0.0,No Holiday,23,Spring,428
23/03/2018,2.9,72,1.3,903,0.0,0.0,0.0,No Holiday,0,Spring,335
23/03/2018,2.5,75,1.5,786,0.0,0.0,0.0,No Holiday,1,Spring,283
23/03/2018,2.2,80,1.4,615,0.0,0.0,0.0,No Holiday,2,Spring,216
23/03/2018,1.9,81,1.1,525,0.0,0.0,0.0,No Holiday,3,Spring,128
23/03/2018,2.0,80,0.8,474,0.0,0.0,0.0,No Holiday,4,Spring,92
23/03/2018,2.2,79,0.8,553,0.0,0.0,0.0,No Holiday,5,Spring,95
23/03/2018,2.3,80,0.7,546,0.0,0.0,0.0,No Holiday,6,Spring,243
23/03/2018,2.5,79,1.4,536,0.01,0.0,0.0,No Holiday,7,Spring,661
23/03/2018,2.6,77,1.3,567,0.21,0.0,0.0,No Holiday,8,Spring,1216
23/03/2018,3.3,72,1.4,618,0.61,0.0,0.0,No Holiday,9,Spring,664
23/03/2018,5.4,64,1.6,637,1.7,0.0,0.0,No Holiday,10,Spring,461
23/03/2018,7.1,50,1.7,799,2.24,0.0,0.0,No Holiday,11,Spring,584
23/03/2018,9.3,37,2.3,940,2.72,0.0,0.0,No Holiday,12,Spring,690
23/03/2018,10.9,36,2.1,1073,2.87,0.0,0.0,No Holiday,13,Spring,682
23/03/2018,12.4,33,2.9,811,2.71,0.0,0.0,No Holiday,14,Spring,758
23/03/2018,12.1,30,3.0,1120,2.41,0.0,0.0,No Holiday,15,Spring,849
23/03/2018,12.2,24,2.8,1655,1.98,0.0,0.0,No Holiday,16,Spring,901
23/03/2018,11.2,27,3.5,1585,1.19,0.0,0.0,No Holiday,17,Spring,1108
23/03/2018,9.7,36,3.6,948,0.37,0.0,0.0,No Holiday,18,Spring,1611
23/03/2018,8.3,48,3.0,779,0.06,0.0,0.0,No Holiday,19,Spring,932
23/03/2018,6.7,48,2.6,774,0.0,0.0,0.0,No Holiday,20,Spring,724
23/03/2018,5.8,60,2.2,650,0.0,0.0,0.0,No Holiday,21,Spring,676
23/03/2018,5.3,63,1.8,591,0.0,0.0,0.0,No Holiday,22,Spring,638
23/03/2018,5.0,42,1.7,717,0.0,0.0,0.0,No Holiday,23,Spring,422
24/03/2018,4.7,46,1.7,746,0.0,0.0,0.0,No Holiday,0,Spring,403
24/03/2018,4.7,51,1.1,728,0.0,0.0,0.0,No Holiday,1,Spring,360
24/03/2018,5.0,50,1.7,669,0.0,0.0,0.0,No Holiday,2,Spring,305
24/03/2018,5.0,51,0.8,659,0.0,0.0,0.0,No Holiday,3,Spring,197
24/03/2018,5.1,54,1.2,550,0.0,0.0,0.0,No Holiday,4,Spring,122
24/03/2018,4.7,54,1.3,543,0.0,0.0,0.0,No Holiday,5,Spring,82
24/03/2018,4.2,50,0.6,633,0.0,0.0,0.0,No Holiday,6,Spring,113
24/03/2018,4.0,54,0.9,587,0.01,0.0,0.0,No Holiday,7,Spring,198
24/03/2018,4.5,49,0.4,580,0.19,0.0,0.0,No Holiday,8,Spring,424
24/03/2018,6.5,40,2.5,588,0.69,0.0,0.0,No Holiday,9,Spring,456
24/03/2018,7.2,43,1.5,559,0.42,0.0,0.0,No Holiday,10,Spring,494
24/03/2018,9.0,56,2.0,399,1.11,0.0,0.0,No Holiday,11,Spring,589
24/03/2018,10.6,52,3.1,390,2.27,0.0,0.0,No Holiday,12,Spring,806
24/03/2018,12.4,50,2.5,379,2.48,0.0,0.0,No Holiday,13,Spring,880
24/03/2018,12.7,55,3.4,378,2.42,0.0,0.0,No Holiday,14,Spring,855
24/03/2018,12.4,58,4.1,404,2.26,0.0,0.0,No Holiday,15,Spring,1025
24/03/2018,12.3,61,3.4,359,1.82,0.0,0.0,No Holiday,16,Spring,947
24/03/2018,11.1,66,4.2,367,1.18,0.0,0.0,No Holiday,17,Spring,916
24/03/2018,9.0,76,3.0,288,0.45,0.0,0.0,No Holiday,18,Spring,736
24/03/2018,7.7,80,2.8,234,0.05,0.0,0.0,No Holiday,19,Spring,521
24/03/2018,7.1,83,3.3,203,0.0,0.0,0.0,No Holiday,20,Spring,513
24/03/2018,6.7,84,2.8,193,0.0,0.0,0.0,No Holiday,21,Spring,487
24/03/2018,6.5,85,2.3,167,0.0,0.0,0.0,No Holiday,22,Spring,460
24/03/2018,6.4,85,2.3,155,0.0,0.0,0.0,No Holiday,23,Spring,354
25/03/2018,6.4,84,1.4,171,0.0,0.0,0.0,No Holiday,0,Spring,372
25/03/2018,6.4,82,1.2,186,0.0,0.0,0.0,No Holiday,1,Spring,267
25/03/2018,6.0,82,1.3,198,0.0,0.0,0.0,No Holiday,2,Spring,195
25/03/2018,5.5,83,0.9,186,0.0,0.0,0.0,No Holiday,3,Spring,139
25/03/2018,5.3,82,1.0,200,0.0,0.0,0.0,No Holiday,4,Spring,90
25/03/2018,5.0,83,0.7,200,0.0,0.0,0.0,No Holiday,5,Spring,60
25/03/2018,4.6,84,0.7,193,0.0,0.0,0.0,No Holiday,6,Spring,71
25/03/2018,4.7,82,1.3,198,0.02,0.0,0.0,No Holiday,7,Spring,137
25/03/2018,5.0,79,1.1,203,0.23,0.0,0.0,No Holiday,8,Spring,225
25/03/2018,6.3,73,1.3,218,0.79,0.0,0.0,No Holiday,9,Spring,331
25/03/2018,8.4,65,1.8,229,1.67,0.0,0.0,No Holiday,10,Spring,359
25/03/2018,10.7,56,2.0,261,2.27,0.0,0.0,No Holiday,11,Spring,466
25/03/2018,12.7,45,1.3,321,2.63,0.0,0.0,No Holiday,12,Spring,626
25/03/2018,14.6,38,1.9,315,2.75,0.0,0.0,No Holiday,13,Spring,784
25/03/2018,16.1,37,2.4,315,2.62,0.0,0.0,No Holiday,14,Spring,882
25/03/2018,16.7,38,3.1,265,2.27,0.0,0.0,No Holiday,15,Spring,960
25/03/2018,16.5,39,3.1,366,1.91,0.0,0.0,No Holiday,16,Spring,1031
25/03/2018,15.8,40,2.3,481,1.28,0.0,0.0,No Holiday,17,Spring,911
25/03/2018,14.4,44,2.7,596,0.6,0.0,0.0,No Holiday,18,Spring,768
25/03/2018,12.6,59,2.5,384,0.08,0.0,0.0,No Holiday,19,Spring,571
25/03/2018,10.7,70,2.8,236,0.0,0.0,0.0,No Holiday,20,Spring,502
25/03/2018,9.8,74,2.2,219,0.0,0.0,0.0,No Holiday,21,Spring,456
25/03/2018,8.8,79,2.0,203,0.0,0.0,0.0,No Holiday,22,Spring,424
25/03/2018,8.0,82,1.3,196,0.0,0.0,0.0,No Holiday,23,Spring,336
26/03/2018,7.1,84,2.3,185,0.0,0.0,0.0,No Holiday,0,Spring,244
26/03/2018,6.3,87,1.8,153,0.0,0.0,0.0,No Holiday,1,Spring,185
26/03/2018,5.4,95,1.5,89,0.0,0.0,0.0,No Holiday,2,Spring,93
26/03/2018,5.5,96,1.6,72,0.0,0.0,0.0,No Holiday,3,Spring,62
26/03/2018,5.5,96,2.0,53,0.0,0.0,0.0,No Holiday,4,Spring,65
26/03/2018,5.4,97,1.5,38,0.0,0.0,0.0,No Holiday,5,Spring,98
26/03/2018,5.7,97,0.5,80,0.0,0.0,0.0,No Holiday,6,Spring,227
26/03/2018,6.0,96,0.6,94,0.0,0.0,0.0,No Holiday,7,Spring,581
26/03/2018,6.4,90,1.4,117,0.13,0.0,0.0,No Holiday,8,Spring,983
26/03/2018,7.6,82,0.7,147,0.55,0.0,0.0,No Holiday,9,Spring,540
26/03/2018,10.0,70,1.0,187,1.57,0.0,0.0,No Holiday,10,Spring,415
26/03/2018,12.6,60,2.4,281,2.23,0.0,0.0,No Holiday,11,Spring,422
26/03/2018,14.6,53,2.5,348,2.65,0.0,0.0,No Holiday,12,Spring,492
26/03/2018,16.0,47,2.5,459,2.8,0.0,0.0,No Holiday,13,Spring,504
26/03/2018,17.4,39,2.9,520,2.7,0.0,0.0,No Holiday,14,Spring,575
26/03/2018,17.6,33,3.6,985,2.44,0.0,0.0,No Holiday,15,Spring,604
26/03/2018,17.7,33,3.4,897,1.96,0.0,0.0,No Holiday,16,Spring,819
26/03/2018,17.1,31,3.3,1075,1.33,0.0,0.0,No Holiday,17,Spring,925
26/03/2018,16.0,33,2.9,1138,0.6,0.0,0.0,No Holiday,18,Spring,1477
26/03/2018,14.3,37,3.1,1247,0.1,0.0,0.0,No Holiday,19,Spring,1031
26/03/2018,12.9,42,2.8,1047,0.0,0.0,0.0,No Holiday,20,Spring,835
26/03/2018,11.6,54,1.5,693,0.0,0.0,0.0,No Holiday,21,Spring,798
26/03/2018,10.7,58,1.4,600,0.0,0.0,0.0,No Holiday,22,Spring,662
26/03/2018,9.8,62,0.6,535,0.0,0.0,0.0,No Holiday,23,Spring,447
27/03/2018,9.0,68,1.1,426,0.0,0.0,0.0,No Holiday,0,Spring,380
27/03/2018,8.7,70,0.9,398,0.0,0.0,0.0,No Holiday,1,Spring,278
27/03/2018,8.3,70,0.8,394,0.0,0.0,0.0,No Holiday,2,Spring,163
27/03/2018,8.1,71,0.9,378,0.0,0.0,0.0,No Holiday,3,Spring,127
27/03/2018,7.8,70,0.3,395,0.0,0.0,0.0,No Holiday,4,Spring,95
27/03/2018,8.0,63,0.8,439,0.0,0.0,0.0,No Holiday,5,Spring,110
27/03/2018,8.1,66,0.6,415,0.0,0.0,0.0,No Holiday,6,Spring,231
27/03/2018,8.5,67,0.7,475,0.02,0.0,0.0,No Holiday,7,Spring,705
27/03/2018,9.3,62,0.6,519,0.25,0.0,0.0,No Holiday,8,Spring,1201
27/03/2018,11.6,51,0.8,498,0.84,0.0,0.0,No Holiday,9,Spring,699
27/03/2018,13.9,40,0.8,586,1.6,0.0,0.0,No Holiday,10,Spring,462
27/03/2018,15.8,40,1.9,647,1.95,0.0,0.0,No Holiday,11,Spring,560
27/03/2018,16.7,47,2.4,620,1.76,0.0,0.0,No Holiday,12,Spring,586
27/03/2018,18.6,46,2.1,642,2.54,0.0,0.0,No Holiday,13,Spring,563
27/03/2018,19.4,45,2.0,624,2.05,0.0,0.0,No Holiday,14,Spring,618
27/03/2018,19.9,45,2.7,676,1.79,0.0,0.0,No Holiday,15,Spring,636
27/03/2018,19.5,50,3.4,613,1.6,0.0,0.0,No Holiday,16,Spring,774
27/03/2018,18.4,54,3.2,605,1.05,0.0,0.0,No Holiday,17,Spring,960
27/03/2018,16.8,60,3.1,580,0.46,0.0,0.0,No Holiday,18,Spring,1521
27/03/2018,15.0,67,2.6,452,0.07,0.0,0.0,No Holiday,19,Spring,1020
27/03/2018,13.9,72,2.4,385,0.0,0.0,0.0,No Holiday,20,Spring,864
27/03/2018,13.4,73,1.5,325,0.0,0.0,0.0,No Holiday,21,Spring,866
27/03/2018,12.9,75,1.3,326,0.0,0.0,0.0,No Holiday,22,Spring,764
27/03/2018,12.4,74,1.5,356,0.0,0.0,0.0,No Holiday,23,Spring,527
28/03/2018,12.0,76,0.8,346,0.0,0.0,0.0,No Holiday,0,Spring,400
28/03/2018,11.6,74,1.2,374,0.0,0.0,0.0,No Holiday,1,Spring,337
28/03/2018,11.5,75,1.9,399,0.0,0.0,0.0,No Holiday,2,Spring,225
28/03/2018,10.9,79,0.8,383,0.0,0.0,0.0,No Holiday,3,Spring,150
28/03/2018,10.6,77,0.9,422,0.0,0.0,0.0,No Holiday,4,Spring,104
28/03/2018,10.2,80,0.8,366,0.0,0.0,0.0,No Holiday,5,Spring,107
28/03/2018,9.6,84,0.7,301,0.0,0.0,0.0,No Holiday,6,Spring,258
28/03/2018,9.6,82,1.1,284,0.04,0.0,0.0,No Holiday,7,Spring,741
28/03/2018,10.3,77,0.7,341,0.37,0.0,0.0,No Holiday,8,Spring,1353
28/03/2018,12.4,66,1.0,546,0.91,0.0,0.0,No Holiday,9,Spring,723
28/03/2018,14.7,62,2.9,684,1.59,0.0,0.0,No Holiday,10,Spring,494
28/03/2018,15.6,60,3.7,817,1.44,0.0,0.0,No Holiday,11,Spring,588
28/03/2018,16.5,57,3.8,881,1.55,0.0,0.0,No Holiday,12,Spring,629
28/03/2018,17.5,54,3.1,1065,1.63,0.0,0.0,No Holiday,13,Spring,723
28/03/2018,18.6,46,4.4,1664,2.14,0.0,0.0,No Holiday,14,Spring,698
28/03/2018,18.2,45,4.1,1908,1.86,0.0,0.0,No Holiday,15,Spring,785
28/03/2018,18.3,43,4.3,1931,1.3,0.0,0.0,No Holiday,16,Spring,943
28/03/2018,17.6,45,4.2,1947,0.7,0.0,0.0,No Holiday,17,Spring,1221
28/03/2018,17.0,53,3.1,1855,0.35,0.0,0.0,No Holiday,18,Spring,1839
28/03/2018,16.0,60,2.8,1436,0.06,0.0,0.0,No Holiday,19,Spring,1288
28/03/2018,15.2,65,2.2,988,0.0,0.0,0.0,No Holiday,20,Spring,1133
28/03/2018,14.2,70,0.8,723,0.0,0.0,0.0,No Holiday,21,Spring,1035
28/03/2018,13.6,73,2.0,644,0.0,0.0,0.0,No Holiday,22,Spring,907
28/03/2018,13.5,74,1.2,603,0.0,0.0,0.0,No Holiday,23,Spring,614
29/03/2018,13.4,77,1.5,537,0.0,0.0,0.0,No Holiday,0,Spring,466
29/03/2018,13.0,81,1.9,484,0.0,0.0,0.0,No Holiday,1,Spring,390
29/03/2018,12.9,83,1.6,369,0.0,0.0,0.0,No Holiday,2,Spring,254
29/03/2018,12.7,80,0.4,384,0.0,0.0,0.0,No Holiday,3,Spring,170
29/03/2018,12.8,81,0.2,418,0.0,0.0,0.0,No Holiday,4,Spring,109
29/03/2018,12.7,83,0.8,392,0.0,0.0,0.0,No Holiday,5,Spring,106
29/03/2018,12.6,83,0.5,332,0.0,0.0,0.0,No Holiday,6,Spring,274
29/03/2018,12.8,82,0.6,370,0.01,0.0,0.0,No Holiday,7,Spring,781
29/03/2018,13.3,80,1.2,369,0.14,0.0,0.0,No Holiday,8,Spring,1281
29/03/2018,13.5,79,1.9,382,0.2,0.0,0.0,No Holiday,9,Spring,757
29/03/2018,15.0,69,1.5,552,1.02,0.0,0.0,No Holiday,10,Spring,482
29/03/2018,16.1,63,1.2,555,1.08,0.0,0.0,No Holiday,11,Spring,583
29/03/2018,18.2,55,2.3,594,2.24,0.0,0.0,No Holiday,12,Spring,714
29/03/2018,19.5,48,1.9,596,2.32,0.0,0.0,No Holiday,13,Spring,716
29/03/2018,20.2,47,2.4,541,2.3,0.0,0.0,No Holiday,14,Spring,711
29/03/2018,20.8,42,3.1,576,2.1,0.0,0.0,No Holiday,15,Spring,781
29/03/2018,20.7,38,2.2,741,1.63,0.0,0.0,No Holiday,16,Spring,957
29/03/2018,20.3,48,2.8,635,1.14,0.0,0.0,No Holiday,17,Spring,1194
29/03/2018,19.1,47,2.4,942,0.57,0.0,0.0,No Holiday,18,Spring,1776
29/03/2018,17.5,61,2.2,758,0.11,0.0,0.0,No Holiday,19,Spring,1260
29/03/2018,15.6,64,2.7,686,0.0,0.0,0.0,No Holiday,20,Spring,1079
29/03/2018,14.4,66,1.7,677,0.0,0.0,0.0,No Holiday,21,Spring,1046
29/03/2018,13.3,71,2.1,581,0.0,0.0,0.0,No Holiday,22,Spring,949
29/03/2018,12.7,75,1.6,475,0.0,0.0,0.0,No Holiday,23,Spring,614
30/03/2018,11.8,78,0.6,438,0.0,0.0,0.0,No Holiday,0,Spring,490
30/03/2018,11.4,77,0.7,466,0.0,0.0,0.0,No Holiday,1,Spring,401
30/03/2018,10.8,72,0.4,639,0.0,0.0,0.0,No Holiday,2,Spring,261
30/03/2018,10.3,68,0.7,887,0.0,0.0,0.0,No Holiday,3,Spring,184
30/03/2018,9.9,67,1.1,820,0.0,0.0,0.0,No Holiday,4,Spring,115
30/03/2018,10.4,62,1.8,911,0.0,0.0,0.0,No Holiday,5,Spring,117
30/03/2018,10.3,70,1.2,555,0.0,0.0,0.0,No Holiday,6,Spring,284
30/03/2018,10.5,70,1.1,483,0.04,0.0,0.0,No Holiday,7,Spring,747
30/03/2018,11.5,60,1.6,550,0.42,0.0,0.0,No Holiday,8,Spring,1406
30/03/2018,13.7,46,1.3,972,1.08,0.0,0.0,No Holiday,9,Spring,772
30/03/2018,16.0,29,1.4,1708,1.79,0.0,0.0,No Holiday,10,Spring,583
30/03/2018,17.8,26,2.6,1822,2.37,0.0,0.0,No Holiday,11,Spring,739
30/03/2018,19.1,26,1.6,1704,2.73,0.0,0.0,No Holiday,12,Spring,939
30/03/2018,20.3,27,1.4,1464,2.87,0.0,0.0,No Holiday,13,Spring,860
30/03/2018,21.0,28,2.8,1191,2.75,0.0,0.0,No Holiday,14,Spring,965
30/03/2018,21.8,28,2.3,1162,2.4,0.0,0.0,No Holiday,15,Spring,1068
30/03/2018,20.7,36,3.6,811,1.82,0.0,0.0,No Holiday,16,Spring,1156
30/03/2018,19.4,45,2.9,778,1.13,0.0,0.0,No Holiday,17,Spring,1460
30/03/2018,17.4,57,3.1,657,0.52,0.0,0.0,No Holiday,18,Spring,1935
30/03/2018,15.2,60,3.2,1081,0.09,0.0,0.0,No Holiday,19,Spring,1268
30/03/2018,14.3,63,2.6,936,0.0,0.0,0.0,No Holiday,20,Spring,1045
30/03/2018,13.7,73,1.8,658,0.0,0.0,0.0,No Holiday,21,Spring,948
30/03/2018,12.7,76,1.5,521,0.0,0.0,0.0,No Holiday,22,Spring,880
30/03/2018,12.1,77,1.4,540,0.0,0.0,0.0,No Holiday,23,Spring,678
31/03/2018,11.7,77,1.3,588,0.0,0.0,0.0,No Holiday,0,Spring,537
31/03/2018,11.5,77,2.0,593,0.0,0.0,0.0,No Holiday,1,Spring,502
31/03/2018,11.0,73,1.5,816,0.0,0.0,0.0,No Holiday,2,Spring,397
31/03/2018,10.7,74,1.7,712,0.0,0.0,0.0,No Holiday,3,Spring,264
31/03/2018,10.4,73,1.7,801,0.0,0.0,0.0,No Holiday,4,Spring,163
31/03/2018,9.8,73,0.8,1098,0.0,0.0,0.0,No Holiday,5,Spring,108
31/03/2018,9.4,75,0.9,1117,0.0,0.0,0.0,No Holiday,6,Spring,142
31/03/2018,9.5,72,0.2,1017,0.04,0.0,0.0,No Holiday,7,Spring,264
31/03/2018,10.4,65,0.8,979,0.41,0.0,0.0,No Holiday,8,Spring,489
31/03/2018,12.6,57,0.9,859,0.98,0.0,0.0,No Holiday,9,Spring,642
31/03/2018,14.7,53,0.9,831,1.59,0.0,0.0,No Holiday,10,Spring,618
31/03/2018,16.7,45,1.9,1054,2.07,0.0,0.0,No Holiday,11,Spring,824
31/03/2018,18.2,38,4.2,1189,2.41,0.0,0.0,No Holiday,12,Spring,1072
31/03/2018,19.3,37,3.0,1257,2.53,0.0,0.0,No Holiday,13,Spring,1218
31/03/2018,20.1,30,3.0,1554,2.57,0.0,0.0,No Holiday,14,Spring,1381
31/03/2018,18.9,28,3.7,1769,2.09,0.0,0.0,No Holiday,15,Spring,1542
31/03/2018,18.0,32,3.0,1836,1.03,0.0,0.0,No Holiday,16,Spring,1578
31/03/2018,17.3,36,3.4,1722,0.8,0.0,0.0,No Holiday,17,Spring,1531
31/03/2018,16.6,33,2.6,1867,0.48,0.0,0.0,No Holiday,18,Spring,1391
31/03/2018,15.3,41,2.0,1751,0.08,0.0,0.0,No Holiday,19,Spring,1025
31/03/2018,14.0,45,1.6,1729,0.0,0.0,0.0,No Holiday,20,Spring,972
31/03/2018,13.3,48,1.6,1582,0.0,0.0,0.0,No Holiday,21,Spring,1010
31/03/2018,12.8,52,1.5,1616,0.0,0.0,0.0,No Holiday,22,Spring,922
31/03/2018,12.4,63,1.3,1201,0.0,0.0,0.0,No Holiday,23,Spring,655
01/04/2018,12.1,70,0.8,1050,0.0,0.0,0.0,No Holiday,0,Spring,579
01/04/2018,11.7,74,0.5,979,0.0,0.0,0.0,No Holiday,1,Spring,453
01/04/2018,11.7,72,0.6,915,0.0,0.0,0.0,No Holiday,2,Spring,322
01/04/2018,11.9,71,0.7,853,0.0,0.0,0.0,No Holiday,3,Spring,221
01/04/2018,12.1,69,0.3,827,0.0,0.0,0.0,No Holiday,4,Spring,147
01/04/2018,12.3,65,0.5,1085,0.0,0.0,0.0,No Holiday,5,Spring,96
01/04/2018,12.4,61,0.4,1131,0.0,0.0,0.0,No Holiday,6,Spring,110
01/04/2018,12.5,62,0.4,1003,0.0,0.0,0.0,No Holiday,7,Spring,169
01/04/2018,12.9,64,1.5,778,0.06,0.0,0.0,No Holiday,8,Spring,342
01/04/2018,13.5,66,1.8,934,0.16,0.0,0.0,No Holiday,9,Spring,485
01/04/2018,14.7,61,2.0,945,0.64,0.0,0.0,No Holiday,10,Spring,566
01/04/2018,16.7,55,2.1,1182,1.37,0.0,0.0,No Holiday,11,Spring,737
01/04/2018,18.0,53,3.1,1350,1.53,0.0,0.0,No Holiday,12,Spring,926
01/04/2018,17.9,60,2.2,1248,0.86,0.0,0.0,No Holiday,13,Spring,1156
01/04/2018,17.5,67,2.1,832,0.42,0.0,0.0,No Holiday,14,Spring,1201
01/04/2018,18.2,63,2.2,687,0.72,0.0,0.0,No Holiday,15,Spring,1349
01/04/2018,18.2,69,3.2,625,0.87,0.0,0.0,No Holiday,16,Spring,1409
01/04/2018,18.0,72,1.8,559,0.47,0.0,0.0,No Holiday,17,Spring,1362
01/04/2018,17.7,75,2.1,519,0.12,0.0,0.0,No Holiday,18,Spring,1296
01/04/2018,17.4,79,2.3,614,0.03,0.0,0.0,No Holiday,19,Spring,1066
01/04/2018,17.1,80,1.5,480,0.0,0.0,0.0,No Holiday,20,Spring,984
01/04/2018,16.9,81,1.9,472,0.0,0.0,0.0,No Holiday,21,Spring,983
01/04/2018,16.7,83,2.4,416,0.0,0.0,0.0,No Holiday,22,Spring,841
01/04/2018,16.3,82,1.3,480,0.0,0.0,0.0,No Holiday,23,Spring,588
02/04/2018,16.1,80,1.9,605,0.0,0.0,0.0,No Holiday,0,Spring,468
02/04/2018,16.0,79,1.0,716,0.0,0.0,0.0,No Holiday,1,Spring,295
02/04/2018,15.7,81,1.4,694,0.0,0.0,0.0,No Holiday,2,Spring,155
02/04/2018,15.6,81,1.2,628,0.0,0.0,0.0,No Holiday,3,Spring,111
02/04/2018,15.7,79,1.2,628,0.0,0.0,0.0,No Holiday,4,Spring,86
02/04/2018,15.3,82,1.4,508,0.0,0.0,0.0,No Holiday,5,Spring,125
02/04/2018,14.9,81,0.4,580,0.0,0.0,0.0,No Holiday,6,Spring,359
02/04/2018,15.1,80,1.0,623,0.01,0.0,0.0,No Holiday,7,Spring,918
02/04/2018,15.7,75,1.1,804,0.11,0.0,0.0,No Holiday,8,Spring,1469
02/04/2018,16.6,70,1.5,945,0.3,0.0,0.0,No Holiday,9,Spring,806
02/04/2018,17.5,66,1.3,1059,0.55,0.0,0.0,No Holiday,10,Spring,579
02/04/2018,18.5,61,1.6,1301,0.95,0.0,0.0,No Holiday,11,Spring,662
02/04/2018,20.8,50,2.0,1240,1.82,0.0,0.0,No Holiday,12,Spring,818
02/04/2018,21.9,48,2.5,1113,2.14,0.0,0.0,No Holiday,13,Spring,818
02/04/2018,23.0,42,3.4,1315,2.1,0.0,0.0,No Holiday,14,Spring,920
02/04/2018,23.7,43,2.8,1347,2.28,0.0,0.0,No Holiday,15,Spring,993
02/04/2018,23.0,47,4.1,1417,2.0,0.0,0.0,No Holiday,16,Spring,1218
02/04/2018,22.0,49,3.7,1582,1.28,0.0,0.0,No Holiday,17,Spring,1569
02/04/2018,20.7,54,4.1,1484,0.5,0.0,0.0,No Holiday,18,Spring,2401
02/04/2018,19.1,60,3.4,1592,0.1,0.0,0.0,No Holiday,19,Spring,1779
02/04/2018,18.2,65,1.8,1563,0.0,0.0,0.0,No Holiday,20,Spring,1517
02/04/2018,17.9,64,2.1,1652,0.0,0.0,0.0,No Holiday,21,Spring,1503
02/04/2018,17.4,66,2.3,1565,0.0,0.0,0.0,No Holiday,22,Spring,1213
02/04/2018,16.8,70,0.9,1426,0.0,0.0,0.0,No Holiday,23,Spring,803
03/04/2018,16.8,69,0.8,1395,0.0,0.0,0.0,No Holiday,0,Spring,532
03/04/2018,17.1,72,1.7,1353,0.0,0.0,0.0,No Holiday,1,Spring,430
03/04/2018,17.0,73,1.6,1184,0.0,0.0,0.0,No Holiday,2,Spring,275
03/04/2018,17.0,74,1.7,1294,0.0,0.0,0.0,No Holiday,3,Spring,156
03/04/2018,16.9,74,1.2,1199,0.0,0.0,0.0,No Holiday,4,Spring,124
03/04/2018,16.9,73,1.6,1275,0.0,0.0,0.0,No Holiday,5,Spring,163
03/04/2018,16.8,74,1.2,1265,0.0,0.0,0.0,No Holiday,6,Spring,388
03/04/2018,16.8,73,1.0,1366,0.01,0.0,0.0,No Holiday,7,Spring,1033
03/04/2018,17.3,71,0.5,1481,0.17,0.0,0.0,No Holiday,8,Spring,1677
03/04/2018,18.3,67,2.4,1375,0.55,0.0,0.0,No Holiday,9,Spring,867
03/04/2018,18.9,66,2.0,1298,0.85,0.0,0.0,No Holiday,10,Spring,664
03/04/2018,19.0,67,1.9,1062,0.52,0.0,0.0,No Holiday,11,Spring,696
03/04/2018,19.6,63,2.9,1034,0.68,0.0,0.0,No Holiday,12,Spring,913
03/04/2018,20.1,61,2.6,1117,1.01,0.0,0.0,No Holiday,13,Spring,870
03/04/2018,21.0,53,3.2,1306,1.12,0.0,0.0,No Holiday,14,Spring,931
03/04/2018,19.9,58,2.5,1348,0.51,0.0,0.0,No Holiday,15,Spring,961
03/04/2018,19.7,58,3.7,1302,0.78,0.0,0.0,No Holiday,16,Spring,1173
03/04/2018,19.7,57,2.6,1302,0.54,0.0,0.0,No Holiday,17,Spring,1436
03/04/2018,18.9,68,3.3,1326,0.12,0.0,0.0,No Holiday,18,Spring,2134
03/04/2018,18.0,74,3.1,1258,0.02,0.0,0.0,No Holiday,19,Spring,1415
03/04/2018,17.3,80,2.4,927,0.0,0.0,0.0,No Holiday,20,Spring,1470
03/04/2018,17.0,83,3.2,744,0.0,0.0,0.0,No Holiday,21,Spring,1223
03/04/2018,16.0,85,2.0,409,0.0,0.0,0.0,No Holiday,22,Spring,1030
03/04/2018,15.0,94,1.6,163,0.0,0.0,0.0,No Holiday,23,Spring,454
04/04/2018,15.0,96,2.1,141,0.0,0.1,0.0,No Holiday,0,Spring,355
04/04/2018,14.8,96,1.7,209,0.0,0.0,0.0,No Holiday,1,Spring,113
04/04/2018,14.5,97,2.2,179,0.0,3.5,0.0,No Holiday,2,Spring,15
04/04/2018,14.3,97,1.2,228,0.0,7.0,0.0,No Holiday,3,Spring,22
04/04/2018,14.1,97,1.7,306,0.0,3.0,0.0,No Holiday,4,Spring,14
04/04/2018,11.9,97,3.4,305,0.0,3.0,0.0,No Holiday,5,Spring,19
04/04/2018,11.7,95,0.7,2000,0.0,2.0,0.0,No Holiday,6,Spring,172
04/04/2018,10.3,90,1.2,2000,0.01,0.0,0.0,No Holiday,7,Spring,665
04/04/2018,10.3,86,2.5,2000,0.15,0.0,0.0,No Holiday,8,Spring,1284
04/04/2018,10.4,81,1.4,2000,0.36,0.0,0.0,No Holiday,9,Spring,378
04/04/2018,10.7,81,1.4,2000,0.57,0.0,0.0,No Holiday,10,Spring,505
04/04/2018,12.8,65,2.0,2000,1.76,0.0,0.0,No Holiday,11,Spring,744
04/04/2018,15.3,54,2.1,1989,2.83,0.0,0.0,No Holiday,12,Spring,928
04/04/2018,16.7,47,1.4,2000,3.24,0.0,0.0,No Holiday,13,Spring,951
04/04/2018,17.9,42,1.3,1981,3.04,0.0,0.0,No Holiday,14,Spring,1096
04/04/2018,17.9,44,2.2,2000,2.79,0.0,0.0,No Holiday,15,Spring,1209
04/04/2018,17.9,42,1.1,2000,2.25,0.0,0.0,No Holiday,16,Spring,1413
04/04/2018,17.2,46,2.2,2000,1.6,0.0,0.0,No Holiday,17,Spring,1745
04/04/2018,16.0,47,2.1,2000,0.79,0.0,0.0,No Holiday,18,Spring,2402
04/04/2018,14.3,53,2.1,2000,0.17,0.0,0.0,No Holiday,19,Spring,1626
04/04/2018,12.8,56,2.0,2000,0.0,0.0,0.0,No Holiday,20,Spring,1374
04/04/2018,11.8,57,1.9,2000,0.0,0.0,0.0,No Holiday,21,Spring,1256
04/04/2018,10.9,58,1.5,2000,0.0,0.0,0.0,No Holiday,22,Spring,1041
04/04/2018,10.2,58,2.4,2000,0.0,0.0,0.0,No Holiday,23,Spring,668
05/04/2018,9.5,61,1.7,2000,0.0,0.0,0.0,No Holiday,0,Spring,436
05/04/2018,9.0,62,1.9,2000,0.0,0.0,0.0,No Holiday,1,Spring,373
05/04/2018,9.0,63,2.1,2000,0.0,0.0,0.0,No Holiday,2,Spring,220
05/04/2018,8.9,64,2.2,2000,0.0,0.0,0.0,No Holiday,3,Spring,150
05/04/2018,8.8,65,2.5,2000,0.0,0.0,0.0,No Holiday,4,Spring,87
05/04/2018,8.3,81,2.0,1060,0.0,0.1,0.0,No Holiday,5,Spring,18
05/04/2018,7.5,94,2.4,511,0.0,0.4,0.0,No Holiday,6,Spring,21
05/04/2018,7.1,94,2.2,572,0.0,1.5,0.0,No Holiday,7,Spring,38
05/04/2018,6.7,94,2.7,1127,0.05,2.0,0.0,No Holiday,8,Spring,207
05/04/2018,6.8,89,2.9,2000,0.07,0.0,0.0,No Holiday,9,Spring,129
05/04/2018,7.1,87,2.9,2000,0.15,0.0,0.0,No Holiday,10,Spring,95
05/04/2018,7.1,93,2.6,697,0.19,0.0,0.0,No Holiday,11,Spring,47
05/04/2018,7.3,95,2.2,676,0.3,0.5,0.0,No Holiday,12,Spring,70
05/04/2018,7.7,95,1.9,442,0.4,0.0,0.0,No Holiday,13,Spring,84
05/04/2018,8.0,95,1.5,514,0.35,0.0,0.0,No Holiday,14,Spring,46
05/04/2018,8.1,96,1.9,410,0.26,0.5,0.0,No Holiday,15,Spring,37
05/04/2018,8.1,96,1.5,281,0.21,1.0,0.0,No Holiday,16,Spring,31
05/04/2018,8.0,96,1.4,298,0.13,1.0,0.0,No Holiday,17,Spring,46
05/04/2018,7.6,96,2.0,660,0.04,0.0,0.0,No Holiday,18,Spring,75
05/04/2018,7.6,96,1.5,1309,0.0,1.5,0.0,No Holiday,19,Spring,75
05/04/2018,7.3,96,1.9,2000,0.0,0.0,0.0,No Holiday,20,Spring,56
05/04/2018,7.3,96,1.5,749,0.0,1.0,0.0,No Holiday,21,Spring,99
05/04/2018,7.2,96,1.0,700,0.0,0.0,0.0,No Holiday,22,Spring,77
05/04/2018,7.1,96,1.3,1497,0.0,0.5,0.0,No Holiday,23,Spring,79
06/04/2018,7.2,95,0.9,861,0.0,0.5,0.0,No Holiday,0,Spring,56
06/04/2018,7.2,95,0.2,683,0.0,0.5,0.0,No Holiday,1,Spring,50
06/04/2018,7.3,96,1.0,337,0.0,1.5,0.0,No Holiday,2,Spring,27
06/04/2018,7.2,96,0.8,349,0.0,2.0,0.0,No Holiday,3,Spring,18
06/04/2018,6.8,97,2.2,453,0.0,2.0,0.0,No Holiday,4,Spring,9
06/04/2018,6.3,97,1.7,787,0.0,0.5,0.0,No Holiday,5,Spring,54
06/04/2018,6.1,96,2.1,798,0.0,0.0,0.0,No Holiday,6,Spring,178
06/04/2018,5.7,95,3.4,1136,0.02,0.0,0.0,No Holiday,7,Spring,591
06/04/2018,5.9,90,2.8,1820,0.32,0.0,0.0,No Holiday,8,Spring,1235
06/04/2018,6.9,83,2.2,1666,0.83,0.0,0.0,No Holiday,9,Spring,719
06/04/2018,8.0,73,2.8,1641,1.44,0.0,0.0,No Holiday,10,Spring,529
06/04/2018,8.3,69,4.1,1217,1.81,0.0,0.0,No Holiday,11,Spring,598
06/04/2018,6.7,71,4.6,543,1.05,0.0,0.0,No Holiday,12,Spring,756
06/04/2018,7.9,58,4.3,488,1.88,0.0,0.0,No Holiday,13,Spring,683
06/04/2018,7.4,56,3.5,461,1.04,0.0,0.0,No Holiday,14,Spring,572
06/04/2018,6.8,50,4.1,660,0.56,0.0,0.0,No Holiday,15,Spring,545
06/04/2018,6.6,50,4.0,645,0.81,0.0,0.0,No Holiday,16,Spring,585
06/04/2018,6.3,50,4.4,707,0.64,0.0,0.0,No Holiday,17,Spring,776
06/04/2018,5.9,43,5.3,859,0.62,0.0,0.0,No Holiday,18,Spring,1114
06/04/2018,4.8,48,3.8,1126,0.17,0.0,0.0,No Holiday,19,Spring,659
06/04/2018,4.3,59,4.6,991,0.0,0.0,0.0,No Holiday,20,Spring,508
06/04/2018,4.0,67,3.0,794,0.0,0.0,0.0,No Holiday,21,Spring,447
06/04/2018,3.9,68,3.0,737,0.0,0.0,0.0,No Holiday,22,Spring,499
06/04/2018,3.8,75,4.1,604,0.0,0.0,0.0,No Holiday,23,Spring,312
07/04/2018,3.0,67,3.3,945,0.0,0.0,0.0,No Holiday,0,Spring,282
07/04/2018,2.6,67,2.7,1053,0.0,0.0,0.0,No Holiday,1,Spring,225
07/04/2018,1.8,81,2.9,325,0.0,0.0,0.0,No Holiday,2,Spring,123
07/04/2018,1.5,82,3.5,372,0.0,0.1,0.0,No Holiday,3,Spring,122
07/04/2018,1.6,70,3.6,1392,0.0,0.1,0.0,No Holiday,4,Spring,80
07/04/2018,1.6,62,4.9,1372,0.0,0.0,0.0,No Holiday,5,Spring,57
07/04/2018,1.7,58,3.8,1189,0.0,0.0,0.0,No Holiday,6,Spring,108
07/04/2018,1.9,51,4.9,1297,0.07,0.0,0.0,No Holiday,7,Spring,206
07/04/2018,2.4,44,4.3,1375,0.41,0.0,0.0,No Holiday,8,Spring,399
07/04/2018,3.4,37,3.6,1668,1.07,0.0,0.0,No Holiday,9,Spring,426
07/04/2018,4.3,31,4.9,1661,1.77,0.0,0.0,No Holiday,10,Spring,453
07/04/2018,4.7,26,4.8,1927,1.55,0.0,0.0,No Holiday,11,Spring,553
07/04/2018,6.0,23,4.2,1990,2.0,0.0,0.0,No Holiday,12,Spring,697
07/04/2018,7.4,22,4.5,1964,2.98,0.0,0.0,No Holiday,13,Spring,852
07/04/2018,8.1,24,4.7,1914,2.99,0.0,0.0,No Holiday,14,Spring,919
07/04/2018,7.6,36,5.0,1928,1.39,0.0,0.0,No Holiday,15,Spring,925
07/04/2018,7.9,34,4.7,1979,1.09,0.0,0.0,No Holiday,16,Spring,897
07/04/2018,7.6,36,5.3,2000,1.8,0.0,0.0,No Holiday,17,Spring,908
07/04/2018,6.4,43,3.7,2000,0.92,0.0,0.0,No Holiday,18,Spring,714
07/04/2018,4.9,47,3.5,2000,0.2,0.0,0.0,No Holiday,19,Spring,518
07/04/2018,4.2,44,4.1,2000,0.0,0.0,0.0,No Holiday,20,Spring,458
07/04/2018,3.8,39,3.2,2000,0.0,0.0,0.0,No Holiday,21,Spring,443
07/04/2018,3.5,41,2.8,2000,0.0,0.0,0.0,No Holiday,22,Spring,426
07/04/2018,3.1,39,3.1,2000,0.0,0.0,0.0,No Holiday,23,Spring,368
08/04/2018,2.9,46,2.2,2000,0.0,0.0,0.0,No Holiday,0,Spring,325
08/04/2018,2.4,46,1.7,2000,0.0,0.0,0.0,No Holiday,1,Spring,224
08/04/2018,2.2,49,1.9,2000,0.0,0.0,0.0,No Holiday,2,Spring,191
08/04/2018,2.0,50,2.0,2000,0.0,0.0,0.0,No Holiday,3,Spring,141
08/04/2018,1.7,51,1.3,2000,0.0,0.0,0.0,No Holiday,4,Spring,90
08/04/2018,1.3,51,1.6,2000,0.0,0.0,0.0,No Holiday,5,Spring,59
08/04/2018,0.9,52,1.1,2000,0.0,0.0,0.0,No Holiday,6,Spring,101
08/04/2018,0.9,54,0.8,2000,0.11,0.0,0.0,No Holiday,7,Spring,159
08/04/2018,2.9,53,1.5,1892,0.68,0.0,0.0,No Holiday,8,Spring,332
08/04/2018,5.1,46,2.7,1888,1.34,0.0,0.0,No Holiday,9,Spring,405
08/04/2018,6.3,39,2.8,2000,1.55,0.0,0.0,No Holiday,10,Spring,494
08/04/2018,6.4,29,2.7,2000,0.9,0.0,0.0,No Holiday,11,Spring,586
08/04/2018,6.9,30,1.8,1994,0.85,0.0,0.0,No Holiday,12,Spring,709
08/04/2018,7.4,27,1.8,2000,0.86,0.0,0.0,No Holiday,13,Spring,847
08/04/2018,7.9,27,1.0,1985,0.75,0.0,0.0,No Holiday,14,Spring,777
08/04/2018,7.3,38,0.8,2000,0.38,0.0,0.0,No Holiday,15,Spring,343
08/04/2018,6.1,65,1.5,1465,0.21,0.0,0.0,No Holiday,16,Spring,137
08/04/2018,4.3,80,2.6,1357,0.23,0.1,0.0,No Holiday,17,Spring,58
08/04/2018,3.0,89,1.5,283,0.07,1.9,0.0,No Holiday,18,Spring,22
08/04/2018,2.5,94,1.8,349,0.0,1.0,0.0,No Holiday,19,Spring,44
08/04/2018,2.7,90,1.5,639,0.0,0.0,0.0,No Holiday,20,Spring,93
08/04/2018,2.8,88,2.1,592,0.0,0.0,0.0,No Holiday,21,Spring,170
08/04/2018,2.7,88,2.0,621,0.0,0.0,0.0,No Holiday,22,Spring,177
08/04/2018,2.9,85,0.9,829,0.0,0.0,0.0,No Holiday,23,Spring,182
09/04/2018,3.2,84,0.6,785,0.0,0.0,0.0,No Holiday,0,Spring,197
09/04/2018,2.8,87,0.8,462,0.0,0.0,0.0,No Holiday,1,Spring,140
09/04/2018,2.2,88,0.5,508,0.0,0.0,0.0,No Holiday,2,Spring,97
09/04/2018,1.6,94,0.3,426,0.0,0.0,0.0,No Holiday,3,Spring,52
09/04/2018,1.1,95,0.5,345,0.0,0.0,0.0,No Holiday,4,Spring,43
09/04/2018,0.7,96,1.0,206,0.0,0.0,0.0,No Holiday,5,Spring,91
09/04/2018,0.1,97,0.6,77,0.0,0.0,0.0,No Holiday,6,Spring,239
09/04/2018,0.6,97,1.3,66,0.05,0.0,0.0,No Holiday,7,Spring,651
09/04/2018,1.0,97,0.9,148,0.22,0.0,0.0,No Holiday,8,Spring,1163
09/04/2018,2.6,96,1.1,316,0.87,0.0,0.0,No Holiday,9,Spring,682
09/04/2018,5.2,73,1.0,668,2.08,0.0,0.0,No Holiday,10,Spring,506
09/04/2018,7.5,54,0.9,1013,2.49,0.0,0.0,No Holiday,11,Spring,644
09/04/2018,10.4,44,1.7,1235,2.93,0.0,0.0,No Holiday,12,Spring,799
09/04/2018,12.4,32,1.7,1441,3.06,0.0,0.0,No Holiday,13,Spring,869
09/04/2018,13.9,26,2.5,1537,2.99,0.0,0.0,No Holiday,14,Spring,921
09/04/2018,14.2,24,1.8,1743,2.6,0.0,0.0,No Holiday,15,Spring,1038
09/04/2018,15.3,24,1.5,1534,2.0,0.0,0.0,No Holiday,16,Spring,1185
09/04/2018,15.3,26,0.9,1257,1.39,0.0,0.0,No Holiday,17,Spring,1479
09/04/2018,14.8,24,1.3,1514,0.69,0.0,0.0,No Holiday,18,Spring,2401
09/04/2018,13.4,33,1.2,1356,0.15,0.0,0.0,No Holiday,19,Spring,1599
09/04/2018,11.7,34,0.9,1393,0.0,0.0,0.0,No Holiday,20,Spring,1362
09/04/2018,10.3,38,0.5,1433,0.0,0.0,0.0,No Holiday,21,Spring,1232
09/04/2018,9.6,41,0.5,1428,0.0,0.0,0.0,No Holiday,22,Spring,1069
09/04/2018,9.6,43,1.2,1333,0.0,0.0,0.0,No Holiday,23,Spring,623
10/04/2018,9.0,46,1.2,1259,0.0,0.0,0.0,No Holiday,0,Spring,485
10/04/2018,9.0,44,1.0,1314,0.0,0.0,0.0,No Holiday,1,Spring,376
10/04/2018,8.8,43,1.0,1490,0.0,0.0,0.0,No Holiday,2,Spring,250
10/04/2018,8.1,48,0.8,1455,0.0,0.0,0.0,No Holiday,3,Spring,149
10/04/2018,7.5,48,1.0,1458,0.0,0.0,0.0,No Holiday,4,Spring,102
10/04/2018,7.1,53,0.8,1392,0.0,0.0,0.0,No Holiday,5,Spring,123
10/04/2018,6.9,51,0.9,1546,0.0,0.0,0.0,No Holiday,6,Spring,370
10/04/2018,7.2,50,1.1,1454,0.1,0.0,0.0,No Holiday,7,Spring,981
10/04/2018,9.6,38,1.4,1527,0.58,0.0,0.0,No Holiday,8,Spring,1702
10/04/2018,11.9,35,1.1,1664,0.95,0.0,0.0,No Holiday,9,Spring,982
10/04/2018,15.2,31,1.6,1757,1.84,0.0,0.0,No Holiday,10,Spring,703
10/04/2018,18.5,27,1.3,1610,2.59,0.0,0.0,No Holiday,11,Spring,839
10/04/2018,20.5,37,4.6,1761,2.94,0.0,0.0,No Holiday,12,Spring,1023
10/04/2018,21.9,34,5.1,1861,2.77,0.0,0.0,No Holiday,13,Spring,967
10/04/2018,21.2,35,7.4,1992,1.8,0.0,0.0,No Holiday,14,Spring,913
10/04/2018,21.4,33,4.8,1998,1.63,0.0,0.0,No Holiday,15,Spring,933
10/04/2018,20.9,34,5.8,2000,1.37,0.0,0.0,No Holiday,16,Spring,1080
10/04/2018,20.6,39,5.6,2000,0.74,0.0,0.0,No Holiday,17,Spring,1004
10/04/2018,19.7,52,7.2,2000,0.2,0.0,0.0,No Holiday,18,Spring,1805
10/04/2018,19.2,55,5.8,2000,0.01,0.0,0.0,No Holiday,19,Spring,1153
10/04/2018,19.1,58,6.1,2000,0.0,0.0,0.0,No Holiday,20,Spring,336
10/04/2018,17.5,70,7.3,1634,0.0,0.5,0.0,No Holiday,21,Spring,133
10/04/2018,15.8,83,5.4,691,0.0,1.5,0.0,No Holiday,22,Spring,75
10/04/2018,15.1,83,4.1,1147,0.0,3.0,0.0,No Holiday,23,Spring,212
11/04/2018,14.4,82,4.6,1041,0.0,0.0,0.0,No Holiday,0,Spring,0
11/04/2018,13.6,81,3.6,886,0.0,0.0,0.0,No Holiday,1,Spring,0
11/04/2018,12.7,80,3.9,885,0.0,0.0,0.0,No Holiday,2,Spring,0
11/04/2018,11.6,81,3.1,687,0.0,0.0,0.0,No Holiday,3,Spring,0
11/04/2018,10.2,83,3.5,554,0.0,0.0,0.0,No Holiday,4,Spring,0
11/04/2018,9.7,84,1.7,447,0.0,0.0,0.0,No Holiday,5,Spring,0
11/04/2018,9.0,86,2.0,442,0.0,0.0,0.0,No Holiday,6,Spring,0
11/04/2018,8.8,85,1.1,438,0.11,0.0,0.0,No Holiday,7,Spring,0
11/04/2018,9.7,77,1.6,519,0.68,0.0,0.0,No Holiday,8,Spring,0
11/04/2018,11.8,59,2.1,975,1.44,0.0,0.0,No Holiday,9,Spring,0
11/04/2018,13.3,51,4.1,1487,2.17,0.0,0.0,No Holiday,10,Spring,0
11/04/2018,14.9,44,4.0,1468,2.75,0.0,0.0,No Holiday,11,Spring,0
11/04/2018,15.7,46,3.9,1132,3.05,0.0,0.0,No Holiday,12,Spring,0
11/04/2018,15.6,38,4.7,1558,3.32,0.0,0.0,No Holiday,13,Spring,0
11/04/2018,16.4,28,3.4,1804,3.16,0.0,0.0,No Holiday,14,Spring,0
11/04/2018,17.0,28,3.5,1804,2.9,0.0,0.0,No Holiday,15,Spring,0
11/04/2018,16.9,23,4.4,1938,2.39,0.0,0.0,No Holiday,16,Spring,0
11/04/2018,16.2,22,4.1,2000,1.73,0.0,0.0,No Holiday,17,Spring,0
11/04/2018,15.2,21,2.9,2000,0.94,0.0,0.0,No Holiday,18,Spring,0
11/04/2018,13.2,28,2.9,2000,0.22,0.0,0.0,No Holiday,19,Spring,0
11/04/2018,11.9,33,2.0,2000,0.0,0.0,0.0,No Holiday,20,Spring,0
11/04/2018,11.0,34,2.1,2000,0.0,0.0,0.0,No Holiday,21,Spring,0
11/04/2018,10.3,42,1.0,1923,0.0,0.0,0.0,No Holiday,22,Spring,0
11/04/2018,9.7,45,2.0,1969,0.0,0.0,0.0,No Holiday,23,Spring,0
12/04/2018,9.5,40,2.4,1987,0.0,0.0,0.0,No Holiday,0,Spring,504
12/04/2018,8.9,40,2.1,2000,0.0,0.0,0.0,No Holiday,1,Spring,374
12/04/2018,8.1,45,1.0,2000,0.0,0.0,0.0,No Holiday,2,Spring,269
12/04/2018,7.8,49,1.4,1972,0.0,0.0,0.0,No Holiday,3,Spring,182
12/04/2018,7.5,53,1.0,1701,0.0,0.0,0.0,No Holiday,4,Spring,98
12/04/2018,7.1,57,0.8,1746,0.0,0.0,0.0,No Holiday,5,Spring,144
12/04/2018,7.1,55,1.8,1780,0.0,0.0,0.0,No Holiday,6,Spring,375
12/04/2018,7.6,54,1.7,1690,0.13,0.0,0.0,No Holiday,7,Spring,1054
12/04/2018,8.9,48,1.1,1444,0.69,0.0,0.0,No Holiday,8,Spring,1789
12/04/2018,11.5,43,1.7,1818,1.43,0.0,0.0,No Holiday,9,Spring,952
12/04/2018,13.8,39,2.3,1659,2.09,0.0,0.0,No Holiday,10,Spring,686
12/04/2018,16.2,30,2.4,1700,2.68,0.0,0.0,No Holiday,11,Spring,829
12/04/2018,17.5,20,4.6,2000,3.07,0.0,0.0,No Holiday,12,Spring,969
12/04/2018,18.1,18,5.1,1939,3.2,0.0,0.0,No Holiday,13,Spring,1029
12/04/2018,18.8,27,4.9,1888,3.13,0.0,0.0,No Holiday,14,Spring,990
12/04/2018,19.4,24,3.9,2000,2.86,0.0,0.0,No Holiday,15,Spring,1074
12/04/2018,18.8,23,4.2,1956,2.39,0.0,0.0,No Holiday,16,Spring,1273
12/04/2018,18.6,22,3.7,1978,1.72,0.0,0.0,No Holiday,17,Spring,1664
12/04/2018,17.9,16,3.7,2000,0.92,0.0,0.0,No Holiday,18,Spring,2359
12/04/2018,15.9,14,2.8,2000,0.25,0.0,0.0,No Holiday,19,Spring,1641
12/04/2018,14.2,15,2.6,2000,0.0,0.0,0.0,No Holiday,20,Spring,1319
12/04/2018,13.4,15,2.7,2000,0.0,0.0,0.0,No Holiday,21,Spring,1241
12/04/2018,13.5,15,2.2,2000,0.0,0.0,0.0,No Holiday,22,Spring,1142
12/04/2018,12.6,16,1.7,2000,0.0,0.0,0.0,No Holiday,23,Spring,772
13/04/2018,11.4,22,1.5,2000,0.0,0.0,0.0,No Holiday,0,Spring,525
13/04/2018,10.0,23,0.7,2000,0.0,0.0,0.0,No Holiday,1,Spring,432
13/04/2018,9.7,23,1.4,2000,0.0,0.0,0.0,No Holiday,2,Spring,257
13/04/2018,9.9,27,1.3,2000,0.0,0.0,0.0,No Holiday,3,Spring,167
13/04/2018,9.7,29,1.8,2000,0.0,0.0,0.0,No Holiday,4,Spring,112
13/04/2018,9.1,34,0.9,2000,0.0,0.0,0.0,No Holiday,5,Spring,156
13/04/2018,8.3,35,0.3,2000,0.0,0.0,0.0,No Holiday,6,Spring,368
13/04/2018,8.8,33,1.2,2000,0.11,0.0,0.0,No Holiday,7,Spring,999
13/04/2018,10.6,27,1.1,2000,0.39,0.0,0.0,No Holiday,8,Spring,1721
13/04/2018,13.2,22,1.1,2000,0.93,0.0,0.0,No Holiday,9,Spring,982
13/04/2018,15.7,18,1.6,1980,1.66,0.0,0.0,No Holiday,10,Spring,741
13/04/2018,16.9,15,1.7,1994,1.8,0.0,0.0,No Holiday,11,Spring,867
13/04/2018,18.2,15,1.6,2000,2.27,0.0,0.0,No Holiday,12,Spring,1095
13/04/2018,19.0,15,1.4,2000,2.02,0.0,0.0,No Holiday,13,Spring,973
13/04/2018,18.7,14,1.6,2000,1.25,0.0,0.0,No Holiday,14,Spring,1063
13/04/2018,18.6,15,0.9,1991,0.81,0.0,0.0,No Holiday,15,Spring,1108
13/04/2018,18.3,16,1.0,2000,0.7,0.0,0.0,No Holiday,16,Spring,1270
13/04/2018,18.1,16,1.4,2000,0.45,0.0,0.0,No Holiday,17,Spring,1662
13/04/2018,17.5,18,1.3,2000,0.23,0.0,0.0,No Holiday,18,Spring,2404
13/04/2018,16.9,19,0.5,2000,0.06,0.0,0.0,No Holiday,19,Spring,1641
13/04/2018,16.2,22,0.9,2000,0.0,0.0,0.0,No Holiday,20,Spring,1359
13/04/2018,16.4,24,2.9,1983,0.0,0.0,0.0,No Holiday,21,Spring,1311
13/04/2018,16.3,25,2.0,2000,0.0,0.0,0.0,No Holiday,22,Spring,1178
13/04/2018,15.5,27,3.5,2000,0.0,0.0,0.0,No Holiday,23,Spring,849
14/04/2018,14.8,27,2.1,2000,0.0,0.0,0.0,No Holiday,0,Spring,664
14/04/2018,14.1,25,1.8,2000,0.0,0.0,0.0,No Holiday,1,Spring,513
14/04/2018,13.5,27,1.6,2000,0.0,0.0,0.0,No Holiday,2,Spring,253
14/04/2018,12.1,41,1.0,2000,0.0,0.2,0.0,No Holiday,3,Spring,62
14/04/2018,10.3,72,1.0,2000,0.0,0.8,0.0,No Holiday,4,Spring,39
14/04/2018,9.5,76,0.8,1962,0.0,0.0,0.0,No Holiday,5,Spring,20
14/04/2018,8.7,80,1.1,1518,0.0,1.0,0.0,No Holiday,6,Spring,12
14/04/2018,8.2,88,0.7,607,0.01,2.0,0.0,No Holiday,7,Spring,18
14/04/2018,7.7,88,1.4,516,0.08,1.0,0.0,No Holiday,8,Spring,17
14/04/2018,7.5,94,1.5,506,0.15,1.5,0.0,No Holiday,9,Spring,17
14/04/2018,7.7,94,1.0,685,0.28,1.5,0.0,No Holiday,10,Spring,43
14/04/2018,8.1,94,1.2,802,0.39,0.5,0.0,No Holiday,11,Spring,52
14/04/2018,8.6,94,1.1,389,0.49,0.0,0.0,No Holiday,12,Spring,75
14/04/2018,8.8,93,1.7,597,0.38,0.0,0.0,No Holiday,13,Spring,70
14/04/2018,8.9,94,1.3,1129,0.29,0.5,0.0,No Holiday,14,Spring,122
14/04/2018,8.6,88,3.2,1211,0.17,0.0,0.0,No Holiday,15,Spring,203
14/04/2018,8.9,87,1.8,2000,0.32,0.0,0.0,No Holiday,16,Spring,445
14/04/2018,9.3,81,2.4,2000,0.52,0.0,0.0,No Holiday,17,Spring,675
14/04/2018,9.6,79,1.8,2000,0.39,0.0,0.0,No Holiday,18,Spring,706
14/04/2018,9.5,76,2.3,2000,0.02,0.0,0.0,No Holiday,19,Spring,612
14/04/2018,9.4,76,2.6,1376,0.0,0.0,0.0,No Holiday,20,Spring,640
14/04/2018,9.1,76,3.5,1113,0.0,0.0,0.0,No Holiday,21,Spring,633
14/04/2018,8.8,77,3.2,1258,0.0,0.0,0.0,No Holiday,22,Spring,586
14/04/2018,8.4,77,3.8,1662,0.0,0.0,0.0,No Holiday,23,Spring,503
15/04/2018,7.8,78,1.8,1741,0.0,0.0,0.0,No Holiday,0,Spring,475
15/04/2018,7.1,78,3.6,1662,0.0,0.0,0.0,No Holiday,1,Spring,349
15/04/2018,6.7,80,2.8,1342,0.0,0.0,0.0,No Holiday,2,Spring,254
15/04/2018,6.4,83,2.3,1158,0.0,0.0,0.0,No Holiday,3,Spring,183
15/04/2018,6.0,84,1.7,951,0.0,0.0,0.0,No Holiday,4,Spring,110
15/04/2018,5.8,85,1.3,829,0.0,0.0,0.0,No Holiday,5,Spring,65
15/04/2018,5.6,85,1.2,769,0.0,0.0,0.0,No Holiday,6,Spring,102
15/04/2018,5.8,83,1.1,733,0.15,0.0,0.0,No Holiday,7,Spring,223
15/04/2018,7.0,78,0.9,656,0.56,0.0,0.0,No Holiday,8,Spring,401
15/04/2018,8.6,66,1.7,881,1.16,0.0,0.0,No Holiday,9,Spring,513
15/04/2018,10.3,62,2.1,914,1.76,0.0,0.0,No Holiday,10,Spring,582
15/04/2018,11.8,57,2.6,1041,2.18,0.0,0.0,No Holiday,11,Spring,797
15/04/2018,12.5,53,3.4,1324,2.52,0.0,0.0,No Holiday,12,Spring,1105
15/04/2018,13.5,46,3.4,1325,2.71,0.0,0.0,No Holiday,13,Spring,1229
15/04/2018,13.7,50,3.7,1218,2.3,0.0,0.0,No Holiday,14,Spring,1083
15/04/2018,13.1,54,4.1,1264,1.98,0.0,0.0,No Holiday,15,Spring,62
15/04/2018,12.0,61,3.6,1374,0.57,0.0,0.0,No Holiday,16,Spring,124
15/04/2018,11.8,60,2.9,1457,0.6,0.0,0.0,No Holiday,17,Spring,42
15/04/2018,11.9,58,2.2,1645,0.61,0.0,0.0,No Holiday,18,Spring,343
15/04/2018,11.0,62,2.1,1661,0.19,0.0,0.0,No Holiday,19,Spring,317
15/04/2018,10.3,62,2.0,1749,0.0,0.0,0.0,No Holiday,20,Spring,297
15/04/2018,9.6,66,1.7,1850,0.0,0.0,0.0,No Holiday,21,Spring,464
15/04/2018,9.0,65,1.7,1953,0.0,0.0,0.0,No Holiday,22,Spring,620
15/04/2018,8.6,69,2.2,1730,0.0,0.0,0.0,No Holiday,23,Spring,467
16/04/2018,8.3,59,2.1,1912,0.0,0.0,0.0,No Holiday,0,Spring,401
16/04/2018,7.6,62,1.2,1885,0.0,0.0,0.0,No Holiday,1,Spring,226
16/04/2018,7.1,64,0.9,1756,0.0,0.0,0.0,No Holiday,2,Spring,126
16/04/2018,6.4,67,1.4,1668,0.0,0.0,0.0,No Holiday,3,Spring,107
16/04/2018,5.9,68,0.7,1590,0.0,0.0,0.0,No Holiday,4,Spring,75
16/04/2018,5.3,73,0.8,1474,0.0,0.0,0.0,No Holiday,5,Spring,132
16/04/2018,5.0,70,0.7,1739,0.0,0.0,0.0,No Holiday,6,Spring,405
16/04/2018,5.0,67,1.0,1774,0.18,0.0,0.0,No Holiday,7,Spring,1049
16/04/2018,6.9,54,0.7,1706,0.85,0.0,0.0,No Holiday,8,Spring,1713
16/04/2018,10.1,42,0.8,1911,1.57,0.0,0.0,No Holiday,9,Spring,922
16/04/2018,12.4,34,1.2,1943,2.24,0.0,0.0,No Holiday,10,Spring,700
16/04/2018,14.1,32,1.3,2000,2.67,0.0,0.0,No Holiday,11,Spring,855
16/04/2018,15.5,33,2.5,1893,3.1,0.0,0.0,No Holiday,12,Spring,1052
16/04/2018,16.6,30,2.3,1876,3.21,0.0,0.0,No Holiday,13,Spring,973
16/04/2018,18.0,28,1.6,1820,3.11,0.0,0.0,No Holiday,14,Spring,1016
16/04/2018,18.4,25,2.0,1809,2.8,0.0,0.0,No Holiday,15,Spring,1145
16/04/2018,18.5,24,3.0,1773,2.27,0.0,0.0,No Holiday,16,Spring,1452
16/04/2018,18.7,21,2.5,1871,1.65,0.0,0.0,No Holiday,17,Spring,1753
16/04/2018,17.0,28,3.1,2000,0.88,0.0,0.0,No Holiday,18,Spring,2692
16/04/2018,13.8,32,3.4,1992,0.26,0.0,0.0,No Holiday,19,Spring,1719
16/04/2018,12.1,35,2.4,1954,0.0,0.0,0.0,No Holiday,20,Spring,1498
16/04/2018,11.1,39,1.5,1734,0.0,0.0,0.0,No Holiday,21,Spring,1355
16/04/2018,10.8,33,0.9,2000,0.0,0.0,0.0,No Holiday,22,Spring,1099
16/04/2018,9.7,33,0.4,2000,0.0,0.0,0.0,No Holiday,23,Spring,733
17/04/2018,9.6,31,0.8,2000,0.0,0.0,0.0,No Holiday,0,Spring,503
17/04/2018,9.0,36,1.0,1994,0.0,0.0,0.0,No Holiday,1,Spring,421
17/04/2018,8.4,45,0.9,1987,0.0,0.0,0.0,No Holiday,2,Spring,237
17/04/2018,7.8,49,1.0,1975,0.0,0.0,0.0,No Holiday,3,Spring,164
17/04/2018,7.6,52,0.4,1935,0.0,0.0,0.0,No Holiday,4,Spring,110
17/04/2018,7.4,56,0.6,1746,0.0,0.0,0.0,No Holiday,5,Spring,143
17/04/2018,6.9,57,0.5,1775,0.0,0.0,0.0,No Holiday,6,Spring,406
17/04/2018,6.9,57,1.1,1633,0.18,0.0,0.0,No Holiday,7,Spring,1100
17/04/2018,8.7,49,0.8,1520,0.68,0.0,0.0,No Holiday,8,Spring,1920
17/04/2018,12.0,39,0.6,1386,1.44,0.0,0.0,No Holiday,9,Spring,1013
17/04/2018,14.7,31,1.1,1240,2.04,0.0,0.0,No Holiday,10,Spring,731
17/04/2018,16.9,27,1.5,1354,2.66,0.0,0.0,No Holiday,11,Spring,822
17/04/2018,18.0,26,2.2,1459,3.03,0.0,0.0,No Holiday,12,Spring,1112
17/04/2018,19.1,26,2.5,1134,3.16,0.0,0.0,No Holiday,13,Spring,1007
17/04/2018,19.8,23,2.6,1472,3.01,0.0,0.0,No Holiday,14,Spring,1037
17/04/2018,19.9,26,3.5,1628,2.8,0.0,0.0,No Holiday,15,Spring,1120
17/04/2018,19.5,28,3.0,1605,2.24,0.0,0.0,No Holiday,16,Spring,1312
17/04/2018,18.3,29,4.3,1626,1.61,0.0,0.0,No Holiday,17,Spring,1632
17/04/2018,17.1,31,3.3,1501,0.93,0.0,0.0,No Holiday,18,Spring,1727
17/04/2018,14.5,31,3.1,1558,0.25,0.0,0.0,No Holiday,19,Spring,1356
17/04/2018,12.5,31,3.8,1746,0.0,0.0,0.0,No Holiday,20,Spring,1290
17/04/2018,11.7,31,2.6,1617,0.0,0.0,0.0,No Holiday,21,Spring,1320
17/04/2018,11.0,34,1.2,1529,0.0,0.0,0.0,No Holiday,22,Spring,1071
17/04/2018,10.1,41,1.1,1509,0.0,0.0,0.0,No Holiday,23,Spring,680
18/04/2018,9.6,44,2.2,1417,0.0,0.0,0.0,No Holiday,0,Spring,515
18/04/2018,8.9,45,2.1,1456,0.0,0.0,0.0,No Holiday,1,Spring,375
18/04/2018,8.7,44,1.6,1684,0.0,0.0,0.0,No Holiday,2,Spring,260
18/04/2018,7.9,45,0.7,1770,0.0,0.0,0.0,No Holiday,3,Spring,164
18/04/2018,7.2,49,0.8,1546,0.0,0.0,0.0,No Holiday,4,Spring,105
18/04/2018,6.7,50,1.6,1774,0.0,0.0,0.0,No Holiday,5,Spring,154
18/04/2018,6.2,52,0.8,1609,0.0,0.0,0.0,No Holiday,6,Spring,395
18/04/2018,6.4,51,1.0,1398,0.19,0.0,0.0,No Holiday,7,Spring,1083
18/04/2018,8.3,36,0.6,1335,0.82,0.0,0.0,No Holiday,8,Spring,1815
18/04/2018,11.2,31,1.7,1299,1.59,0.0,0.0,No Holiday,9,Spring,987
18/04/2018,13.7,26,2.3,1476,2.25,0.0,0.0,No Holiday,10,Spring,761
18/04/2018,15.5,22,1.4,1762,2.82,0.0,0.0,No Holiday,11,Spring,845
18/04/2018,16.5,17,3.3,1819,3.13,0.0,0.0,No Holiday,12,Spring,1047
18/04/2018,17.7,16,2.8,1824,3.27,0.0,0.0,No Holiday,13,Spring,975
18/04/2018,18.9,15,1.8,1822,3.17,0.0,0.0,No Holiday,14,Spring,967
18/04/2018,19.0,21,3.3,1716,2.88,0.0,0.0,No Holiday,15,Spring,1149
18/04/2018,18.5,22,2.7,1515,2.27,0.0,0.0,No Holiday,16,Spring,1346
18/04/2018,17.8,26,3.3,1439,1.63,0.0,0.0,No Holiday,17,Spring,1738
18/04/2018,16.6,33,3.4,1182,0.86,0.0,0.0,No Holiday,18,Spring,1918
18/04/2018,14.7,40,2.4,1207,0.21,0.0,0.0,No Holiday,19,Spring,842
18/04/2018,13.0,41,2.3,1164,0.0,0.0,0.0,No Holiday,20,Spring,1346
18/04/2018,12.1,40,2.0,1308,0.0,0.0,0.0,No Holiday,21,Spring,1209
18/04/2018,11.3,42,1.6,1189,0.0,0.0,0.0,No Holiday,22,Spring,1003
18/04/2018,10.7,42,0.9,1236,0.0,0.0,0.0,No Holiday,23,Spring,671
19/04/2018,9.8,44,1.4,1268,0.0,0.0,0.0,No Holiday,0,Spring,520
19/04/2018,9.3,45,0.8,1263,0.0,0.0,0.0,No Holiday,1,Spring,42
19/04/2018,8.8,49,0.7,1272,0.0,0.0,0.0,No Holiday,2,Spring,281
19/04/2018,8.6,53,1.5,1185,0.0,0.0,0.0,No Holiday,3,Spring,206
19/04/2018,8.3,53,1.1,1007,0.0,0.0,0.0,No Holiday,4,Spring,125
19/04/2018,7.9,59,1.4,1005,0.0,0.0,0.0,No Holiday,5,Spring,153
19/04/2018,7.6,55,1.2,1021,0.0,0.0,0.0,No Holiday,6,Spring,367
19/04/2018,7.7,48,0.4,1110,0.19,0.0,0.0,No Holiday,7,Spring,254
19/04/2018,9.6,39,0.8,1003,0.79,0.0,0.0,No Holiday,8,Spring,20
19/04/2018,12.4,29,1.5,1380,1.49,0.0,0.0,No Holiday,9,Spring,316
19/04/2018,14.7,29,1.7,1070,2.07,0.0,0.0,No Holiday,10,Spring,139
19/04/2018,16.1,23,2.5,1361,2.52,0.0,0.0,No Holiday,11,Spring,795
19/04/2018,17.8,21,2.7,1335,2.79,0.0,0.0,No Holiday,12,Spring,919
19/04/2018,19.2,17,2.2,1448,2.89,0.0,0.0,No Holiday,13,Spring,930
19/04/2018,20.5,17,3.1,1512,2.83,0.0,0.0,No Holiday,14,Spring,996
19/04/2018,20.2,21,4.8,1161,2.53,0.0,0.0,No Holiday,15,Spring,1039
19/04/2018,19.8,25,4.4,1132,2.02,0.0,0.0,No Holiday,16,Spring,1198
19/04/2018,20.1,27,1.9,1088,1.38,0.0,0.0,No Holiday,17,Spring,1534
19/04/2018,19.1,31,3.0,958,0.7,0.0,0.0,No Holiday,18,Spring,2198
19/04/2018,17.4,34,2.2,779,0.16,0.0,0.0,No Holiday,19,Spring,1489
19/04/2018,15.5,38,1.7,745,0.0,0.0,0.0,No Holiday,20,Spring,1313
19/04/2018,14.2,44,2.4,1290,0.0,0.0,0.0,No Holiday,21,Spring,1165
19/04/2018,13.4,49,1.1,1326,0.0,0.0,0.0,No Holiday,22,Spring,1054
19/04/2018,12.9,51,1.7,1200,0.0,0.0,0.0,No Holiday,23,Spring,677
20/04/2018,12.4,56,0.5,1028,0.0,0.0,0.0,No Holiday,0,Spring,553
20/04/2018,11.8,60,0.2,918,0.0,0.0,0.0,No Holiday,1,Spring,436
20/04/2018,11.7,63,0.5,904,0.0,0.0,0.0,No Holiday,2,Spring,305
20/04/2018,11.3,61,0.3,934,0.0,0.0,0.0,No Holiday,3,Spring,188
20/04/2018,11.4,60,0.8,932,0.0,0.0,0.0,No Holiday,4,Spring,134
20/04/2018,11.4,60,0.4,851,0.0,0.0,0.0,No Holiday,5,Spring,168
20/04/2018,11.2,63,0.7,821,0.0,0.0,0.0,No Holiday,6,Spring,414
20/04/2018,11.3,62,0.7,774,0.17,0.0,0.0,No Holiday,7,Spring,979
20/04/2018,13.0,54,1.2,738,0.68,0.0,0.0,No Holiday,8,Spring,1659
20/04/2018,15.8,42,0.9,683,1.37,0.0,0.0,No Holiday,9,Spring,962
20/04/2018,18.2,36,1.0,620,1.99,0.0,0.0,No Holiday,10,Spring,708
20/04/2018,20.6,34,2.2,705,2.51,0.0,0.0,No Holiday,11,Spring,805
20/04/2018,22.5,33,1.8,894,2.88,0.0,0.0,No Holiday,12,Spring,1019
20/04/2018,24.2,30,1.5,835,3.03,0.0,0.0,No Holiday,13,Spring,973
20/04/2018,25.9,28,2.2,808,2.92,0.0,0.0,No Holiday,14,Spring,970
20/04/2018,26.1,27,1.8,581,2.59,0.0,0.0,No Holiday,15,Spring,1080
20/04/2018,25.7,30,3.4,600,2.07,0.0,0.0,No Holiday,16,Spring,1206
20/04/2018,25.6,30,2.3,671,1.47,0.0,0.0,No Holiday,17,Spring,1543
20/04/2018,24.7,33,2.3,687,0.78,0.0,0.0,No Holiday,18,Spring,2268
20/04/2018,22.9,35,1.8,714,0.22,0.0,0.0,No Holiday,19,Spring,1578
20/04/2018,21.1,43,1.8,788,0.0,0.0,0.0,No Holiday,20,Spring,1358
20/04/2018,19.2,50,1.5,842,0.0,0.0,0.0,No Holiday,21,Spring,1213
20/04/2018,18.2,52,1.3,818,0.0,0.0,0.0,No Holiday,22,Spring,1183
20/04/2018,17.3,57,0.6,807,0.0,0.0,0.0,No Holiday,23,Spring,891
21/04/2018,16.3,59,0.2,756,0.0,0.0,0.0,No Holiday,0,Spring,707
21/04/2018,15.5,60,1.1,658,0.0,0.0,0.0,No Holiday,1,Spring,628
21/04/2018,14.7,63,1.8,611,0.0,0.0,0.0,No Holiday,2,Spring,436
21/04/2018,14.2,62,1.4,583,0.0,0.0,0.0,No Holiday,3,Spring,307
21/04/2018,13.6,67,1.6,521,0.0,0.0,0.0,No Holiday,4,Spring,166
21/04/2018,13.0,70,0.5,385,0.0,0.0,0.0,No Holiday,5,Spring,122
21/04/2018,12.3,67,0.5,483,0.0,0.0,0.0,No Holiday,6,Spring,184
21/04/2018,12.5,68,1.1,457,0.22,0.0,0.0,No Holiday,7,Spring,324
21/04/2018,14.6,54,0.9,431,0.89,0.0,0.0,No Holiday,8,Spring,600
21/04/2018,18.1,33,1.1,512,1.61,0.0,0.0,No Holiday,9,Spring,647
21/04/2018,20.6,24,2.0,950,2.29,0.0,0.0,No Holiday,10,Spring,702
21/04/2018,23.1,19,2.0,1172,2.85,0.0,0.0,No Holiday,11,Spring,872
21/04/2018,24.3,14,3.3,1701,3.19,0.0,0.0,No Holiday,12,Spring,1130
21/04/2018,24.6,10,2.7,2000,3.31,0.0,0.0,No Holiday,13,Spring,1315
21/04/2018,25.0,14,3.8,1858,3.29,0.0,0.0,No Holiday,14,Spring,1511
21/04/2018,25.0,13,4.1,2000,2.98,0.0,0.0,No Holiday,15,Spring,1730
21/04/2018,24.8,13,3.3,1955,2.5,0.0,0.0,No Holiday,16,Spring,1942
21/04/2018,23.2,12,3.6,2000,1.69,0.0,0.0,No Holiday,17,Spring,2032
21/04/2018,22.2,11,3.0,2000,0.98,0.0,0.0,No Holiday,18,Spring,1986
21/04/2018,20.7,15,2.0,2000,0.34,0.0,0.0,No Holiday,19,Spring,1711
21/04/2018,19.1,18,1.2,2000,0.0,0.0,0.0,No Holiday,20,Spring,1581
21/04/2018,17.8,21,1.2,2000,0.0,0.0,0.0,No Holiday,21,Spring,1491
21/04/2018,16.7,28,1.0,1996,0.0,0.0,0.0,No Holiday,22,Spring,1292
21/04/2018,16.0,33,0.5,1996,0.0,0.0,0.0,No Holiday,23,Spring,988
22/04/2018,15.9,35,0.3,1995,0.0,0.0,0.0,No Holiday,0,Spring,826
22/04/2018,15.9,39,0.2,2000,0.0,0.0,0.0,No Holiday,1,Spring,578
22/04/2018,15.4,41,0.5,1319,0.0,0.0,0.0,No Holiday,2,Spring,410
22/04/2018,15.2,31,0.3,2000,0.0,0.0,0.0,No Holiday,3,Spring,289
22/04/2018,14.9,35,0.8,2000,0.0,0.0,0.0,No Holiday,4,Spring,192
22/04/2018,14.8,38,0.6,2000,0.0,0.0,0.0,No Holiday,5,Spring,136
22/04/2018,14.6,42,0.5,2000,0.0,0.0,0.0,No Holiday,6,Spring,155
22/04/2018,15.0,41,0.3,2000,0.12,0.0,0.0,No Holiday,7,Spring,278
22/04/2018,16.3,40,0.8,1982,0.25,0.0,0.0,No Holiday,8,Spring,429
22/04/2018,16.9,45,0.9,1958,0.27,0.0,0.0,No Holiday,9,Spring,247
22/04/2018,16.3,62,0.8,1639,0.27,0.3,0.0,No Holiday,10,Spring,486
22/04/2018,17.4,54,0.9,1840,0.51,0.0,0.0,No Holiday,11,Spring,424
22/04/2018,18.9,44,0.9,1910,0.75,0.0,0.0,No Holiday,12,Spring,631
22/04/2018,20.5,35,1.1,2000,1.13,0.0,0.0,No Holiday,13,Spring,842
22/04/2018,20.7,32,1.5,1996,0.69,0.0,0.0,No Holiday,14,Spring,384
22/04/2018,19.6,44,2.4,1885,0.47,0.2,0.0,No Holiday,15,Spring,234
22/04/2018,19.1,52,0.9,1583,0.37,0.0,0.0,No Holiday,16,Spring,103
22/04/2018,17.9,65,1.2,965,0.13,1.0,0.0,No Holiday,17,Spring,46
22/04/2018,16.1,73,1.3,1298,0.11,0.5,0.0,No Holiday,18,Spring,63
22/04/2018,15.2,64,1.7,1185,0.02,0.5,0.0,No Holiday,19,Spring,32
22/04/2018,13.3,80,1.8,821,0.0,1.5,0.0,No Holiday,20,Spring,12
22/04/2018,12.0,86,2.3,681,0.0,2.5,0.0,No Holiday,21,Spring,24
22/04/2018,11.6,89,2.0,469,0.0,4.0,0.0,No Holiday,22,Spring,13
22/04/2018,11.3,94,1.6,368,0.0,3.0,0.0,No Holiday,23,Spring,18
23/04/2018,10.7,94,2.6,477,0.0,2.0,0.0,No Holiday,0,Spring,81
23/04/2018,10.6,87,2.3,1523,0.0,0.1,0.0,No Holiday,1,Spring,41
23/04/2018,10.2,90,2.2,490,0.0,0.9,0.0,No Holiday,2,Spring,21
23/04/2018,9.9,93,2.3,990,0.0,0.5,0.0,No Holiday,3,Spring,8
23/04/2018,9.5,95,2.4,410,0.0,3.5,0.0,No Holiday,4,Spring,2
23/04/2018,9.2,95,2.3,404,0.0,2.5,0.0,No Holiday,5,Spring,6
23/04/2018,9.1,95,2.7,373,0.0,7.0,0.0,No Holiday,6,Spring,5
23/04/2018,9.0,95,2.3,294,0.0,6.0,0.0,No Holiday,7,Spring,17
23/04/2018,8.8,95,2.8,519,0.03,5.0,0.0,No Holiday,8,Spring,25
23/04/2018,8.5,95,2.6,447,0.1,8.0,0.0,No Holiday,9,Spring,9
23/04/2018,8.6,95,2.5,578,0.2,4.0,0.0,No Holiday,10,Spring,12
23/04/2018,8.9,91,2.2,437,0.29,1.5,0.0,No Holiday,11,Spring,10
23/04/2018,9.0,96,1.9,481,0.43,5.5,0.0,No Holiday,12,Spring,10
23/04/2018,9.3,95,2.3,419,0.4,2.5,0.0,No Holiday,13,Spring,11
23/04/2018,9.4,96,2.6,304,0.39,4.0,0.0,No Holiday,14,Spring,17
23/04/2018,9.5,96,2.2,350,0.31,1.5,0.0,No Holiday,15,Spring,14
23/04/2018,9.6,96,1.7,1409,0.23,1.0,0.0,No Holiday,16,Spring,41
23/04/2018,9.4,95,1.9,660,0.11,0.5,0.0,No Holiday,17,Spring,42
23/04/2018,9.4,96,1.9,600,0.07,1.0,0.0,No Holiday,18,Spring,39
23/04/2018,9.4,95,1.8,531,0.03,1.5,0.0,No Holiday,19,Spring,50
23/04/2018,9.4,95,1.6,740,0.0,1.0,0.0,No Holiday,20,Spring,37
23/04/2018,9.4,94,2.1,869,0.0,1.5,0.0,No Holiday,21,Spring,82
23/04/2018,9.6,90,1.9,2000,0.0,0.0,0.0,No Holiday,22,Spring,164
23/04/2018,9.8,87,1.9,2000,0.0,0.0,0.0,No Holiday,23,Spring,233
24/04/2018,9.8,86,1.3,2000,0.0,0.0,0.0,No Holiday,0,Spring,213
24/04/2018,10.1,83,1.6,2000,0.0,0.0,0.0,No Holiday,1,Spring,157
24/04/2018,10.1,83,1.4,2000,0.0,0.1,0.0,No Holiday,2,Spring,68
24/04/2018,9.6,94,1.3,523,0.0,2.4,0.0,No Holiday,3,Spring,35
24/04/2018,9.5,94,1.2,2000,0.0,0.5,0.0,No Holiday,4,Spring,34
24/04/2018,9.4,93,1.3,2000,0.0,0.0,0.0,No Holiday,5,Spring,77
24/04/2018,9.6,87,2.0,2000,0.0,0.0,0.0,No Holiday,6,Spring,262
24/04/2018,9.8,84,1.3,2000,0.04,0.0,0.0,No Holiday,7,Spring,751
24/04/2018,10.5,79,1.3,2000,0.29,0.0,0.0,No Holiday,8,Spring,1502
24/04/2018,12.0,71,1.4,2000,0.92,0.0,0.0,No Holiday,9,Spring,814
24/04/2018,12.9,68,1.3,2000,0.97,0.0,0.0,No Holiday,10,Spring,638
24/04/2018,14.1,62,1.6,2000,1.08,0.0,0.0,No Holiday,11,Spring,710
24/04/2018,15.2,57,1.9,2000,1.33,0.0,0.0,No Holiday,12,Spring,925
24/04/2018,15.9,53,2.1,2000,1.54,0.0,0.0,No Holiday,13,Spring,923
24/04/2018,16.0,52,1.7,2000,1.22,0.0,0.0,No Holiday,14,Spring,942
24/04/2018,16.1,52,1.5,2000,0.93,0.0,0.0,No Holiday,15,Spring,971
24/04/2018,15.5,52,1.7,2000,0.7,0.0,0.0,No Holiday,16,Spring,1118
24/04/2018,15.1,52,1.9,2000,0.64,0.0,0.0,No Holiday,17,Spring,1462
24/04/2018,14.1,43,1.6,2000,0.36,0.0,0.0,No Holiday,18,Spring,2318
24/04/2018,13.3,37,1.2,2000,0.12,0.0,0.0,No Holiday,19,Spring,1580
24/04/2018,12.6,49,0.8,2000,0.0,0.0,0.0,No Holiday,20,Spring,1332
24/04/2018,11.5,47,1.1,2000,0.0,0.0,0.0,No Holiday,21,Spring,1372
24/04/2018,10.4,43,0.7,2000,0.0,0.0,0.0,No Holiday,22,Spring,1215
24/04/2018,9.6,44,0.7,2000,0.0,0.0,0.0,No Holiday,23,Spring,725
25/04/2018,8.9,55,0.7,2000,0.0,0.0,0.0,No Holiday,0,Spring,536
25/04/2018,8.4,58,1.1,2000,0.0,0.0,0.0,No Holiday,1,Spring,444
25/04/2018,7.7,60,0.3,1993,0.0,0.0,0.0,No Holiday,2,Spring,306
25/04/2018,7.1,60,0.3,2000,0.0,0.0,0.0,No Holiday,3,Spring,206
25/04/2018,6.4,66,0.5,2000,0.0,0.0,0.0,No Holiday,4,Spring,117
25/04/2018,6.0,63,0.5,1984,0.0,0.0,0.0,No Holiday,5,Spring,148
25/04/2018,5.8,55,0.3,2000,0.0,0.0,0.0,No Holiday,6,Spring,449
25/04/2018,6.4,51,0.3,1963,0.27,0.0,0.0,No Holiday,7,Spring,1123
25/04/2018,8.8,37,0.9,1939,0.89,0.0,0.0,No Holiday,8,Spring,1900
25/04/2018,11.7,32,0.8,1862,1.6,0.0,0.0,No Holiday,9,Spring,1066
25/04/2018,14.8,29,0.6,1749,2.2,0.0,0.0,No Holiday,10,Spring,756
25/04/2018,17.5,25,1.3,1843,2.74,0.0,0.0,No Holiday,11,Spring,938
25/04/2018,19.4,20,1.1,1663,3.08,0.0,0.0,No Holiday,12,Spring,1192
25/04/2018,20.8,23,1.7,1467,3.18,0.0,0.0,No Holiday,13,Spring,1141
25/04/2018,22.1,22,2.1,1470,3.12,0.0,0.0,No Holiday,14,Spring,1161
25/04/2018,22.8,21,2.1,1542,2.75,0.0,0.0,No Holiday,15,Spring,1180
25/04/2018,23.1,19,3.1,1871,2.26,0.0,0.0,No Holiday,16,Spring,1447
25/04/2018,22.9,23,2.8,1985,1.64,0.0,0.0,No Holiday,17,Spring,1878
25/04/2018,21.2,32,3.8,1927,0.94,0.0,0.0,No Holiday,18,Spring,2807
25/04/2018,18.2,36,3.5,2000,0.29,0.0,0.0,No Holiday,19,Spring,1958
25/04/2018,16.8,29,4.3,1971,0.01,0.0,0.0,No Holiday,20,Spring,1651
25/04/2018,15.9,35,1.4,1999,0.0,0.0,0.0,No Holiday,21,Spring,1593
25/04/2018,15.2,35,1.2,1999,0.0,0.0,0.0,No Holiday,22,Spring,1382
25/04/2018,14.0,45,0.6,1901,0.0,0.0,0.0,No Holiday,23,Spring,906
26/04/2018,13.1,47,0.3,1877,0.0,0.0,0.0,No Holiday,0,Spring,692
26/04/2018,12.4,55,1.0,1836,0.0,0.0,0.0,No Holiday,1,Spring,546
26/04/2018,11.9,57,1.0,1793,0.0,0.0,0.0,No Holiday,2,Spring,409
26/04/2018,11.3,66,1.0,1506,0.0,0.0,0.0,No Holiday,3,Spring,239
26/04/2018,10.7,70,0.7,1404,0.0,0.0,0.0,No Holiday,4,Spring,140
26/04/2018,10.2,73,0.8,1137,0.0,0.0,0.0,No Holiday,5,Spring,180
26/04/2018,10.0,72,0.8,1217,0.01,0.0,0.0,No Holiday,6,Spring,452
26/04/2018,10.7,68,0.8,1093,0.27,0.0,0.0,No Holiday,7,Spring,1124
26/04/2018,11.7,62,0.6,956,0.62,0.0,0.0,No Holiday,8,Spring,1933
26/04/2018,14.0,54,1.5,1054,1.37,0.0,0.0,No Holiday,9,Spring,1027
26/04/2018,16.7,47,2.2,1147,2.26,0.0,0.0,No Holiday,10,Spring,745
26/04/2018,18.1,42,2.7,1112,2.17,0.0,0.0,No Holiday,11,Spring,930
26/04/2018,19.6,36,2.2,962,2.55,0.0,0.0,No Holiday,12,Spring,1197
26/04/2018,20.6,30,2.4,1048,2.67,0.0,0.0,No Holiday,13,Spring,1084
26/04/2018,21.6,28,3.1,1414,2.84,0.0,0.0,No Holiday,14,Spring,1123
26/04/2018,21.9,23,2.6,1463,2.66,0.0,0.0,No Holiday,15,Spring,1227
26/04/2018,21.7,23,2.5,1404,1.97,0.0,0.0,No Holiday,16,Spring,1386
26/04/2018,20.7,30,3.3,1482,1.48,0.0,0.0,No Holiday,17,Spring,1796
26/04/2018,17.4,45,3.1,1092,0.75,0.0,0.0,No Holiday,18,Spring,2574
26/04/2018,15.2,45,3.3,1138,0.24,0.0,0.0,No Holiday,19,Spring,1891
26/04/2018,14.4,50,2.7,1216,0.01,0.0,0.0,No Holiday,20,Spring,1531
26/04/2018,13.4,60,2.2,1517,0.0,0.0,0.0,No Holiday,21,Spring,1447
26/04/2018,12.7,61,2.2,1949,0.0,0.0,0.0,No Holiday,22,Spring,1146
26/04/2018,12.1,58,1.9,1719,0.0,0.0,0.0,No Holiday,23,Spring,851
27/04/2018,11.8,59,2.4,1535,0.0,0.0,0.0,No Holiday,0,Spring,663
27/04/2018,11.5,57,1.8,1471,0.0,0.0,0.0,No Holiday,1,Spring,562
27/04/2018,11.2,58,1.4,1255,0.0,0.0,0.0,No Holiday,2,Spring,361
27/04/2018,10.7,63,1.1,989,0.0,0.0,0.0,No Holiday,3,Spring,258
27/04/2018,10.2,65,1.5,970,0.0,0.0,0.0,No Holiday,4,Spring,140
27/04/2018,9.9,69,1.1,808,0.0,0.0,0.0,No Holiday,5,Spring,170
27/04/2018,9.9,66,1.5,931,0.0,0.0,0.0,No Holiday,6,Spring,427
27/04/2018,10.1,63,0.7,1163,0.22,0.0,0.0,No Holiday,7,Spring,1129
27/04/2018,11.6,58,1.4,1150,0.79,0.0,0.0,No Holiday,8,Spring,1922
27/04/2018,13.2,57,0.8,1003,1.39,0.0,0.0,No Holiday,9,Spring,985
27/04/2018,15.3,50,1.0,944,1.97,0.0,0.0,No Holiday,10,Spring,789
27/04/2018,17.7,44,1.5,945,2.51,0.0,0.0,No Holiday,11,Spring,986
27/04/2018,19.5,40,1.1,1055,2.89,0.0,0.0,No Holiday,12,Spring,1142
27/04/2018,21.0,36,1.0,1164,2.99,0.0,0.0,No Holiday,13,Spring,1133
27/04/2018,22.2,32,2.8,1124,2.91,0.0,0.0,No Holiday,14,Spring,1115
27/04/2018,22.7,29,1.6,1223,2.66,0.0,0.0,No Holiday,15,Spring,1253
27/04/2018,23.2,33,2.4,869,2.12,0.0,0.0,No Holiday,16,Spring,1446
27/04/2018,21.8,41,3.0,662,1.44,0.0,0.0,No Holiday,17,Spring,1877
27/04/2018,20.3,47,2.5,705,0.77,0.0,0.0,No Holiday,18,Spring,2577
27/04/2018,18.7,53,2.7,753,0.24,0.0,0.0,No Holiday,19,Spring,1812
27/04/2018,16.9,41,3.1,1060,0.0,0.0,0.0,No Holiday,20,Spring,1499
27/04/2018,15.7,51,1.9,806,0.0,0.0,0.0,No Holiday,21,Spring,1362
27/04/2018,14.7,63,1.4,554,0.0,0.0,0.0,No Holiday,22,Spring,1278
27/04/2018,14.0,66,1.2,519,0.0,0.0,0.0,No Holiday,23,Spring,975
28/04/2018,13.3,70,1.6,473,0.0,0.0,0.0,No Holiday,0,Spring,777
28/04/2018,12.7,74,1.8,392,0.0,0.0,0.0,No Holiday,1,Spring,672
28/04/2018,12.0,76,1.0,363,0.0,0.0,0.0,No Holiday,2,Spring,522
28/04/2018,11.6,76,1.0,364,0.0,0.0,0.0,No Holiday,3,Spring,325
28/04/2018,11.4,78,1.8,362,0.0,0.0,0.0,No Holiday,4,Spring,166
28/04/2018,10.9,81,1.7,348,0.0,0.0,0.0,No Holiday,5,Spring,152
28/04/2018,10.6,84,1.1,284,0.0,0.0,0.0,No Holiday,6,Spring,230
28/04/2018,10.8,78,0.5,335,0.26,0.0,0.0,No Holiday,7,Spring,376
28/04/2018,12.7,67,0.6,378,0.86,0.0,0.0,No Holiday,8,Spring,647
28/04/2018,15.1,56,1.7,493,1.57,0.0,0.0,No Holiday,9,Spring,795
28/04/2018,17.4,46,1.8,734,2.27,0.0,0.0,No Holiday,10,Spring,808
28/04/2018,19.0,30,3.0,1719,2.84,0.0,0.0,No Holiday,11,Spring,1000
28/04/2018,20.5,31,2.5,1485,3.18,0.0,0.0,No Holiday,12,Spring,1278
28/04/2018,21.2,31,2.8,1295,3.25,0.0,0.0,No Holiday,13,Spring,1404
28/04/2018,21.3,25,3.8,1884,3.22,0.0,0.0,No Holiday,14,Spring,1597
28/04/2018,21.1,25,4.1,1885,2.96,0.0,0.0,No Holiday,15,Spring,1875
28/04/2018,20.4,25,4.7,1990,2.45,0.0,0.0,No Holiday,16,Spring,1945
28/04/2018,20.1,29,3.3,1840,1.78,0.0,0.0,No Holiday,17,Spring,2043
28/04/2018,18.9,30,2.6,1995,1.05,0.0,0.0,No Holiday,18,Spring,1882
28/04/2018,16.9,33,1.3,1965,0.34,0.0,0.0,No Holiday,19,Spring,1590
28/04/2018,15.1,34,2.2,1981,0.01,0.0,0.0,No Holiday,20,Spring,1435
28/04/2018,13.9,37,1.1,1751,0.0,0.0,0.0,No Holiday,21,Spring,1351
28/04/2018,13.0,45,1.6,1713,0.0,0.0,0.0,No Holiday,22,Spring,1165
28/04/2018,12.3,51,1.0,1648,0.0,0.0,0.0,No Holiday,23,Spring,905
29/04/2018,11.7,53,1.4,1620,0.0,0.0,0.0,No Holiday,0,Spring,790
29/04/2018,11.2,57,1.6,1533,0.0,0.0,0.0,No Holiday,1,Spring,554
29/04/2018,10.9,56,1.2,1460,0.0,0.0,0.0,No Holiday,2,Spring,425
29/04/2018,10.6,60,1.0,1163,0.0,0.0,0.0,No Holiday,3,Spring,263
29/04/2018,10.3,63,0.7,1277,0.0,0.0,0.0,No Holiday,4,Spring,183
29/04/2018,9.7,63,1.1,1304,0.0,0.0,0.0,No Holiday,5,Spring,138
29/04/2018,9.5,65,1.0,1325,0.01,0.0,0.0,No Holiday,6,Spring,183
29/04/2018,9.9,59,0.7,1707,0.25,0.0,0.0,No Holiday,7,Spring,307
29/04/2018,12.2,50,0.8,1412,0.84,0.0,0.0,No Holiday,8,Spring,485
29/04/2018,14.9,39,0.9,1354,1.56,0.0,0.0,No Holiday,9,Spring,716
29/04/2018,17.5,35,1.8,1570,2.26,0.0,0.0,No Holiday,10,Spring,787
29/04/2018,19.6,28,2.0,1695,2.79,0.0,0.0,No Holiday,11,Spring,1060
29/04/2018,20.5,31,2.6,1299,2.79,0.0,0.0,No Holiday,12,Spring,1375
29/04/2018,21.9,27,2.2,1055,3.35,0.0,0.0,No Holiday,13,Spring,1635
29/04/2018,21.6,28,3.3,1172,2.93,0.0,0.0,No Holiday,14,Spring,1814
29/04/2018,22.8,24,3.3,1138,2.79,0.0,0.0,No Holiday,15,Spring,2019
29/04/2018,22.2,23,3.7,1183,2.28,0.0,0.0,No Holiday,16,Spring,2044
29/04/2018,21.9,28,3.1,1023,1.6,0.0,0.0,No Holiday,17,Spring,2094
29/04/2018,20.1,28,3.2,1114,0.89,0.0,0.0,No Holiday,18,Spring,1950
29/04/2018,18.1,38,2.8,932,0.16,0.0,0.0,No Holiday,19,Spring,1712
29/04/2018,16.9,42,2.7,942,0.0,0.0,0.0,No Holiday,20,Spring,1485
29/04/2018,16.1,44,1.2,913,0.0,0.0,0.0,No Holiday,21,Spring,1382
29/04/2018,15.6,43,2.3,1016,0.0,0.0,0.0,No Holiday,22,Spring,1128
29/04/2018,15.2,51,1.0,858,0.0,0.0,0.0,No Holiday,23,Spring,820
30/04/2018,14.7,54,1.3,718,0.0,0.0,0.0,No Holiday,0,Spring,569
30/04/2018,14.4,60,1.7,580,0.0,0.0,0.0,No Holiday,1,Spring,362
30/04/2018,14.1,62,1.2,502,0.0,0.0,0.0,No Holiday,2,Spring,246
30/04/2018,14.3,61,1.0,475,0.0,0.0,0.0,No Holiday,3,Spring,157
30/04/2018,14.6,57,1.2,495,0.0,0.0,0.0,No Holiday,4,Spring,132
30/04/2018,14.8,63,0.7,492,0.0,0.0,0.0,No Holiday,5,Spring,185
30/04/2018,14.9,64,0.5,424,0.0,0.0,0.0,No Holiday,6,Spring,397
30/04/2018,15.1,78,1.5,354,0.06,0.0,0.0,No Holiday,7,Spring,1075
30/04/2018,15.8,73,0.5,357,0.39,0.0,0.0,No Holiday,8,Spring,1791
30/04/2018,17.5,65,1.0,416,1.0,0.0,0.0,No Holiday,9,Spring,983
30/04/2018,19.5,54,1.1,451,1.88,0.0,0.0,No Holiday,10,Spring,742
30/04/2018,20.3,52,0.9,468,1.96,0.0,0.0,No Holiday,11,Spring,901
30/04/2018,22.2,50,2.0,564,2.65,0.0,0.0,No Holiday,12,Spring,1094
30/04/2018,23.3,45,1.8,684,2.96,0.0,0.0,No Holiday,13,Spring,1019
30/04/2018,24.0,47,2.3,520,2.87,0.0,0.0,No Holiday,14,Spring,1055
30/04/2018,24.1,48,2.7,419,2.47,0.0,0.0,No Holiday,15,Spring,1168
30/04/2018,24.8,45,1.8,549,2.05,0.0,0.0,No Holiday,16,Spring,1344
30/04/2018,24.0,53,3.5,536,1.39,0.0,0.0,No Holiday,17,Spring,1706
30/04/2018,23.0,54,2.9,679,0.81,0.0,0.0,No Holiday,18,Spring,2558
30/04/2018,21.2,65,2.9,559,0.25,0.0,0.0,No Holiday,19,Spring,2064
30/04/2018,20.0,69,2.4,533,0.0,0.0,0.0,No Holiday,20,Spring,1703
30/04/2018,19.1,73,1.2,413,0.0,0.0,0.0,No Holiday,21,Spring,1711
30/04/2018,18.4,78,1.6,377,0.0,0.0,0.0,No Holiday,22,Spring,1456
30/04/2018,17.9,79,0.4,323,0.0,0.0,0.0,No Holiday,23,Spring,1044
01/05/2018,18.3,78,0.8,349,0.0,0.0,0.0,Holiday,0,Spring,782
01/05/2018,18.3,83,1.1,451,0.0,0.0,0.0,Holiday,1,Spring,705
01/05/2018,18.2,85,0.8,355,0.0,0.0,0.0,Holiday,2,Spring,534
01/05/2018,18.1,85,1.0,284,0.0,0.0,0.0,Holiday,3,Spring,343
01/05/2018,18.0,85,0.3,275,0.0,0.0,0.0,Holiday,4,Spring,187
01/05/2018,18.0,85,0.8,346,0.0,0.0,0.0,Holiday,5,Spring,166
01/05/2018,17.8,85,0.6,265,0.0,0.0,0.0,Holiday,6,Spring,306
01/05/2018,18.0,82,0.7,264,0.11,0.0,0.0,Holiday,7,Spring,614
01/05/2018,18.8,76,0.6,301,0.36,0.0,0.0,Holiday,8,Spring,1067
01/05/2018,20.7,67,1.1,464,1.3,0.0,0.0,Holiday,9,Spring,1024
01/05/2018,22.2,61,1.2,531,1.72,0.0,0.0,Holiday,10,Spring,1002
01/05/2018,22.7,63,1.1,605,1.36,0.0,0.0,Holiday,11,Spring,1117
01/05/2018,22.1,67,2.7,462,0.81,0.0,0.0,Holiday,12,Spring,1315
01/05/2018,23.0,63,3.1,494,1.92,0.0,0.0,Holiday,13,Spring,1493
01/05/2018,23.0,64,2.8,520,1.59,0.0,0.0,Holiday,14,Spring,1536
01/05/2018,23.1,61,2.5,556,1.5,0.0,0.0,Holiday,15,Spring,1639
01/05/2018,22.6,63,3.1,551,0.88,0.0,0.0,Holiday,16,Spring,1759
01/05/2018,22.0,65,2.4,589,0.47,0.0,0.0,Holiday,17,Spring,1898
01/05/2018,21.6,67,2.0,584,0.24,0.0,0.0,Holiday,18,Spring,2082
01/05/2018,21.2,68,1.5,610,0.16,0.0,0.0,Holiday,19,Spring,1696
01/05/2018,20.6,72,1.3,587,0.0,0.0,0.0,Holiday,20,Spring,1656
01/05/2018,20.2,74,1.3,554,0.0,0.0,0.0,Holiday,21,Spring,1644
01/05/2018,19.9,75,0.8,516,0.0,0.0,0.0,Holiday,22,Spring,1400
01/05/2018,19.8,73,0.9,442,0.0,0.0,0.0,Holiday,23,Spring,855
02/05/2018,19.7,76,0.5,386,0.0,0.0,0.0,No Holiday,0,Spring,612
02/05/2018,19.6,75,2.1,392,0.0,0.0,0.0,No Holiday,1,Spring,413
02/05/2018,19.0,80,1.6,346,0.0,0.0,0.0,No Holiday,2,Spring,245
02/05/2018,18.5,82,0.8,342,0.0,0.0,0.0,No Holiday,3,Spring,170
02/05/2018,18.4,81,0.4,300,0.0,0.0,0.0,No Holiday,4,Spring,93
02/05/2018,18.4,87,0.8,209,0.0,0.4,0.0,No Holiday,5,Spring,76
02/05/2018,17.9,93,0.9,202,0.0,0.1,0.0,No Holiday,6,Spring,67
02/05/2018,17.6,94,0.5,166,0.0,1.0,0.0,No Holiday,7,Spring,102
02/05/2018,17.5,94,0.9,203,0.06,0.0,0.0,No Holiday,8,Spring,555
02/05/2018,17.4,94,0.7,230,0.16,0.0,0.0,No Holiday,9,Spring,609
02/05/2018,17.7,88,1.1,322,0.36,0.0,0.0,No Holiday,10,Spring,486
02/05/2018,18.0,85,1.1,411,0.45,0.0,0.0,No Holiday,11,Spring,206
02/05/2018,17.3,95,0.7,155,0.16,3.5,0.0,No Holiday,12,Spring,63
02/05/2018,17.2,96,0.9,275,0.26,4.0,0.0,No Holiday,13,Spring,327
02/05/2018,17.5,94,0.3,436,0.35,0.0,0.0,No Holiday,14,Spring,376
02/05/2018,17.0,90,3.7,216,0.26,0.0,0.0,No Holiday,15,Spring,143
02/05/2018,15.4,95,4.7,378,0.11,0.5,0.0,No Holiday,16,Spring,400
02/05/2018,13.9,94,2.6,303,0.21,0.0,0.0,No Holiday,17,Spring,813
02/05/2018,13.6,89,2.3,638,0.09,0.0,0.0,No Holiday,18,Spring,518
02/05/2018,12.6,93,3.9,831,0.0,0.0,0.0,No Holiday,19,Spring,131
02/05/2018,11.1,91,4.0,716,0.0,0.5,0.0,No Holiday,20,Spring,123
02/05/2018,10.5,94,2.8,1627,0.0,1.0,0.0,No Holiday,21,Spring,327
02/05/2018,10.4,85,3.7,1671,0.0,0.0,0.0,No Holiday,22,Spring,299
02/05/2018,9.5,90,3.6,1017,0.0,1.0,0.0,No Holiday,23,Spring,294
03/05/2018,8.7,86,3.1,2000,0.0,0.0,0.0,No Holiday,0,Spring,361
03/05/2018,7.9,86,2.1,2000,0.0,0.0,0.0,No Holiday,1,Spring,323
03/05/2018,7.3,86,1.7,2000,0.0,0.0,0.0,No Holiday,2,Spring,251
03/05/2018,7.0,86,1.2,2000,0.0,0.0,0.0,No Holiday,3,Spring,156
03/05/2018,7.0,87,1.3,2000,0.0,0.0,0.0,No Holiday,4,Spring,109
03/05/2018,7.0,85,0.8,2000,0.0,0.0,0.0,No Holiday,5,Spring,163
03/05/2018,7.9,86,2.0,1070,0.01,0.0,0.0,No Holiday,6,Spring,469
03/05/2018,8.4,83,1.4,1400,0.31,0.0,0.0,No Holiday,7,Spring,1160
03/05/2018,10.5,67,2.3,1221,0.98,0.0,0.0,No Holiday,8,Spring,1946
03/05/2018,12.8,52,3.9,1614,1.65,0.0,0.0,No Holiday,9,Spring,1061
03/05/2018,13.8,47,4.8,1561,1.64,0.0,0.0,No Holiday,10,Spring,762
03/05/2018,14.7,45,3.0,1799,1.68,0.0,0.0,No Holiday,11,Spring,794
03/05/2018,14.1,59,3.9,1870,1.12,0.0,0.0,No Holiday,12,Spring,871
03/05/2018,13.4,56,3.7,1693,0.82,0.1,0.0,No Holiday,13,Spring,516
03/05/2018,12.7,75,3.8,1510,0.88,0.4,0.0,No Holiday,14,Spring,367
03/05/2018,12.2,56,4.8,2000,0.57,0.5,0.0,No Holiday,15,Spring,590
03/05/2018,12.8,53,3.3,2000,0.76,0.0,0.0,No Holiday,16,Spring,911
03/05/2018,13.2,49,4.2,1999,0.69,0.0,0.0,No Holiday,17,Spring,1421
03/05/2018,13.4,49,2.4,1982,0.6,0.0,0.0,No Holiday,18,Spring,2310
03/05/2018,13.3,49,3.6,1919,0.45,0.0,0.0,No Holiday,19,Spring,1663
03/05/2018,12.6,47,3.2,1935,0.02,0.0,0.0,No Holiday,20,Spring,1401
03/05/2018,11.9,48,1.9,1918,0.0,0.0,0.0,No Holiday,21,Spring,1388
03/05/2018,11.2,60,2.3,1684,0.0,0.0,0.0,No Holiday,22,Spring,1202
03/05/2018,10.6,62,2.1,1694,0.0,0.0,0.0,No Holiday,23,Spring,832
04/05/2018,10.0,63,2.1,1653,0.0,0.0,0.0,No Holiday,0,Spring,624
04/05/2018,9.7,63,2.1,1610,0.0,0.0,0.0,No Holiday,1,Spring,480
04/05/2018,9.6,65,1.5,1654,0.0,0.0,0.0,No Holiday,2,Spring,352
04/05/2018,9.6,66,0.9,1685,0.0,0.0,0.0,No Holiday,3,Spring,224
04/05/2018,9.5,66,1.1,1737,0.0,0.0,0.0,No Holiday,4,Spring,138
04/05/2018,9.2,63,0.8,1896,0.0,0.0,0.0,No Holiday,5,Spring,186
04/05/2018,9.0,57,1.7,1903,0.0,0.0,0.0,No Holiday,6,Spring,521
04/05/2018,9.5,55,2.1,1912,0.32,0.0,0.0,No Holiday,7,Spring,1260
04/05/2018,11.3,46,1.2,1788,1.04,0.0,0.0,No Holiday,8,Spring,2041
04/05/2018,14.1,42,1.9,1893,1.78,0.0,0.0,No Holiday,9,Spring,1155
04/05/2018,16.1,37,2.9,1629,2.4,0.0,0.0,No Holiday,10,Spring,864
04/05/2018,17.2,35,3.6,1731,2.93,0.0,0.0,No Holiday,11,Spring,1021
04/05/2018,17.9,32,4.6,1874,3.28,0.0,0.0,No Holiday,12,Spring,1206
04/05/2018,18.9,30,3.8,1854,3.39,0.0,0.0,No Holiday,13,Spring,1222
04/05/2018,18.8,31,4.9,1940,3.31,0.0,0.0,No Holiday,14,Spring,1266
04/05/2018,19.9,26,3.8,1898,3.0,0.0,0.0,No Holiday,15,Spring,1323
04/05/2018,18.6,30,5.1,1891,2.49,0.0,0.0,No Holiday,16,Spring,1501
04/05/2018,18.1,30,4.6,1925,1.86,0.0,0.0,No Holiday,17,Spring,1857
04/05/2018,17.1,35,3.4,1961,1.11,0.0,0.0,No Holiday,18,Spring,2661
04/05/2018,15.5,46,2.6,1782,0.34,0.0,0.0,No Holiday,19,Spring,1890
04/05/2018,14.1,46,3.4,1940,0.01,0.0,0.0,No Holiday,20,Spring,1389
04/05/2018,13.3,47,1.9,1805,0.0,0.0,0.0,No Holiday,21,Spring,1298
04/05/2018,12.7,55,2.0,1775,0.0,0.0,0.0,No Holiday,22,Spring,1256
04/05/2018,12.4,58,2.5,1843,0.0,0.0,0.0,No Holiday,23,Spring,935
05/05/2018,12.2,59,1.2,1718,0.0,0.0,0.0,No Holiday,0,Spring,796
05/05/2018,12.1,54,1.3,1820,0.0,0.0,0.0,No Holiday,1,Spring,716
05/05/2018,12.1,53,1.1,1948,0.0,0.0,0.0,No Holiday,2,Spring,508
05/05/2018,11.6,53,1.1,1904,0.0,0.0,0.0,No Holiday,3,Spring,392
05/05/2018,12.1,51,1.6,1939,0.0,0.0,0.0,No Holiday,4,Spring,252
05/05/2018,12.2,52,2.3,1961,0.0,0.0,0.0,No Holiday,5,Spring,190
05/05/2018,12.3,55,2.1,1972,0.02,0.0,0.0,No Holiday,6,Spring,247
05/05/2018,12.9,55,2.3,1952,0.29,0.0,0.0,No Holiday,7,Spring,352
05/05/2018,14.4,51,2.3,1907,0.92,0.0,0.0,No Holiday,8,Spring,579
05/05/2018,16.1,50,2.6,1628,1.52,0.0,0.0,No Holiday,9,Spring,759
05/05/2018,18.1,46,2.9,1755,2.17,0.0,0.0,No Holiday,10,Spring,877
05/05/2018,20.2,41,3.1,1789,2.56,0.0,0.0,No Holiday,11,Spring,1024
05/05/2018,21.9,35,3.4,1586,2.74,0.0,0.0,No Holiday,12,Spring,1258
05/05/2018,22.7,35,3.4,1794,2.51,0.0,0.0,No Holiday,13,Spring,1408
05/05/2018,23.6,34,3.3,1829,2.57,0.0,0.0,No Holiday,14,Spring,1669
05/05/2018,23.8,29,4.7,1876,2.72,0.0,0.0,No Holiday,15,Spring,1837
05/05/2018,23.2,30,4.5,1787,1.49,0.0,0.0,No Holiday,16,Spring,1223
05/05/2018,23.6,29,3.9,1948,1.68,0.0,0.0,No Holiday,17,Spring,2014
05/05/2018,22.5,31,3.4,1953,0.79,0.0,0.0,No Holiday,18,Spring,1929
05/05/2018,20.7,47,3.5,1952,0.28,0.0,0.0,No Holiday,19,Spring,1753
05/05/2018,19.7,53,2.0,1841,0.0,0.0,0.0,No Holiday,20,Spring,1562
05/05/2018,19.3,57,3.1,1924,0.0,0.0,0.0,No Holiday,21,Spring,1551
05/05/2018,19.1,61,2.7,1830,0.0,0.0,0.0,No Holiday,22,Spring,1360
05/05/2018,19.1,62,3.6,1757,0.0,0.0,0.0,No Holiday,23,Spring,1097
06/05/2018,18.7,64,3.3,1654,0.0,0.0,0.0,No Holiday,0,Spring,733
06/05/2018,18.2,71,1.6,1328,0.0,0.0,0.0,No Holiday,1,Spring,181
06/05/2018,17.3,82,2.1,768,0.0,0.5,0.0,No Holiday,2,Spring,74
06/05/2018,16.2,94,1.7,400,0.0,1.5,0.0,No Holiday,3,Spring,43
06/05/2018,15.8,93,0.4,268,0.0,1.5,0.0,No Holiday,4,Spring,16
06/05/2018,15.4,96,0.3,208,0.0,2.0,0.0,No Holiday,5,Spring,11
06/05/2018,15.1,97,0.3,225,0.0,3.0,0.0,No Holiday,6,Spring,7
06/05/2018,15.1,97,0.5,311,0.03,2.5,0.0,No Holiday,7,Spring,16
06/05/2018,15.2,97,1.0,414,0.08,2.0,0.0,No Holiday,8,Spring,16
06/05/2018,15.4,97,0.8,413,0.18,1.0,0.0,No Holiday,9,Spring,12
06/05/2018,15.4,97,0.6,374,0.38,1.5,0.0,No Holiday,10,Spring,13
06/05/2018,15.5,97,0.8,459,0.4,3.5,0.0,No Holiday,11,Spring,10
06/05/2018,15.7,96,1.1,568,0.5,3.0,0.0,No Holiday,12,Spring,71
06/05/2018,16.4,94,0.9,1947,0.78,0.0,0.0,No Holiday,13,Spring,211
06/05/2018,17.2,85,1.3,2000,0.94,0.0,0.0,No Holiday,14,Spring,384
06/05/2018,17.8,77,1.6,2000,1.13,0.0,0.0,No Holiday,15,Spring,770
06/05/2018,19.5,66,1.7,2000,1.71,0.0,0.0,No Holiday,16,Spring,1482
06/05/2018,20.2,62,1.1,2000,1.74,0.0,0.0,No Holiday,17,Spring,1737
06/05/2018,20.2,66,1.0,2000,1.1,0.0,0.0,No Holiday,18,Spring,1848
06/05/2018,19.0,70,0.7,2000,0.33,0.0,0.0,No Holiday,19,Spring,1639
06/05/2018,17.6,77,1.2,2000,0.01,0.0,0.0,No Holiday,20,Spring,1526
06/05/2018,16.8,79,0.6,2000,0.0,0.0,0.0,No Holiday,21,Spring,1450
06/05/2018,16.4,80,1.2,2000,0.0,0.0,0.0,No Holiday,22,Spring,1290
06/05/2018,15.9,83,0.6,2000,0.0,0.0,0.0,No Holiday,23,Spring,1016
07/05/2018,15.5,85,0.9,2000,0.0,0.0,0.0,No Holiday,0,Spring,778
07/05/2018,15.1,84,0.3,1858,0.0,0.0,0.0,No Holiday,1,Spring,609
07/05/2018,14.8,85,0.4,1831,0.0,0.0,0.0,No Holiday,2,Spring,404
07/05/2018,14.7,82,0.8,1822,0.0,0.0,0.0,No Holiday,3,Spring,249
07/05/2018,14.4,85,0.8,1437,0.0,0.0,0.0,No Holiday,4,Spring,185
07/05/2018,14.2,85,0.5,1412,0.0,0.0,0.0,No Holiday,5,Spring,170
07/05/2018,14.0,87,0.8,1334,0.01,0.0,0.0,No Holiday,6,Spring,221
07/05/2018,14.2,81,0.3,1991,0.13,0.0,0.0,No Holiday,7,Spring,389
07/05/2018,14.8,80,0.3,1921,0.31,0.0,0.0,No Holiday,8,Spring,600
07/05/2018,15.9,72,0.5,1835,0.67,0.0,0.0,No Holiday,9,Spring,737
07/05/2018,17.5,63,0.6,1916,0.96,0.0,0.0,No Holiday,10,Spring,895
07/05/2018,20.2,45,1.1,1894,2.33,0.0,0.0,No Holiday,11,Spring,1167
07/05/2018,22.9,35,0.8,1948,3.05,0.0,0.0,No Holiday,12,Spring,1414
07/05/2018,23.7,44,1.7,1897,2.35,0.0,0.0,No Holiday,13,Spring,1665
07/05/2018,24.1,42,1.2,1770,1.93,0.0,0.0,No Holiday,14,Spring,1970
07/05/2018,24.6,38,2.1,1478,1.85,0.0,0.0,No Holiday,15,Spring,2191
07/05/2018,24.5,38,2.2,1903,1.1,0.0,0.0,No Holiday,16,Spring,2213
07/05/2018,25.5,31,2.3,1974,1.5,0.0,0.0,No Holiday,17,Spring,2392
07/05/2018,25.1,32,2.4,1899,1.1,0.0,0.0,No Holiday,18,Spring,2268
07/05/2018,23.5,48,1.5,1929,0.4,0.0,0.0,No Holiday,19,Spring,1664
07/05/2018,20.9,61,2.7,1523,0.01,0.0,0.0,No Holiday,20,Spring,1912
07/05/2018,19.6,64,1.5,1297,0.0,0.0,0.0,No Holiday,21,Spring,1717
07/05/2018,18.6,69,1.7,1047,0.0,0.0,0.0,No Holiday,22,Spring,1336
07/05/2018,17.5,69,1.5,978,0.0,0.0,0.0,No Holiday,23,Spring,994
08/05/2018,16.4,72,0.8,1046,0.0,0.0,0.0,No Holiday,0,Spring,712
08/05/2018,16.0,64,1.0,1600,0.0,0.0,0.0,No Holiday,1,Spring,430
08/05/2018,15.5,65,1.3,1953,0.0,0.0,0.0,No Holiday,2,Spring,287
08/05/2018,15.6,63,1.7,2000,0.0,0.0,0.0,No Holiday,3,Spring,194
08/05/2018,15.4,63,1.6,2000,0.0,0.0,0.0,No Holiday,4,Spring,155
08/05/2018,15.0,64,1.6,2000,0.0,0.0,0.0,No Holiday,5,Spring,200
08/05/2018,14.8,64,1.5,2000,0.02,0.0,0.0,No Holiday,6,Spring,555
08/05/2018,15.3,60,2.0,2000,0.35,0.0,0.0,No Holiday,7,Spring,1280
08/05/2018,16.9,54,1.7,2000,1.08,0.0,0.0,No Holiday,8,Spring,1976
08/05/2018,18.5,51,1.4,1955,1.74,0.0,0.0,No Holiday,9,Spring,1128
08/05/2018,20.0,48,1.9,2000,2.46,0.0,0.0,No Holiday,10,Spring,792
08/05/2018,21.0,45,1.6,2000,2.89,0.0,0.0,No Holiday,11,Spring,956
08/05/2018,21.5,44,2.1,1986,3.15,0.0,0.0,No Holiday,12,Spring,1135
08/05/2018,21.7,44,2.1,2000,2.46,0.0,0.0,No Holiday,13,Spring,1117
08/05/2018,22.2,42,1.7,2000,2.29,0.0,0.0,No Holiday,14,Spring,1096
08/05/2018,22.4,39,1.9,2000,2.16,0.0,0.0,No Holiday,15,Spring,1267
08/05/2018,22.0,41,1.7,2000,2.04,0.0,0.0,No Holiday,16,Spring,1457
08/05/2018,21.7,38,2.0,2000,1.17,0.0,0.0,No Holiday,17,Spring,2020
08/05/2018,20.7,40,1.4,2000,1.06,0.0,0.0,No Holiday,18,Spring,2142
08/05/2018,17.9,42,2.1,2000,0.37,0.0,0.0,No Holiday,19,Spring,2241
08/05/2018,15.8,47,1.8,2000,0.01,0.0,0.0,No Holiday,20,Spring,1726
08/05/2018,14.5,49,1.9,2000,0.0,0.0,0.0,No Holiday,21,Spring,1513
08/05/2018,13.2,54,2.2,2000,0.0,0.0,0.0,No Holiday,22,Spring,1283
08/05/2018,12.2,57,1.9,2000,0.0,0.0,0.0,No Holiday,23,Spring,767
09/05/2018,11.6,57,1.9,2000,0.0,0.0,0.0,No Holiday,0,Spring,552
09/05/2018,11.3,58,1.3,2000,0.0,0.0,0.0,No Holiday,1,Spring,34
09/05/2018,10.9,59,1.1,2000,0.0,0.0,0.0,No Holiday,2,Spring,245
09/05/2018,10.5,59,1.0,2000,0.0,0.0,0.0,No Holiday,3,Spring,187
09/05/2018,10.0,64,1.5,2000,0.0,0.0,0.0,No Holiday,4,Spring,114
09/05/2018,9.5,65,0.9,2000,0.0,0.0,0.0,No Holiday,5,Spring,203
09/05/2018,9.2,64,1.0,2000,0.02,0.0,0.0,No Holiday,6,Spring,556
09/05/2018,10.0,59,1.1,2000,0.36,0.0,0.0,No Holiday,7,Spring,1333
09/05/2018,12.3,53,1.6,2000,1.09,0.0,0.0,No Holiday,8,Spring,2068
09/05/2018,14.4,46,1.2,1899,1.77,0.0,0.0,No Holiday,9,Spring,928
09/05/2018,16.1,43,1.4,1985,2.41,0.0,0.0,No Holiday,10,Spring,954
09/05/2018,17.6,40,1.4,1955,2.88,0.0,0.0,No Holiday,11,Spring,1015
09/05/2018,18.7,39,1.9,1925,3.21,0.0,0.0,No Holiday,12,Spring,1242
09/05/2018,20.1,36,1.1,1933,3.34,0.0,0.0,No Holiday,13,Spring,1188
09/05/2018,20.7,36,2.2,1788,3.1,0.0,0.0,No Holiday,14,Spring,1186
09/05/2018,21.2,35,2.9,1733,2.88,0.0,0.0,No Holiday,15,Spring,1324
09/05/2018,21.4,35,2.7,1838,2.38,0.0,0.0,No Holiday,16,Spring,1603
09/05/2018,21.3,34,2.7,1967,1.82,0.0,0.0,No Holiday,17,Spring,2034
09/05/2018,20.6,41,2.3,2000,1.1,0.0,0.0,No Holiday,18,Spring,3130
09/05/2018,18.8,47,2.8,1988,0.4,0.0,0.0,No Holiday,19,Spring,2405
09/05/2018,17.3,53,1.9,2000,0.01,0.0,0.0,No Holiday,20,Spring,1979
09/05/2018,16.4,56,0.8,2000,0.0,0.0,0.0,No Holiday,21,Spring,1940
09/05/2018,15.9,60,2.6,2000,0.0,0.0,0.0,No Holiday,22,Spring,1602
09/05/2018,15.2,62,1.4,2000,0.0,0.0,0.0,No Holiday,23,Spring,1073
10/05/2018,14.5,63,0.9,2000,0.0,0.0,0.0,No Holiday,0,Spring,0
10/05/2018,13.9,66,1.0,1960,0.0,0.0,0.0,No Holiday,1,Spring,0
10/05/2018,13.1,73,1.9,1895,0.0,0.0,0.0,No Holiday,2,Spring,0
10/05/2018,12.9,74,1.7,1698,0.0,0.0,0.0,No Holiday,3,Spring,0
10/05/2018,12.0,79,0.6,1351,0.0,0.0,0.0,No Holiday,4,Spring,0
10/05/2018,11.5,80,0.9,974,0.0,0.0,0.0,No Holiday,5,Spring,0
10/05/2018,11.4,80,1.0,885,0.02,0.0,0.0,No Holiday,6,Spring,0
10/05/2018,12.1,71,1.6,876,0.34,0.0,0.0,No Holiday,7,Spring,0
10/05/2018,13.5,63,2.2,1211,1.01,0.0,0.0,No Holiday,8,Spring,0
10/05/2018,15.5,55,1.7,1318,1.76,0.0,0.0,No Holiday,9,Spring,0
10/05/2018,17.3,52,2.3,1235,2.38,0.0,0.0,No Holiday,10,Spring,0
10/05/2018,18.3,51,3.1,1015,2.84,0.0,0.0,No Holiday,11,Spring,0
10/05/2018,19.8,49,2.3,1320,3.17,0.0,0.0,No Holiday,12,Spring,0
10/05/2018,20.7,46,2.9,1078,3.26,0.0,0.0,No Holiday,13,Spring,0
10/05/2018,21.2,47,3.7,1142,3.22,0.0,0.0,No Holiday,14,Spring,0
10/05/2018,20.4,51,4.0,946,2.87,0.0,0.0,No Holiday,15,Spring,0
10/05/2018,19.6,54,3.9,1154,2.41,0.0,0.0,No Holiday,16,Spring,0
10/05/2018,19.2,54,3.4,1075,1.83,0.0,0.0,No Holiday,17,Spring,0
10/05/2018,18.0,61,3.5,790,1.05,0.0,0.0,No Holiday,18,Spring,0
10/05/2018,15.5,74,3.6,675,0.35,0.0,0.0,No Holiday,19,Spring,0
10/05/2018,13.6,82,2.1,520,0.02,0.0,0.0,No Holiday,20,Spring,0
10/05/2018,12.6,85,2.4,460,0.0,0.0,0.0,No Holiday,21,Spring,0
10/05/2018,12.3,85,2.3,452,0.0,0.0,0.0,No Holiday,22,Spring,0
10/05/2018,12.4,85,1.1,369,0.0,0.0,0.0,No Holiday,23,Spring,0
11/05/2018,12.5,84,1.5,334,0.0,0.0,0.0,No Holiday,0,Spring,724
11/05/2018,12.4,84,1.8,287,0.0,0.0,0.0,No Holiday,1,Spring,565
11/05/2018,12.1,85,1.4,321,0.0,0.0,0.0,No Holiday,2,Spring,378
11/05/2018,12.0,86,0.9,297,0.0,0.0,0.0,No Holiday,3,Spring,252
11/05/2018,11.9,85,0.7,315,0.0,0.0,0.0,No Holiday,4,Spring,154
11/05/2018,11.9,84,1.5,358,0.0,0.0,0.0,No Holiday,5,Spring,223
11/05/2018,12.0,83,0.4,321,0.01,0.0,0.0,No Holiday,6,Spring,486
11/05/2018,12.4,82,1.0,314,0.1,0.0,0.0,No Holiday,7,Spring,1156
11/05/2018,13.1,78,1.2,330,0.41,0.0,0.0,No Holiday,8,Spring,1881
11/05/2018,14.3,72,0.7,342,0.84,0.0,0.0,No Holiday,9,Spring,850
11/05/2018,16.4,64,2.4,423,2.05,0.0,0.0,No Holiday,10,Spring,816
11/05/2018,18.3,56,1.4,519,2.53,0.0,0.0,No Holiday,11,Spring,972
11/05/2018,20.0,47,1.4,685,3.08,0.0,0.0,No Holiday,12,Spring,1161
11/05/2018,20.8,45,2.8,688,3.17,0.0,0.0,No Holiday,13,Spring,1177
11/05/2018,21.0,47,2.2,606,2.52,0.0,0.0,No Holiday,14,Spring,1174
11/05/2018,19.9,47,3.3,484,1.83,0.0,0.0,No Holiday,15,Spring,1295
11/05/2018,19.1,54,3.2,542,0.94,0.0,0.0,No Holiday,16,Spring,1496
11/05/2018,18.9,45,2.6,1084,0.8,0.0,0.0,No Holiday,17,Spring,1863
11/05/2018,17.9,37,3.1,1819,0.36,0.0,0.0,No Holiday,18,Spring,2701
11/05/2018,17.1,51,2.5,1223,0.06,0.0,0.0,No Holiday,19,Spring,1999
11/05/2018,16.7,52,0.9,1328,0.0,0.0,0.0,No Holiday,20,Spring,941
11/05/2018,16.4,52,1.5,1273,0.0,0.0,0.0,No Holiday,21,Spring,1644
11/05/2018,16.2,54,1.1,1327,0.0,0.0,0.0,No Holiday,22,Spring,1556
11/05/2018,16.2,50,1.6,1327,0.0,0.0,0.0,No Holiday,23,Spring,1185
12/05/2018,16.1,54,1.3,1052,0.0,0.0,0.0,No Holiday,0,Spring,862
12/05/2018,15.9,51,1.8,866,0.0,0.0,0.0,No Holiday,1,Spring,669
12/05/2018,15.5,62,1.0,730,0.0,0.0,0.0,No Holiday,2,Spring,416
12/05/2018,15.2,63,0.5,700,0.0,0.0,0.0,No Holiday,3,Spring,358
12/05/2018,15.0,61,0.8,867,0.0,0.0,0.0,No Holiday,4,Spring,207
12/05/2018,15.0,61,1.2,903,0.0,0.0,0.0,No Holiday,5,Spring,70
12/05/2018,14.4,71,1.3,560,0.0,0.4,0.0,No Holiday,6,Spring,37
12/05/2018,13.3,81,1.5,525,0.04,0.1,0.0,No Holiday,7,Spring,43
12/05/2018,12.0,87,1.0,296,0.1,1.0,0.0,No Holiday,8,Spring,20
12/05/2018,11.8,95,1.0,168,0.14,3.0,0.0,No Holiday,9,Spring,16
12/05/2018,11.8,96,1.3,221,0.12,2.5,0.0,No Holiday,10,Spring,6
12/05/2018,12.0,96,1.0,184,0.14,3.5,0.0,No Holiday,11,Spring,18
12/05/2018,12.3,97,0.8,238,0.14,2.0,0.0,No Holiday,12,Spring,11
12/05/2018,12.6,97,0.6,327,0.14,3.0,0.0,No Holiday,13,Spring,19
12/05/2018,13.0,97,0.8,211,0.15,2.0,0.0,No Holiday,14,Spring,22
12/05/2018,13.3,97,0.8,194,0.12,3.0,0.0,No Holiday,15,Spring,17
12/05/2018,13.8,97,0.7,196,0.12,1.5,0.0,No Holiday,16,Spring,34
12/05/2018,14.3,98,0.7,270,0.08,1.5,0.0,No Holiday,17,Spring,24
12/05/2018,15.4,97,1.9,340,0.03,2.0,0.0,No Holiday,18,Spring,22
12/05/2018,15.5,97,0.7,403,0.0,2.0,0.0,No Holiday,19,Spring,29
12/05/2018,15.7,97,0.3,343,0.0,1.0,0.0,No Holiday,20,Spring,29
12/05/2018,15.8,97,0.6,193,0.0,0.5,0.0,No Holiday,21,Spring,25
12/05/2018,15.8,98,0.4,179,0.0,1.5,0.0,No Holiday,22,Spring,30
12/05/2018,15.8,98,1.6,235,0.0,1.0,0.0,No Holiday,23,Spring,50
13/05/2018,15.5,97,1.5,181,0.0,0.5,0.0,No Holiday,0,Spring,145
13/05/2018,15.1,97,1.7,173,0.0,0.2,0.0,No Holiday,1,Spring,178
13/05/2018,14.5,97,2.9,359,0.0,0.1,0.0,No Holiday,2,Spring,189
13/05/2018,14.2,98,1.5,135,0.0,0.2,0.0,No Holiday,3,Spring,141
13/05/2018,13.8,98,2.9,27,0.0,0.0,0.0,No Holiday,4,Spring,83
13/05/2018,13.5,98,0.8,105,0.0,0.0,0.0,No Holiday,5,Spring,72
13/05/2018,13.5,98,0.4,251,0.01,0.0,0.0,No Holiday,6,Spring,139
13/05/2018,13.7,98,1.6,468,0.1,0.0,0.0,No Holiday,7,Spring,220
13/05/2018,14.1,98,1.3,834,0.26,0.0,0.0,No Holiday,8,Spring,397
13/05/2018,14.8,95,1.0,986,0.53,0.0,0.0,No Holiday,9,Spring,579
13/05/2018,15.2,88,2.2,1090,0.55,0.0,0.0,No Holiday,10,Spring,716
13/05/2018,16.4,78,1.6,1209,1.37,0.0,0.0,No Holiday,11,Spring,993
13/05/2018,18.3,65,1.2,1489,2.4,0.0,0.0,No Holiday,12,Spring,1434
13/05/2018,19.1,65,1.9,1145,2.26,0.0,0.0,No Holiday,13,Spring,1839
13/05/2018,19.7,64,2.9,929,1.99,0.0,0.0,No Holiday,14,Spring,2055
13/05/2018,19.7,63,2.5,941,2.01,0.0,0.0,No Holiday,15,Spring,2329
13/05/2018,19.5,65,2.9,857,1.97,0.0,0.0,No Holiday,16,Spring,2379
13/05/2018,19.4,63,2.6,1099,1.61,0.0,0.0,No Holiday,17,Spring,2410
13/05/2018,19.0,66,1.3,1111,0.95,0.0,0.0,No Holiday,18,Spring,2338
13/05/2018,17.6,73,2.0,886,0.34,0.0,0.0,No Holiday,19,Spring,2023
13/05/2018,15.6,81,2.3,827,0.02,0.0,0.0,No Holiday,20,Spring,1714
13/05/2018,14.1,86,0.9,535,0.0,0.0,0.0,No Holiday,21,Spring,1571
13/05/2018,13.5,87,2.2,433,0.0,0.0,0.0,No Holiday,22,Spring,1155
13/05/2018,13.0,89,1.3,326,0.0,0.0,0.0,No Holiday,23,Spring,814
14/05/2018,12.7,89,1.2,340,0.0,0.0,0.0,No Holiday,0,Spring,581
14/05/2018,12.4,94,1.3,307,0.0,0.0,0.0,No Holiday,1,Spring,377
14/05/2018,12.1,94,1.6,191,0.0,0.0,0.0,No Holiday,2,Spring,241
14/05/2018,11.9,95,1.5,180,0.0,0.0,0.0,No Holiday,3,Spring,167
14/05/2018,11.9,94,1.3,210,0.0,0.0,0.0,No Holiday,4,Spring,121
14/05/2018,11.9,93,0.8,241,0.0,0.0,0.0,No Holiday,5,Spring,199
14/05/2018,12.1,89,0.3,252,0.02,0.0,0.0,No Holiday,6,Spring,552
14/05/2018,12.6,85,0.4,292,0.23,0.0,0.0,No Holiday,7,Spring,1251
14/05/2018,13.8,79,0.9,313,0.44,0.0,0.0,No Holiday,8,Spring,1997
14/05/2018,15.1,74,0.6,437,0.76,0.0,0.0,No Holiday,9,Spring,1106
14/05/2018,16.6,67,0.9,479,1.23,0.0,0.0,No Holiday,10,Spring,779
14/05/2018,18.5,65,1.4,463,2.07,0.0,0.0,No Holiday,11,Spring,946
14/05/2018,20.0,62,1.8,428,2.38,0.0,0.0,No Holiday,12,Spring,1095
14/05/2018,21.8,59,1.9,404,2.74,0.0,0.0,No Holiday,13,Spring,1051
14/05/2018,23.1,56,1.6,391,2.67,0.0,0.0,No Holiday,14,Spring,1124
14/05/2018,24.0,59,1.6,353,2.24,0.0,0.0,No Holiday,15,Spring,1171
14/05/2018,24.3,54,2.6,346,1.81,0.0,0.0,No Holiday,16,Spring,1433
14/05/2018,24.4,51,1.9,466,1.42,0.0,0.0,No Holiday,17,Spring,1891
14/05/2018,23.6,48,3.1,666,0.85,0.0,0.0,No Holiday,18,Spring,2906
14/05/2018,22.7,56,1.8,598,0.31,0.0,0.0,No Holiday,19,Spring,2236
14/05/2018,21.4,64,2.1,411,0.02,0.0,0.0,No Holiday,20,Spring,1965
14/05/2018,20.5,67,1.4,357,0.0,0.0,0.0,No Holiday,21,Spring,1885
14/05/2018,19.6,71,0.6,325,0.0,0.0,0.0,No Holiday,22,Spring,1648
14/05/2018,18.8,73,0.8,291,0.0,0.0,0.0,No Holiday,23,Spring,1071
15/05/2018,18.1,77,0.5,287,0.0,0.0,0.0,No Holiday,0,Spring,764
15/05/2018,17.5,78,0.6,277,0.0,0.0,0.0,No Holiday,1,Spring,563
15/05/2018,17.1,74,0.4,350,0.0,0.0,0.0,No Holiday,2,Spring,372
15/05/2018,16.6,74,0.4,402,0.0,0.0,0.0,No Holiday,3,Spring,241
15/05/2018,16.1,74,0.8,440,0.0,0.0,0.0,No Holiday,4,Spring,170
15/05/2018,15.7,76,0.6,330,0.0,0.0,0.0,No Holiday,5,Spring,182
15/05/2018,15.4,84,0.8,235,0.03,0.0,0.0,No Holiday,6,Spring,562
15/05/2018,16.2,79,1.2,239,0.36,0.0,0.0,No Holiday,7,Spring,1239
15/05/2018,18.4,68,1.1,254,0.88,0.0,0.0,No Holiday,8,Spring,2059
15/05/2018,20.8,53,0.8,381,1.58,0.0,0.0,No Holiday,9,Spring,1148
15/05/2018,22.7,37,0.9,879,2.18,0.0,0.0,No Holiday,10,Spring,832
15/05/2018,24.8,36,1.8,973,2.7,0.0,0.0,No Holiday,11,Spring,944
15/05/2018,26.3,36,1.1,1133,2.88,0.0,0.0,No Holiday,12,Spring,1058
15/05/2018,27.8,34,1.5,1306,3.14,0.0,0.0,No Holiday,13,Spring,1080
15/05/2018,28.5,33,0.9,1348,2.51,0.0,0.0,No Holiday,14,Spring,1092
15/05/2018,29.1,38,1.7,1602,1.89,0.0,0.0,No Holiday,15,Spring,1210
15/05/2018,28.8,37,2.4,1629,1.44,0.0,0.0,No Holiday,16,Spring,1458
15/05/2018,28.5,43,1.7,1404,1.06,0.0,0.0,No Holiday,17,Spring,1951
15/05/2018,27.5,47,2.5,1113,0.43,0.0,0.0,No Holiday,18,Spring,2915
15/05/2018,26.9,49,0.9,1063,0.1,0.0,0.0,No Holiday,19,Spring,2248
15/05/2018,26.3,53,1.0,908,0.0,0.0,0.0,No Holiday,20,Spring,1958
15/05/2018,25.6,56,0.7,884,0.0,0.0,0.0,No Holiday,21,Spring,1944
15/05/2018,25.0,59,0.6,742,0.0,0.0,0.0,No Holiday,22,Spring,1640
15/05/2018,24.8,60,1.0,795,0.0,0.0,0.0,No Holiday,23,Spring,848
16/05/2018,24.4,63,0.8,745,0.0,0.0,0.0,No Holiday,0,Spring,662
16/05/2018,24.1,67,0.5,686,0.0,0.0,0.0,No Holiday,1,Spring,502
16/05/2018,23.9,69,0.3,531,0.0,0.2,0.0,No Holiday,2,Spring,145
16/05/2018,22.6,89,0.7,327,0.0,0.8,0.0,No Holiday,3,Spring,166
16/05/2018,22.3,86,0.5,387,0.0,0.0,0.0,No Holiday,4,Spring,124
16/05/2018,22.3,87,0.6,399,0.0,0.0,0.0,No Holiday,5,Spring,52
16/05/2018,22.1,94,0.9,269,0.0,2.0,0.0,No Holiday,6,Spring,135
16/05/2018,22.0,95,0.7,342,0.0,0.0,0.0,No Holiday,7,Spring,367
16/05/2018,22.4,93,1.2,683,0.04,0.0,0.0,No Holiday,8,Spring,291
16/05/2018,22.8,93,3.1,569,0.06,4.0,0.0,No Holiday,9,Spring,97
16/05/2018,22.8,95,1.7,176,0.05,1.0,0.0,No Holiday,10,Spring,81
16/05/2018,22.7,93,4.8,832,0.17,0.0,0.0,No Holiday,11,Spring,243
16/05/2018,22.9,87,4.0,1497,0.22,0.0,0.0,No Holiday,12,Spring,59
16/05/2018,21.8,97,2.4,682,0.06,35.0,0.0,No Holiday,13,Spring,151
16/05/2018,22.0,96,2.9,1327,0.39,0.0,0.0,No Holiday,14,Spring,248
16/05/2018,22.0,96,2.9,313,0.2,0.0,0.0,No Holiday,15,Spring,240
16/05/2018,21.8,97,1.8,206,0.18,0.0,0.0,No Holiday,16,Spring,223
16/05/2018,21.9,97,3.2,207,0.14,0.5,0.0,No Holiday,17,Spring,304
16/05/2018,21.9,97,2.1,191,0.08,0.0,0.0,No Holiday,18,Spring,562
16/05/2018,21.9,97,2.2,196,0.01,0.0,0.0,No Holiday,19,Spring,404
16/05/2018,21.8,97,2.2,156,0.0,0.5,0.0,No Holiday,20,Spring,338
16/05/2018,21.8,97,1.3,160,0.0,0.5,0.0,No Holiday,21,Spring,398
16/05/2018,21.9,97,1.5,164,0.0,0.0,0.0,No Holiday,22,Spring,399
16/05/2018,22.0,97,0.9,158,0.0,0.0,0.0,No Holiday,23,Spring,225
17/05/2018,22.0,97,1.6,152,0.0,0.5,0.0,No Holiday,0,Spring,118
17/05/2018,22.0,97,2.1,192,0.0,0.5,0.0,No Holiday,1,Spring,144
17/05/2018,21.8,97,1.3,175,0.0,1.0,0.0,No Holiday,2,Spring,78
17/05/2018,21.8,98,0.6,113,0.0,2.5,0.0,No Holiday,3,Spring,38
17/05/2018,19.2,98,2.4,1965,0.0,19.0,0.0,No Holiday,4,Spring,51
17/05/2018,18.8,97,0.9,1927,0.0,0.0,0.0,No Holiday,5,Spring,54
17/05/2018,18.9,98,0.3,338,0.0,0.0,0.0,No Holiday,6,Spring,69
17/05/2018,19.1,98,0.3,125,0.0,0.0,0.0,No Holiday,7,Spring,80
17/05/2018,19.7,98,0.5,1958,0.12,13.5,0.0,No Holiday,8,Spring,152
17/05/2018,19.7,98,0.5,659,0.05,10.0,0.0,No Holiday,9,Spring,28
17/05/2018,20.1,98,1.2,885,0.13,2.0,0.0,No Holiday,10,Spring,141
17/05/2018,20.4,98,0.9,300,0.25,2.5,0.0,No Holiday,11,Spring,182
17/05/2018,21.7,96,0.8,1773,0.81,1.5,0.0,No Holiday,12,Spring,467
17/05/2018,23.4,83,1.7,1944,1.5,0.0,0.0,No Holiday,13,Spring,592
17/05/2018,23.4,81,0.6,1921,0.5,0.0,0.0,No Holiday,14,Spring,352
17/05/2018,22.8,95,1.6,294,0.11,0.5,0.0,No Holiday,15,Spring,186
17/05/2018,22.9,95,0.4,385,0.31,0.0,0.0,No Holiday,16,Spring,102
17/05/2018,22.7,96,0.4,249,0.11,2.5,0.0,No Holiday,17,Spring,131
17/05/2018,22.6,97,1.1,304,0.07,1.5,0.0,No Holiday,18,Spring,431
17/05/2018,22.3,96,2.6,191,0.0,0.0,0.0,No Holiday,19,Spring,29
17/05/2018,21.3,97,2.8,388,0.0,12.5,0.0,No Holiday,20,Spring,17
17/05/2018,20.5,97,1.1,726,0.0,4.0,0.0,No Holiday,21,Spring,18
17/05/2018,20.2,98,0.5,468,0.0,6.0,0.0,No Holiday,22,Spring,26
17/05/2018,20.0,98,1.8,589,0.0,2.5,0.0,No Holiday,23,Spring,35
18/05/2018,19.3,97,1.8,523,0.0,1.0,0.0,No Holiday,0,Spring,129
18/05/2018,19.0,97,1.5,278,0.0,1.0,0.0,No Holiday,1,Spring,116
18/05/2018,18.8,98,1.5,237,0.0,0.5,0.0,No Holiday,2,Spring,48
18/05/2018,18.3,98,1.6,320,0.0,2.0,0.0,No Holiday,3,Spring,47
18/05/2018,18.1,98,1.7,223,0.0,1.0,0.0,No Holiday,4,Spring,22
18/05/2018,17.8,98,1.0,457,0.0,0.5,0.0,No Holiday,5,Spring,29
18/05/2018,17.4,98,0.3,234,0.0,0.0,0.0,No Holiday,6,Spring,77
18/05/2018,16.6,98,0.6,219,0.01,0.5,0.0,No Holiday,7,Spring,210
18/05/2018,16.4,98,0.3,514,0.11,0.0,0.0,No Holiday,8,Spring,400
18/05/2018,16.6,98,0.6,301,0.18,0.5,0.0,No Holiday,9,Spring,427
18/05/2018,16.3,97,1.0,693,0.37,0.0,0.0,No Holiday,10,Spring,454
18/05/2018,16.6,96,0.7,539,0.41,0.0,0.0,No Holiday,11,Spring,352
18/05/2018,16.6,96,0.8,430,0.34,0.0,0.0,No Holiday,12,Spring,185
18/05/2018,16.7,93,1.0,1373,0.72,0.5,0.0,No Holiday,13,Spring,509
18/05/2018,16.7,88,1.5,1760,0.72,0.0,0.0,No Holiday,14,Spring,697
18/05/2018,16.7,85,1.2,2000,0.49,0.0,0.0,No Holiday,15,Spring,906
18/05/2018,17.0,82,1.9,2000,0.84,0.0,0.0,No Holiday,16,Spring,1182
18/05/2018,17.2,81,1.2,2000,0.57,0.0,0.0,No Holiday,17,Spring,1551
18/05/2018,17.5,79,1.5,2000,0.57,0.0,0.0,No Holiday,18,Spring,2261
18/05/2018,17.0,76,1.5,2000,0.29,0.0,0.0,No Holiday,19,Spring,1751
18/05/2018,16.2,76,2.1,2000,0.02,0.0,0.0,No Holiday,20,Spring,1386
18/05/2018,15.3,73,2.3,2000,0.0,0.0,0.0,No Holiday,21,Spring,1263
18/05/2018,14.2,73,1.9,2000,0.0,0.0,0.0,No Holiday,22,Spring,1221
18/05/2018,13.2,68,1.8,2000,0.0,0.0,0.0,No Holiday,23,Spring,864
19/05/2018,12.2,67,1.2,2000,0.0,0.0,0.0,No Holiday,0,Spring,689
19/05/2018,11.4,74,1.3,2000,0.0,0.0,0.0,No Holiday,1,Spring,676
19/05/2018,11.1,74,1.9,2000,0.0,0.0,0.0,No Holiday,2,Spring,526
19/05/2018,10.7,73,1.3,2000,0.0,0.0,0.0,No Holiday,3,Spring,320
19/05/2018,10.5,73,1.2,2000,0.0,0.0,0.0,No Holiday,4,Spring,213
19/05/2018,10.4,71,1.1,2000,0.0,0.0,0.0,No Holiday,5,Spring,198
19/05/2018,10.5,70,1.0,2000,0.03,0.0,0.0,No Holiday,6,Spring,234
19/05/2018,11.4,0,1.4,2000,0.46,0.0,0.0,No Holiday,7,Spring,436
19/05/2018,13.7,57,1.4,2000,1.28,0.0,0.0,No Holiday,8,Spring,766
19/05/2018,15.7,49,1.6,2000,2.0,0.0,0.0,No Holiday,9,Spring,932
19/05/2018,17.2,45,2.1,2000,2.61,0.0,0.0,No Holiday,10,Spring,1051
19/05/2018,19.0,44,1.4,2000,3.12,0.0,0.0,No Holiday,11,Spring,1290
19/05/2018,20.5,42,2.1,2000,3.42,0.0,0.0,No Holiday,12,Spring,1573
19/05/2018,21.9,39,2.0,2000,3.52,0.0,0.0,No Holiday,13,Spring,1865
19/05/2018,22.8,39,2.6,1983,3.39,0.0,0.0,No Holiday,14,Spring,2128
19/05/2018,23.9,37,1.6,2000,3.07,0.0,0.0,No Holiday,15,Spring,2268
19/05/2018,24.5,34,1.5,2000,2.54,0.0,0.0,No Holiday,16,Spring,2479
19/05/2018,24.5,35,1.8,1927,1.93,0.0,0.0,No Holiday,17,Spring,2355
19/05/2018,24.0,34,1.7,2000,1.22,0.0,0.0,No Holiday,18,Spring,2439
19/05/2018,22.6,34,1.5,2000,0.51,0.0,0.0,No Holiday,19,Spring,2140
19/05/2018,20.9,34,1.4,2000,0.03,0.0,0.0,No Holiday,20,Spring,1872
19/05/2018,19.5,34,1.3,2000,0.0,0.0,0.0,No Holiday,21,Spring,1780
19/05/2018,18.4,34,1.2,2000,0.0,0.0,0.0,No Holiday,22,Spring,1595
19/05/2018,17.1,37,1.3,2000,0.0,0.0,0.0,No Holiday,23,Spring,1169
20/05/2018,15.8,41,1.2,2000,0.0,0.0,0.0,No Holiday,0,Spring,986
20/05/2018,14.7,43,1.2,2000,0.0,0.0,0.0,No Holiday,1,Spring,713
20/05/2018,13.9,43,0.9,2000,0.0,0.0,0.0,No Holiday,2,Spring,473
20/05/2018,13.5,41,1.0,2000,0.0,0.0,0.0,No Holiday,3,Spring,347
20/05/2018,12.8,44,0.8,2000,0.0,0.0,0.0,No Holiday,4,Spring,205
20/05/2018,12.1,47,1.6,2000,0.0,0.0,0.0,No Holiday,5,Spring,160
20/05/2018,11.6,46,0.8,2000,0.05,0.0,0.0,No Holiday,6,Spring,190
20/05/2018,12.3,43,0.6,2000,0.3,0.0,0.0,No Holiday,7,Spring,341
20/05/2018,14.1,38,1.0,2000,0.72,0.0,0.0,No Holiday,8,Spring,524
20/05/2018,16.0,34,1.3,2000,1.0,0.0,0.0,No Holiday,9,Spring,676
20/05/2018,17.0,37,1.4,2000,0.94,0.0,0.0,No Holiday,10,Spring,899
20/05/2018,18.7,30,1.9,2000,1.66,0.0,0.0,No Holiday,11,Spring,1013
20/05/2018,18.8,31,1.2,2000,0.92,0.0,0.0,No Holiday,12,Spring,1313
20/05/2018,19.9,33,1.4,2000,1.28,0.0,0.0,No Holiday,13,Spring,1559
20/05/2018,20.3,30,1.8,2000,1.01,0.0,0.0,No Holiday,14,Spring,1680
20/05/2018,21.0,28,1.7,2000,1.16,0.0,0.0,No Holiday,15,Spring,1999
20/05/2018,22.2,23,2.2,2000,1.66,0.0,0.0,No Holiday,16,Spring,2143
20/05/2018,22.4,23,2.4,2000,1.89,0.0,0.0,No Holiday,17,Spring,2310
20/05/2018,22.2,22,1.8,2000,1.25,0.0,0.0,No Holiday,18,Spring,2403
20/05/2018,20.8,24,2.0,2000,0.56,0.0,0.0,No Holiday,19,Spring,2145
20/05/2018,19.0,26,1.5,2000,0.02,0.0,0.0,No Holiday,20,Spring,1846
20/05/2018,17.8,26,1.3,2000,0.0,0.0,0.0,No Holiday,21,Spring,1636
20/05/2018,16.8,29,1.2,2000,0.0,0.0,0.0,No Holiday,22,Spring,1325
20/05/2018,15.8,30,1.1,2000,0.0,0.0,0.0,No Holiday,23,Spring,943
21/05/2018,15.3,29,1.3,2000,0.0,0.0,0.0,No Holiday,0,Spring,666
21/05/2018,14.5,31,1.1,2000,0.0,0.0,0.0,No Holiday,1,Spring,420
21/05/2018,13.9,0,0.9,2000,0.0,0.0,0.0,No Holiday,2,Spring,262
21/05/2018,13.0,0,0.8,2000,0.0,0.0,0.0,No Holiday,3,Spring,165
21/05/2018,12.4,0,0.8,2000,0.0,0.0,0.0,No Holiday,4,Spring,113
21/05/2018,11.9,0,1.3,2000,0.0,0.0,0.0,No Holiday,5,Spring,200
21/05/2018,11.4,0,0.9,2000,0.03,0.0,0.0,No Holiday,6,Spring,467
21/05/2018,12.3,0,0.9,1989,0.48,0.0,0.0,No Holiday,7,Spring,1135
21/05/2018,15.3,30,1.3,2000,1.3,0.0,0.0,No Holiday,8,Spring,1785
21/05/2018,17.7,27,1.3,2000,2.02,0.0,0.0,No Holiday,9,Spring,1118
21/05/2018,19.3,27,1.4,2000,2.63,0.0,0.0,No Holiday,10,Spring,962
21/05/2018,20.9,27,1.7,2000,3.11,0.0,0.0,No Holiday,11,Spring,1129
21/05/2018,21.8,31,2.1,2000,3.39,0.0,0.0,No Holiday,12,Spring,1373
21/05/2018,22.8,31,1.9,1923,3.49,0.0,0.0,No Holiday,13,Spring,1456
21/05/2018,23.4,36,2.8,1947,3.11,0.0,0.0,No Holiday,14,Spring,1483
21/05/2018,23.3,38,1.5,1963,2.13,0.0,0.0,No Holiday,15,Spring,1612
21/05/2018,22.7,42,1.9,2000,1.13,0.0,0.0,No Holiday,16,Spring,1820
21/05/2018,22.2,45,2.4,2000,0.83,0.0,0.0,No Holiday,17,Spring,2214
21/05/2018,21.6,48,2.5,1884,0.61,0.0,0.0,No Holiday,18,Spring,3069
21/05/2018,19.5,56,1.6,1600,0.29,0.0,0.0,No Holiday,19,Spring,2450
21/05/2018,18.4,59,2.6,1476,0.04,0.0,0.0,No Holiday,20,Spring,2167
21/05/2018,17.7,63,0.5,1324,0.0,0.0,0.0,No Holiday,21,Spring,2065
21/05/2018,16.9,65,0.3,1281,0.0,0.0,0.0,No Holiday,22,Spring,1832
21/05/2018,16.3,70,0.7,1293,0.0,0.0,0.0,No Holiday,23,Spring,1273
22/05/2018,16.0,71,0.5,1299,0.0,0.0,0.0,Holiday,0,Spring,957
22/05/2018,15.9,71,1.1,1312,0.0,0.0,0.0,Holiday,1,Spring,810
22/05/2018,15.7,74,1.0,1313,0.0,0.0,0.0,Holiday,2,Spring,590
22/05/2018,15.5,0,0.7,1420,0.0,0.0,0.0,Holiday,3,Spring,406
22/05/2018,15.6,0,0.5,1502,0.0,0.0,0.0,Holiday,4,Spring,248
22/05/2018,15.7,0,0.6,1610,0.0,0.0,0.0,Holiday,5,Spring,182
22/05/2018,15.5,0,0.5,1691,0.06,0.0,0.0,Holiday,6,Spring,277
22/05/2018,16.3,69,0.7,1750,0.34,0.0,0.0,Holiday,7,Spring,443
22/05/2018,18.2,63,0.8,1731,1.0,0.0,0.0,Holiday,8,Spring,694
22/05/2018,19.3,62,0.8,1894,1.14,0.0,0.0,Holiday,9,Spring,912
22/05/2018,20.7,55,1.8,1698,1.43,0.0,0.0,Holiday,10,Spring,1119
22/05/2018,21.9,55,1.4,1820,1.87,0.0,0.0,Holiday,11,Spring,1438
22/05/2018,22.9,51,1.1,1591,1.8,0.0,0.0,Holiday,12,Spring,1798
22/05/2018,22.7,52,1.0,1399,0.94,0.0,0.0,Holiday,13,Spring,2000
22/05/2018,22.8,53,1.4,1630,0.98,0.0,0.0,Holiday,14,Spring,1407
22/05/2018,21.1,72,2.7,663,0.31,0.1,0.0,Holiday,15,Spring,163
22/05/2018,19.5,80,1.2,553,0.53,0.4,0.0,Holiday,16,Spring,86
22/05/2018,18.6,84,1.8,499,0.28,1.0,0.0,Holiday,17,Spring,50
22/05/2018,17.9,93,1.2,258,0.13,2.0,0.0,Holiday,18,Spring,30
22/05/2018,17.6,93,0.3,331,0.06,1.5,0.0,Holiday,19,Spring,45
22/05/2018,17.2,85,1.4,467,0.0,0.5,0.0,Holiday,20,Spring,30
22/05/2018,17.0,85,1.1,597,0.0,0.5,0.0,Holiday,21,Spring,58
22/05/2018,16.8,87,0.6,447,0.0,0.5,0.0,Holiday,22,Spring,29
22/05/2018,16.3,96,1.1,198,0.0,2.5,0.0,Holiday,23,Spring,18
23/05/2018,15.8,97,2.4,181,0.0,3.5,0.0,No Holiday,0,Spring,32
23/05/2018,15.3,97,3.2,178,0.0,3.0,0.0,No Holiday,1,Spring,25
23/05/2018,15.0,97,2.5,236,0.0,3.0,0.0,No Holiday,2,Spring,34
23/05/2018,14.9,96,2.2,636,0.0,0.5,0.0,No Holiday,3,Spring,43
23/05/2018,15.0,97,1.4,1827,0.0,0.0,0.0,No Holiday,4,Spring,59
23/05/2018,14.6,87,2.2,2000,0.0,0.0,0.0,No Holiday,5,Spring,152
23/05/2018,13.9,83,3.2,2000,0.04,0.0,0.0,No Holiday,6,Spring,436
23/05/2018,13.6,75,1.6,1987,0.47,0.0,0.0,No Holiday,7,Spring,1241
23/05/2018,14.6,70,3.1,2000,1.28,0.0,0.0,No Holiday,8,Spring,2035
23/05/2018,16.0,60,1.9,1992,1.98,0.0,0.0,No Holiday,9,Spring,1125
23/05/2018,17.9,56,3.3,1919,2.63,0.0,0.0,No Holiday,10,Spring,871
23/05/2018,18.9,42,3.8,2000,3.13,0.0,0.0,No Holiday,11,Spring,1012
23/05/2018,20.1,37,4.0,1910,3.44,0.0,0.0,No Holiday,12,Spring,1216
23/05/2018,20.9,33,3.9,1853,3.52,0.0,0.0,No Holiday,13,Spring,1167
23/05/2018,22.0,33,3.4,1966,3.41,0.0,0.0,No Holiday,14,Spring,1183
23/05/2018,23.0,29,2.9,1876,3.11,0.0,0.0,No Holiday,15,Spring,1332
23/05/2018,23.0,33,4.2,1880,2.57,0.0,0.0,No Holiday,16,Spring,1563
23/05/2018,22.4,39,3.2,1943,1.9,0.0,0.0,No Holiday,17,Spring,2069
23/05/2018,21.7,40,3.5,1987,1.18,0.0,0.0,No Holiday,18,Spring,3123
23/05/2018,18.8,52,3.4,2000,0.49,0.0,0.0,No Holiday,19,Spring,2454
23/05/2018,16.7,61,1.9,2000,0.05,0.0,0.0,No Holiday,20,Spring,2001
23/05/2018,15.4,61,1.1,1959,0.0,0.0,0.0,No Holiday,21,Spring,1833
23/05/2018,14.8,59,1.0,1740,0.0,0.0,0.0,No Holiday,22,Spring,1588
23/05/2018,14.6,54,1.5,1596,0.0,0.0,0.0,No Holiday,23,Spring,1080
24/05/2018,13.7,51,1.3,1651,0.0,0.0,0.0,No Holiday,0,Spring,778
24/05/2018,12.9,62,0.6,1557,0.0,0.0,0.0,No Holiday,1,Spring,578
24/05/2018,12.5,54,0.7,1500,0.0,0.0,0.0,No Holiday,2,Spring,385
24/05/2018,12.1,64,0.8,1538,0.0,0.0,0.0,No Holiday,3,Spring,265
24/05/2018,11.7,64,1.6,1578,0.0,0.0,0.0,No Holiday,4,Spring,161
24/05/2018,11.3,64,1.2,1634,0.0,0.0,0.0,No Holiday,5,Spring,205
24/05/2018,11.4,67,1.0,1600,0.04,0.0,0.0,No Holiday,6,Spring,530
24/05/2018,12.5,61,1.3,1818,0.42,0.0,0.0,No Holiday,7,Spring,1390
24/05/2018,15.2,50,1.6,1530,1.1,0.0,0.0,No Holiday,8,Spring,2081
24/05/2018,17.6,30,1.1,1531,1.79,0.0,0.0,No Holiday,9,Spring,1226
24/05/2018,19.9,27,2.7,1775,2.44,0.0,0.0,No Holiday,10,Spring,880
24/05/2018,21.5,30,2.9,1779,2.92,0.0,0.0,No Holiday,11,Spring,922
24/05/2018,22.1,36,5.3,1696,3.2,0.0,0.0,No Holiday,12,Spring,1087
24/05/2018,23.3,35,3.7,1874,3.28,0.0,0.0,No Holiday,13,Spring,1078
24/05/2018,23.2,36,4.9,1597,3.18,0.0,0.0,No Holiday,14,Spring,1059
24/05/2018,23.5,36,3.2,1786,2.91,0.0,0.0,No Holiday,15,Spring,1174
24/05/2018,23.5,36,4.0,1763,2.42,0.0,0.0,No Holiday,16,Spring,1455
24/05/2018,23.4,38,2.7,1885,1.76,0.0,0.0,No Holiday,17,Spring,1863
24/05/2018,22.6,39,2.8,1655,1.1,0.0,0.0,No Holiday,18,Spring,2825
24/05/2018,21.1,44,2.6,1512,0.41,0.0,0.0,No Holiday,19,Spring,2334
24/05/2018,20.0,46,2.6,1414,0.05,0.0,0.0,No Holiday,20,Spring,1902
24/05/2018,19.3,50,1.7,1381,0.0,0.0,0.0,No Holiday,21,Spring,1838
24/05/2018,18.6,54,2.3,1328,0.0,0.0,0.0,No Holiday,22,Spring,1678
24/05/2018,18.1,56,1.6,1095,0.0,0.0,0.0,No Holiday,23,Spring,1087
25/05/2018,17.6,57,1.8,943,0.0,0.0,0.0,No Holiday,0,Spring,831
25/05/2018,16.9,61,1.0,844,0.0,0.0,0.0,No Holiday,1,Spring,610
25/05/2018,16.1,70,0.6,787,0.0,0.0,0.0,No Holiday,2,Spring,437
25/05/2018,15.4,71,0.5,780,0.0,0.0,0.0,No Holiday,3,Spring,286
25/05/2018,14.8,71,0.4,700,0.0,0.0,0.0,No Holiday,4,Spring,188
25/05/2018,14.3,75,0.6,635,0.0,0.0,0.0,No Holiday,5,Spring,201
25/05/2018,13.8,74,0.7,644,0.05,0.0,0.0,No Holiday,6,Spring,531
25/05/2018,14.4,66,1.1,704,0.42,0.0,0.0,No Holiday,7,Spring,1250
25/05/2018,17.1,57,1.7,792,1.21,0.0,0.0,No Holiday,8,Spring,1996
25/05/2018,19.5,44,1.3,995,1.88,0.0,0.0,No Holiday,9,Spring,1121
25/05/2018,21.4,30,2.5,1730,2.53,0.0,0.0,No Holiday,10,Spring,819
25/05/2018,23.1,30,2.5,1896,3.01,0.0,0.0,No Holiday,11,Spring,959
25/05/2018,24.4,24,2.9,1811,3.28,0.0,0.0,No Holiday,12,Spring,1082
25/05/2018,25.6,26,2.7,1747,3.36,0.0,0.0,No Holiday,13,Spring,1106
25/05/2018,26.0,23,2.3,1923,2.92,0.0,0.0,No Holiday,14,Spring,1161
25/05/2018,25.1,25,2.7,1959,2.2,0.0,0.0,No Holiday,15,Spring,1306
25/05/2018,24.3,27,4.1,1892,1.78,0.0,0.0,No Holiday,16,Spring,1533
25/05/2018,23.6,28,3.1,1844,1.26,0.0,0.0,No Holiday,17,Spring,2013
25/05/2018,23.3,32,2.6,1772,1.05,0.0,0.0,No Holiday,18,Spring,2916
25/05/2018,22.0,40,1.6,1658,0.47,0.0,0.0,No Holiday,19,Spring,2227
25/05/2018,20.4,45,2.0,1457,0.06,0.0,0.0,No Holiday,20,Spring,1905
25/05/2018,19.1,50,1.4,1378,0.0,0.0,0.0,No Holiday,21,Spring,1740
25/05/2018,18.3,54,1.7,1394,0.0,0.0,0.0,No Holiday,22,Spring,1630
25/05/2018,17.6,55,0.5,1362,0.0,0.0,0.0,No Holiday,23,Spring,1209
26/05/2018,17.0,59,1.1,1299,0.0,0.0,0.0,No Holiday,0,Spring,987
26/05/2018,16.2,63,0.7,1328,0.0,0.0,0.0,No Holiday,1,Spring,837
26/05/2018,15.8,66,0.6,1204,0.0,0.0,0.0,No Holiday,2,Spring,572
26/05/2018,15.3,69,0.5,1103,0.0,0.0,0.0,No Holiday,3,Spring,419
26/05/2018,14.8,73,0.5,994,0.0,0.0,0.0,No Holiday,4,Spring,232
26/05/2018,14.4,73,0.4,978,0.0,0.0,0.0,No Holiday,5,Spring,198
26/05/2018,14.2,72,0.6,947,0.04,0.0,0.0,No Holiday,6,Spring,299
26/05/2018,15.0,64,0.6,902,0.46,0.0,0.0,No Holiday,7,Spring,503
26/05/2018,17.8,52,0.6,1094,1.18,0.0,0.0,No Holiday,8,Spring,763
26/05/2018,20.6,43,1.1,1104,1.84,0.0,0.0,No Holiday,9,Spring,992
26/05/2018,23.2,41,1.1,1440,2.45,0.0,0.0,No Holiday,10,Spring,1010
26/05/2018,24.8,34,0.9,1439,2.92,0.0,0.0,No Holiday,11,Spring,1164
26/05/2018,26.2,31,1.2,1161,3.18,0.0,0.0,No Holiday,12,Spring,1285
26/05/2018,27.8,31,2.0,1326,3.29,0.0,0.0,No Holiday,13,Spring,1441
26/05/2018,28.3,30,2.3,1025,3.14,0.0,0.0,No Holiday,14,Spring,1448
26/05/2018,29.4,30,2.0,882,2.82,0.0,0.0,No Holiday,15,Spring,1575
26/05/2018,29.0,31,2.9,889,2.26,0.0,0.0,No Holiday,16,Spring,1690
26/05/2018,27.9,34,3.8,1259,1.73,0.0,0.0,No Holiday,17,Spring,1886
26/05/2018,27.0,33,2.2,822,1.07,0.0,0.0,No Holiday,18,Spring,2020
26/05/2018,24.9,46,3.1,1341,0.43,0.0,0.0,No Holiday,19,Spring,1985
26/05/2018,22.3,50,2.7,1512,0.05,0.0,0.0,No Holiday,20,Spring,1909
26/05/2018,21.7,58,1.3,1173,0.0,0.0,0.0,No Holiday,21,Spring,1851
26/05/2018,21.2,60,1.0,1192,0.0,0.0,0.0,No Holiday,22,Spring,1683
26/05/2018,20.7,63,0.8,1130,0.0,0.0,0.0,No Holiday,23,Spring,1330
27/05/2018,20.1,65,1.6,1097,0.0,0.0,0.0,No Holiday,0,Spring,1089
27/05/2018,19.8,61,1.4,943,0.0,0.0,0.0,No Holiday,1,Spring,799
27/05/2018,19.0,62,1.8,974,0.0,0.0,0.0,No Holiday,2,Spring,555
27/05/2018,18.5,62,0.8,1073,0.0,0.0,0.0,No Holiday,3,Spring,423
27/05/2018,17.9,59,1.3,1261,0.0,0.0,0.0,No Holiday,4,Spring,208
27/05/2018,17.6,0,0.8,1304,0.0,0.0,0.0,No Holiday,5,Spring,174
27/05/2018,17.3,62,1.4,1293,0.03,0.0,0.0,No Holiday,6,Spring,234
27/05/2018,17.6,0,1.4,1219,0.34,0.0,0.0,No Holiday,7,Spring,341
27/05/2018,18.3,51,2.0,1366,0.7,0.0,0.0,No Holiday,8,Spring,608
27/05/2018,19.5,43,1.5,1548,1.02,0.0,0.0,No Holiday,9,Spring,762
27/05/2018,21.6,33,2.0,1697,1.86,0.0,0.0,No Holiday,10,Spring,821
27/05/2018,22.3,33,1.8,1853,1.54,0.0,0.0,No Holiday,11,Spring,1004
27/05/2018,23.4,38,2.8,1756,1.87,0.0,0.0,No Holiday,12,Spring,1404
27/05/2018,24.3,37,2.3,1583,2.22,0.0,0.0,No Holiday,13,Spring,1579
27/05/2018,24.2,36,4.0,1907,2.16,0.0,0.0,No Holiday,14,Spring,1730
27/05/2018,23.9,37,2.6,1889,1.82,0.0,0.0,No Holiday,15,Spring,2019
27/05/2018,24.0,36,1.6,1811,1.34,0.0,0.0,No Holiday,16,Spring,2242
27/05/2018,23.5,32,3.2,1925,1.01,0.0,0.0,No Holiday,17,Spring,2307
27/05/2018,23.0,36,2.8,1904,0.85,0.0,0.0,No Holiday,18,Spring,2267
27/05/2018,21.7,38,2.1,1857,0.27,0.0,0.0,No Holiday,19,Spring,2207
27/05/2018,20.6,41,2.3,1788,0.09,0.0,0.0,No Holiday,20,Spring,2044
27/05/2018,19.5,46,1.8,1734,0.0,0.0,0.0,No Holiday,21,Spring,1729
27/05/2018,18.6,50,1.0,1830,0.0,0.0,0.0,No Holiday,22,Spring,1374
27/05/2018,17.9,53,1.9,1774,0.0,0.0,0.0,No Holiday,23,Spring,1071
28/05/2018,17.3,55,0.7,1741,0.0,0.0,0.0,No Holiday,0,Spring,770
28/05/2018,16.7,60,0.8,1806,0.0,0.0,0.0,No Holiday,1,Spring,440
28/05/2018,16.5,58,0.3,1759,0.0,0.0,0.0,No Holiday,2,Spring,335
28/05/2018,17.1,56,0.4,1583,0.0,0.0,0.0,No Holiday,3,Spring,185
28/05/2018,17.2,0,0.4,1619,0.0,0.0,0.0,No Holiday,4,Spring,134
28/05/2018,16.6,0,0.9,1361,0.0,0.0,0.0,No Holiday,5,Spring,247
28/05/2018,16.2,0,0.5,1588,0.05,0.0,0.0,No Holiday,6,Spring,641
28/05/2018,16.8,0,0.8,1387,0.36,0.0,0.0,No Holiday,7,Spring,1502
28/05/2018,19.5,50,0.7,1329,1.19,0.0,0.0,No Holiday,8,Spring,2194
28/05/2018,21.7,48,1.1,1806,1.92,0.0,0.0,No Holiday,9,Spring,1131
28/05/2018,23.3,49,1.1,1881,2.46,0.0,0.0,No Holiday,10,Spring,828
28/05/2018,25.1,45,0.9,1982,2.9,0.0,0.0,No Holiday,11,Spring,986
28/05/2018,26.3,44,1.8,2000,3.24,0.0,0.0,No Holiday,12,Spring,1139
28/05/2018,27.7,39,1.9,1882,3.33,0.0,0.0,No Holiday,13,Spring,1124
28/05/2018,28.7,36,2.6,1853,3.21,0.0,0.0,No Holiday,14,Spring,1128
28/05/2018,28.4,43,3.1,900,2.28,0.0,0.0,No Holiday,15,Spring,1258
28/05/2018,28.1,43,3.4,845,2.32,0.0,0.0,No Holiday,16,Spring,1497
28/05/2018,26.9,45,3.5,990,1.64,0.0,0.0,No Holiday,17,Spring,2060
28/05/2018,26.0,39,2.7,1950,1.07,0.0,0.0,No Holiday,18,Spring,3245
28/05/2018,24.4,44,2.8,1979,0.45,0.0,0.0,No Holiday,19,Spring,2656
28/05/2018,23.0,49,2.4,1905,0.07,0.0,0.0,No Holiday,20,Spring,2252
28/05/2018,21.8,50,2.1,1950,0.0,0.0,0.0,No Holiday,21,Spring,2140
28/05/2018,21.1,54,0.6,2000,0.0,0.0,0.0,No Holiday,22,Spring,1881
28/05/2018,20.9,53,1.6,1712,0.0,0.0,0.0,No Holiday,23,Spring,1247
29/05/2018,20.6,54,2.6,1737,0.0,0.0,0.0,No Holiday,0,Spring,841
29/05/2018,20.3,55,1.1,1756,0.0,0.0,0.0,No Holiday,1,Spring,721
29/05/2018,20.2,56,2.3,1498,0.0,0.0,0.0,No Holiday,2,Spring,466
29/05/2018,20.0,58,1.8,1279,0.0,0.0,0.0,No Holiday,3,Spring,285
29/05/2018,19.8,60,1.9,1364,0.0,0.0,0.0,No Holiday,4,Spring,204
29/05/2018,19.6,64,0.3,1483,0.0,0.0,0.0,No Holiday,5,Spring,252
29/05/2018,19.5,64,0.4,1268,0.02,0.0,0.0,No Holiday,6,Spring,625
29/05/2018,19.9,63,1.1,934,0.24,0.0,0.0,No Holiday,7,Spring,1427
29/05/2018,20.5,66,1.7,1062,0.34,0.0,0.0,No Holiday,8,Spring,2234
29/05/2018,21.0,67,1.1,1012,0.54,0.0,0.0,No Holiday,9,Spring,1192
29/05/2018,21.6,68,1.6,980,0.83,0.0,0.0,No Holiday,10,Spring,893
29/05/2018,23.1,63,2.6,949,1.68,0.0,0.0,No Holiday,11,Spring,949
29/05/2018,23.1,64,2.6,1250,1.35,0.0,0.0,No Holiday,12,Spring,1184
29/05/2018,24.2,58,1.5,1030,1.66,0.0,0.0,No Holiday,13,Spring,1103
29/05/2018,25.5,53,2.0,981,2.5,0.0,0.0,No Holiday,14,Spring,1174
29/05/2018,25.7,56,1.8,1112,1.71,0.0,0.0,No Holiday,15,Spring,1234
29/05/2018,23.6,66,4.2,1208,0.89,0.0,0.0,No Holiday,16,Spring,1592
29/05/2018,23.9,65,1.9,1425,1.02,0.0,0.0,No Holiday,17,Spring,2022
29/05/2018,23.1,68,2.9,1506,0.42,0.0,0.0,No Holiday,18,Spring,2154
29/05/2018,22.3,71,2.5,1268,0.14,0.0,0.0,No Holiday,19,Spring,477
29/05/2018,20.1,88,2.2,572,0.0,1.0,0.0,No Holiday,20,Spring,422
29/05/2018,19.9,93,1.4,416,0.0,0.0,0.0,No Holiday,21,Spring,1041
29/05/2018,19.9,85,1.7,559,0.0,0.0,0.0,No Holiday,22,Spring,1121
29/05/2018,19.5,89,1.7,304,0.0,0.0,0.0,No Holiday,23,Spring,742
30/05/2018,19.1,84,1.6,540,0.0,0.0,0.0,No Holiday,0,Spring,507
30/05/2018,18.8,84,0.5,488,0.0,0.0,0.0,No Holiday,1,Spring,570
30/05/2018,18.7,83,0.6,469,0.0,0.0,0.0,No Holiday,2,Spring,422
30/05/2018,18.4,86,0.6,360,0.0,0.0,0.0,No Holiday,3,Spring,238
30/05/2018,18.3,84,0.9,409,0.0,0.0,0.0,No Holiday,4,Spring,167
30/05/2018,18.4,84,0.6,352,0.0,0.0,0.0,No Holiday,5,Spring,239
30/05/2018,18.6,84,0.7,316,0.01,0.0,0.0,No Holiday,6,Spring,505
30/05/2018,18.9,85,0.6,289,0.12,0.0,0.0,No Holiday,7,Spring,1150
30/05/2018,19.3,83,0.6,394,0.23,0.0,0.0,No Holiday,8,Spring,1937
30/05/2018,19.8,79,1.3,405,0.45,0.0,0.0,No Holiday,9,Spring,1200
30/05/2018,21.4,71,1.7,476,1.43,0.0,0.0,No Holiday,10,Spring,916
30/05/2018,22.8,66,2.7,1270,2.76,0.0,0.0,No Holiday,11,Spring,975
30/05/2018,23.2,64,3.0,1305,2.08,0.0,0.0,No Holiday,12,Spring,1187
30/05/2018,24.0,56,2.6,1282,2.94,0.0,0.0,No Holiday,13,Spring,1134
30/05/2018,24.3,58,2.9,1211,2.92,0.0,0.0,No Holiday,14,Spring,1119
30/05/2018,24.3,52,3.0,1447,2.55,0.0,0.0,No Holiday,15,Spring,1280
30/05/2018,24.7,47,3.0,1594,2.44,0.0,0.0,No Holiday,16,Spring,1571
30/05/2018,24.1,41,2.2,1980,1.9,0.0,0.0,No Holiday,17,Spring,2166
30/05/2018,23.6,42,2.1,2000,1.23,0.0,0.0,No Holiday,18,Spring,3251
30/05/2018,21.2,52,3.6,1856,0.55,0.0,0.0,No Holiday,19,Spring,2650
30/05/2018,19.1,64,2.6,1530,0.06,0.0,0.0,No Holiday,20,Spring,2224
30/05/2018,18.2,69,2.0,1286,0.0,0.0,0.0,No Holiday,21,Spring,2074
30/05/2018,17.3,76,1.7,801,0.0,0.0,0.0,No Holiday,22,Spring,1732
30/05/2018,16.4,80,1.5,642,0.0,0.0,0.0,No Holiday,23,Spring,1158
31/05/2018,15.8,82,1.6,546,0.0,0.0,0.0,No Holiday,0,Spring,844
31/05/2018,15.5,82,1.5,513,0.0,0.0,0.0,No Holiday,1,Spring,610
31/05/2018,15.2,84,0.7,485,0.0,0.0,0.0,No Holiday,2,Spring,470
31/05/2018,15.0,84,1.3,473,0.0,0.0,0.0,No Holiday,3,Spring,328
31/05/2018,14.8,85,0.7,478,0.0,0.0,0.0,No Holiday,4,Spring,188
31/05/2018,14.4,82,1.2,708,0.0,0.0,0.0,No Holiday,5,Spring,265
31/05/2018,14.3,82,0.7,653,0.05,0.0,0.0,No Holiday,6,Spring,646
31/05/2018,14.9,71,0.9,651,0.47,0.0,0.0,No Holiday,7,Spring,1401
31/05/2018,16.9,65,1.6,896,1.21,0.0,0.0,No Holiday,8,Spring,2281
31/05/2018,18.8,59,1.6,1233,1.9,0.0,0.0,No Holiday,9,Spring,1277
31/05/2018,20.8,54,1.2,1129,2.45,0.0,0.0,No Holiday,10,Spring,936
31/05/2018,22.0,54,2.7,1189,2.89,0.0,0.0,No Holiday,11,Spring,979
31/05/2018,23.7,44,1.3,1624,3.2,0.0,0.0,No Holiday,12,Spring,1134
31/05/2018,25.0,47,2.5,1120,3.34,0.0,0.0,No Holiday,13,Spring,1151
31/05/2018,25.9,43,2.7,1493,2.97,0.0,0.0,No Holiday,14,Spring,1164
31/05/2018,26.9,37,2.7,1850,2.9,0.0,0.0,No Holiday,15,Spring,1280
31/05/2018,27.3,38,2.9,1784,2.41,0.0,0.0,No Holiday,16,Spring,1550
31/05/2018,27.2,42,2.9,1828,1.79,0.0,0.0,No Holiday,17,Spring,2047
31/05/2018,26.4,42,3.1,1995,0.79,0.0,0.0,No Holiday,18,Spring,3119
31/05/2018,25.2,53,3.1,1983,0.51,0.0,0.0,No Holiday,19,Spring,2534
31/05/2018,23.1,58,2.9,1950,0.06,0.0,0.0,No Holiday,20,Spring,2164
31/05/2018,21.9,60,2.5,1551,0.0,0.0,0.0,No Holiday,21,Spring,2070
31/05/2018,21.1,59,2.1,1874,0.0,0.0,0.0,No Holiday,22,Spring,1900
31/05/2018,20.5,62,2.2,1903,0.0,0.0,0.0,No Holiday,23,Spring,1343
01/06/2018,20.1,63,1.1,1698,0.0,0.0,0.0,No Holiday,0,Summer,963
01/06/2018,19.5,65,0.4,1662,0.0,0.0,0.0,No Holiday,1,Summer,776
01/06/2018,19.0,72,1.4,1258,0.0,0.0,0.0,No Holiday,2,Summer,554
01/06/2018,18.6,72,1.4,1340,0.0,0.0,0.0,No Holiday,3,Summer,366
01/06/2018,18.1,76,1.8,561,0.0,0.0,0.0,No Holiday,4,Summer,265
01/06/2018,17.8,75,1.0,1210,0.0,0.0,0.0,No Holiday,5,Summer,306
01/06/2018,17.5,76,1.2,1161,0.05,0.0,0.0,No Holiday,6,Summer,672
01/06/2018,18.1,64,0.6,923,0.47,0.0,0.0,No Holiday,7,Summer,1421
01/06/2018,20.6,55,0.7,1200,1.21,0.0,0.0,No Holiday,8,Summer,2149
01/06/2018,23.1,52,1.7,1012,1.88,0.0,0.0,No Holiday,9,Summer,1219
01/06/2018,25.3,45,1.3,1371,2.45,0.0,0.0,No Holiday,10,Summer,862
01/06/2018,26.8,38,2.6,1879,2.99,0.0,0.0,No Holiday,11,Summer,1036
01/06/2018,28.2,34,2.6,1867,3.26,0.0,0.0,No Holiday,12,Summer,1076
01/06/2018,29.4,33,2.2,1535,3.3,0.0,0.0,No Holiday,13,Summer,1093
01/06/2018,29.6,31,3.7,1988,3.25,0.0,0.0,No Holiday,14,Summer,1071
01/06/2018,29.9,36,3.3,1866,2.94,0.0,0.0,No Holiday,15,Summer,1235
01/06/2018,29.9,34,3.2,1912,2.46,0.0,0.0,No Holiday,16,Summer,1488
01/06/2018,29.2,35,4.3,1967,1.87,0.0,0.0,No Holiday,17,Summer,2123
01/06/2018,28.5,36,3.0,1981,1.21,0.0,0.0,No Holiday,18,Summer,3088
01/06/2018,26.8,35,1.9,2000,0.54,0.0,0.0,No Holiday,19,Summer,2505
01/06/2018,25.0,39,2.8,2000,0.06,0.0,0.0,No Holiday,20,Summer,2163
01/06/2018,23.5,44,1.6,2000,0.0,0.0,0.0,No Holiday,21,Summer,2066
01/06/2018,22.7,44,1.5,2000,0.0,0.0,0.0,No Holiday,22,Summer,1991
01/06/2018,21.8,49,1.6,1965,0.0,0.0,0.0,No Holiday,23,Summer,1440
02/06/2018,20.9,53,1.4,1717,0.0,0.0,0.0,No Holiday,0,Summer,1165
02/06/2018,20.2,57,0.4,1428,0.0,0.0,0.0,No Holiday,1,Summer,989
02/06/2018,19.6,60,1.9,1200,0.0,0.0,0.0,No Holiday,2,Summer,677
02/06/2018,18.9,63,1.5,1007,0.0,0.0,0.0,No Holiday,3,Summer,475
02/06/2018,18.3,66,1.3,929,0.0,0.0,0.0,No Holiday,4,Summer,312
02/06/2018,17.8,69,1.1,951,0.0,0.0,0.0,No Holiday,5,Summer,264
02/06/2018,17.7,68,1.3,842,0.05,0.0,0.0,No Holiday,6,Summer,342
02/06/2018,18.1,59,0.6,789,0.47,0.0,0.0,No Holiday,7,Summer,560
02/06/2018,20.4,54,1.0,828,1.23,0.0,0.0,No Holiday,8,Summer,898
02/06/2018,23.3,43,1.2,1257,1.91,0.0,0.0,No Holiday,9,Summer,1005
02/06/2018,25.5,33,1.1,1815,2.52,0.0,0.0,No Holiday,10,Summer,1044
02/06/2018,27.3,35,2.3,1537,2.98,0.0,0.0,No Holiday,11,Summer,1094
02/06/2018,28.3,30,3.0,1675,3.29,0.0,0.0,No Holiday,12,Summer,1253
02/06/2018,29.6,24,2.4,1873,3.42,0.0,0.0,No Holiday,13,Summer,1334
02/06/2018,29.8,23,3.6,1945,3.32,0.0,0.0,No Holiday,14,Summer,1396
02/06/2018,29.8,24,2.9,1939,3.0,0.0,0.0,No Holiday,15,Summer,1535
02/06/2018,29.6,26,3.7,2000,2.58,0.0,0.0,No Holiday,16,Summer,1707
02/06/2018,28.9,22,2.7,1965,1.93,0.0,0.0,No Holiday,17,Summer,2025
02/06/2018,27.4,29,3.6,2000,1.19,0.0,0.0,No Holiday,18,Summer,2246
02/06/2018,25.4,33,2.7,2000,0.54,0.0,0.0,No Holiday,19,Summer,2337
02/06/2018,23.4,38,2.3,2000,0.06,0.0,0.0,No Holiday,20,Summer,2338
02/06/2018,22.1,44,2.5,2000,0.0,0.0,0.0,No Holiday,21,Summer,2238
02/06/2018,21.4,48,1.6,2000,0.0,0.0,0.0,No Holiday,22,Summer,1969
02/06/2018,20.6,52,0.5,2000,0.0,0.0,0.0,No Holiday,23,Summer,1490
03/06/2018,19.7,55,2.0,1986,0.0,0.0,0.0,No Holiday,0,Summer,1248
03/06/2018,19.2,57,0.8,1985,0.0,0.0,0.0,No Holiday,1,Summer,902
03/06/2018,18.6,60,1.8,1841,0.0,0.0,0.0,No Holiday,2,Summer,673
03/06/2018,18.0,64,1.3,1560,0.0,0.0,0.0,No Holiday,3,Summer,437
03/06/2018,17.4,65,0.8,1093,0.0,0.0,0.0,No Holiday,4,Summer,294
03/06/2018,17.1,66,0.3,1370,0.0,0.0,0.0,No Holiday,5,Summer,193
03/06/2018,16.9,62,0.4,1768,0.06,0.0,0.0,No Holiday,6,Summer,228
03/06/2018,18.0,54,0.7,1997,0.51,0.0,0.0,No Holiday,7,Summer,423
03/06/2018,20.3,47,1.5,1785,1.05,0.0,0.0,No Holiday,8,Summer,659
03/06/2018,22.7,39,0.7,1880,1.91,0.0,0.0,No Holiday,9,Summer,831
03/06/2018,24.8,34,1.3,1869,2.09,0.0,0.0,No Holiday,10,Summer,938
03/06/2018,26.7,30,1.1,1782,2.83,0.0,0.0,No Holiday,11,Summer,977
03/06/2018,28.7,27,1.7,1843,3.29,0.0,0.0,No Holiday,12,Summer,1134
03/06/2018,29.4,24,2.7,1905,3.18,0.0,0.0,No Holiday,13,Summer,1393
03/06/2018,29.8,26,2.2,1818,3.2,0.0,0.0,No Holiday,14,Summer,1399
03/06/2018,30.7,21,2.5,1876,2.95,0.0,0.0,No Holiday,15,Summer,1556
03/06/2018,30.4,28,3.6,1790,2.48,0.0,0.0,No Holiday,16,Summer,1834
03/06/2018,29.5,29,4.1,1944,1.84,0.0,0.0,No Holiday,17,Summer,2131
03/06/2018,29.3,25,2.4,1973,1.23,0.0,0.0,No Holiday,18,Summer,2349
03/06/2018,27.4,29,2.4,2000,0.5,0.0,0.0,No Holiday,19,Summer,2514
03/06/2018,25.3,32,2.2,1997,0.06,0.0,0.0,No Holiday,20,Summer,2460
03/06/2018,24.2,32,2.1,2000,0.0,0.0,0.0,No Holiday,21,Summer,2173
03/06/2018,23.0,38,1.2,1996,0.0,0.0,0.0,No Holiday,22,Summer,1741
03/06/2018,22.0,44,0.8,1978,0.0,0.0,0.0,No Holiday,23,Summer,1274
04/06/2018,21.4,45,1.4,1964,0.0,0.0,0.0,No Holiday,0,Summer,938
04/06/2018,20.7,47,0.9,1987,0.0,0.0,0.0,No Holiday,1,Summer,596
04/06/2018,20.1,49,0.8,1978,0.0,0.0,0.0,No Holiday,2,Summer,351
04/06/2018,19.6,51,1.0,1923,0.0,0.0,0.0,No Holiday,3,Summer,244
04/06/2018,19.4,56,1.2,1752,0.0,0.0,0.0,No Holiday,4,Summer,172
04/06/2018,19.2,56,0.9,1772,0.0,0.0,0.0,No Holiday,5,Summer,299
04/06/2018,18.9,53,0.3,1871,0.04,0.0,0.0,No Holiday,6,Summer,742
04/06/2018,19.5,52,0.8,1818,0.46,0.0,0.0,No Holiday,7,Summer,1505
04/06/2018,22.1,44,1.4,1435,1.16,0.0,0.0,No Holiday,8,Summer,2287
04/06/2018,23.3,37,0.4,1336,1.28,0.0,0.0,No Holiday,9,Summer,1243
04/06/2018,25.1,40,2.7,1076,2.37,0.0,0.0,No Holiday,10,Summer,970
04/06/2018,26.1,37,2.4,1079,2.79,0.0,0.0,No Holiday,11,Summer,1008
04/06/2018,26.3,36,3.1,1377,2.61,0.0,0.0,No Holiday,12,Summer,1152
04/06/2018,27.4,30,2.0,1768,3.03,0.0,0.0,No Holiday,13,Summer,1085
04/06/2018,26.5,43,3.9,1671,2.36,0.0,0.0,No Holiday,14,Summer,1148
04/06/2018,25.5,43,2.9,1996,1.71,0.0,0.0,No Holiday,15,Summer,1249
04/06/2018,25.5,43,3.2,1892,1.72,0.0,0.0,No Holiday,16,Summer,1671
04/06/2018,24.9,46,2.0,1855,0.91,0.0,0.0,No Holiday,17,Summer,2190
04/06/2018,24.4,48,1.9,1998,0.56,0.0,0.0,No Holiday,18,Summer,3380
04/06/2018,23.9,51,2.3,2000,0.12,0.0,0.0,No Holiday,19,Summer,2788
04/06/2018,23.4,43,1.1,2000,0.01,0.0,0.0,No Holiday,20,Summer,2508
04/06/2018,22.6,62,1.1,1363,0.0,0.0,0.0,No Holiday,21,Summer,2377
04/06/2018,22.0,64,1.8,1211,0.0,0.0,0.0,No Holiday,22,Summer,2000
04/06/2018,21.4,68,2.7,972,0.0,0.0,0.0,No Holiday,23,Summer,1354
05/06/2018,20.5,71,2.8,1204,0.0,0.0,0.0,No Holiday,0,Summer,927
05/06/2018,20.0,67,0.7,1426,0.0,0.0,0.0,No Holiday,1,Summer,742
05/06/2018,19.7,66,0.5,1591,0.0,0.0,0.0,No Holiday,2,Summer,448
05/06/2018,19.1,72,0.6,1370,0.0,0.0,0.0,No Holiday,3,Summer,314
05/06/2018,18.5,72,0.6,1168,0.0,0.0,0.0,No Holiday,4,Summer,214
05/06/2018,18.1,73,0.5,1182,0.0,0.0,0.0,No Holiday,5,Summer,282
05/06/2018,17.8,73,0.4,1188,0.04,0.0,0.0,No Holiday,6,Summer,733
05/06/2018,18.8,64,0.7,1099,0.48,0.0,0.0,No Holiday,7,Summer,1602
05/06/2018,21.5,58,1.1,1021,1.21,0.0,0.0,No Holiday,8,Summer,2322
05/06/2018,23.5,51,1.4,1169,1.82,0.0,0.0,No Holiday,9,Summer,1344
05/06/2018,25.5,43,1.0,1568,2.49,0.0,0.0,No Holiday,10,Summer,959
05/06/2018,26.8,37,1.6,1639,2.91,0.0,0.0,No Holiday,11,Summer,974
05/06/2018,28.2,35,1.2,1411,3.23,0.0,0.0,No Holiday,12,Summer,1111
05/06/2018,28.6,34,2.0,1274,2.82,0.0,0.0,No Holiday,13,Summer,1058
05/06/2018,28.9,34,2.7,1328,2.06,0.0,0.0,No Holiday,14,Summer,1120
05/06/2018,29.0,38,3.4,749,2.12,0.0,0.0,No Holiday,15,Summer,1250
05/06/2018,28.8,38,3.1,1027,2.14,0.0,0.0,No Holiday,16,Summer,1434
05/06/2018,28.1,37,3.6,1346,1.56,0.0,0.0,No Holiday,17,Summer,2115
05/06/2018,27.1,40,2.8,1811,1.0,0.0,0.0,No Holiday,18,Summer,3227
05/06/2018,25.5,43,3.1,1760,0.41,0.0,0.0,No Holiday,19,Summer,2615
05/06/2018,24.0,46,2.8,1896,0.06,0.0,0.0,No Holiday,20,Summer,2346
05/06/2018,23.3,51,1.7,1654,0.0,0.0,0.0,No Holiday,21,Summer,2404
05/06/2018,22.4,54,2.5,1778,0.0,0.0,0.0,No Holiday,22,Summer,2237
05/06/2018,21.9,56,0.7,1898,0.0,0.0,0.0,No Holiday,23,Summer,1646
06/06/2018,21.2,60,0.9,1789,0.0,0.0,0.0,Holiday,0,Summer,1268
06/06/2018,20.6,63,0.6,1670,0.0,0.0,0.0,Holiday,1,Summer,1031
06/06/2018,20.1,65,1.0,1435,0.0,0.0,0.0,Holiday,2,Summer,792
06/06/2018,19.6,68,1.7,1260,0.0,0.0,0.0,Holiday,3,Summer,562
06/06/2018,19.2,68,0.8,1181,0.0,0.0,0.0,Holiday,4,Summer,332
06/06/2018,18.7,73,1.4,1065,0.0,0.0,0.0,Holiday,5,Summer,218
06/06/2018,18.5,73,1.1,1028,0.06,0.0,0.0,Holiday,6,Summer,351
06/06/2018,19.3,63,0.7,916,0.46,0.0,0.0,Holiday,7,Summer,536
06/06/2018,21.2,59,1.2,794,1.13,0.0,0.0,Holiday,8,Summer,799
06/06/2018,22.9,56,2.3,763,1.74,0.0,0.0,Holiday,9,Summer,925
06/06/2018,24.3,53,2.9,949,2.37,0.0,0.0,Holiday,10,Summer,1087
06/06/2018,25.8,52,2.1,905,2.84,0.0,0.0,Holiday,11,Summer,1152
06/06/2018,27.3,51,2.8,703,3.16,0.0,0.0,Holiday,12,Summer,1400
06/06/2018,27.3,52,3.1,613,3.21,0.0,0.0,Holiday,13,Summer,1444
06/06/2018,27.4,50,3.5,615,3.01,0.0,0.0,Holiday,14,Summer,1603
06/06/2018,27.6,49,3.7,656,2.79,0.0,0.0,Holiday,15,Summer,1674
06/06/2018,27.9,47,2.8,824,2.36,0.0,0.0,Holiday,16,Summer,1940
06/06/2018,27.4,48,2.7,1084,1.8,0.0,0.0,Holiday,17,Summer,2104
06/06/2018,26.6,52,2.5,1368,1.09,0.0,0.0,Holiday,18,Summer,2162
06/06/2018,24.9,56,3.1,1469,0.51,0.0,0.0,Holiday,19,Summer,2163
06/06/2018,23.4,64,1.8,1144,0.07,0.0,0.0,Holiday,20,Summer,2145
06/06/2018,22.1,72,2.5,923,0.0,0.0,0.0,Holiday,21,Summer,1935
06/06/2018,20.8,78,1.8,763,0.0,0.0,0.0,Holiday,22,Summer,1624
06/06/2018,20.1,77,3.1,797,0.0,0.0,0.0,Holiday,23,Summer,1251
07/06/2018,19.6,82,1.7,628,0.0,0.0,0.0,No Holiday,0,Summer,978
07/06/2018,19.1,86,1.8,522,0.0,0.0,0.0,No Holiday,1,Summer,606
07/06/2018,18.8,88,0.3,500,0.0,0.0,0.0,No Holiday,2,Summer,418
07/06/2018,18.4,88,1.6,465,0.0,0.0,0.0,No Holiday,3,Summer,275
07/06/2018,18.1,88,1.8,458,0.0,0.0,0.0,No Holiday,4,Summer,191
07/06/2018,17.8,91,2.2,393,0.0,0.0,0.0,No Holiday,5,Summer,288
07/06/2018,18.1,88,1.1,272,0.03,0.0,0.0,No Holiday,6,Summer,716
07/06/2018,18.6,85,2.0,307,0.16,0.0,0.0,No Holiday,7,Summer,1551
07/06/2018,18.9,82,2.3,326,0.44,0.0,0.0,No Holiday,8,Summer,2317
07/06/2018,20.5,73,1.6,364,1.23,0.0,0.0,No Holiday,9,Summer,1342
07/06/2018,22.0,69,2.0,488,2.04,0.0,0.0,No Holiday,10,Summer,914
07/06/2018,23.4,62,1.8,603,2.87,0.0,0.0,No Holiday,11,Summer,967
07/06/2018,25.0,56,3.0,715,3.19,0.0,0.0,No Holiday,12,Summer,1099
07/06/2018,26.7,47,2.4,806,3.26,0.0,0.0,No Holiday,13,Summer,1071
07/06/2018,28.2,44,1.7,644,3.11,0.0,0.0,No Holiday,14,Summer,1116
07/06/2018,29.3,41,2.0,609,2.63,0.0,0.0,No Holiday,15,Summer,1171
07/06/2018,29.3,41,2.0,905,1.95,0.0,0.0,No Holiday,16,Summer,1442
07/06/2018,28.2,51,3.3,879,1.73,0.0,0.0,No Holiday,17,Summer,2002
07/06/2018,25.6,57,2.7,1217,0.96,0.0,0.0,No Holiday,18,Summer,3221
07/06/2018,24.0,60,2.8,1379,0.38,0.0,0.0,No Holiday,19,Summer,2649
07/06/2018,22.8,67,1.6,1219,0.06,0.0,0.0,No Holiday,20,Summer,2278
07/06/2018,21.5,69,2.6,942,0.0,0.0,0.0,No Holiday,21,Summer,2161
07/06/2018,20.9,71,1.0,763,0.0,0.0,0.0,No Holiday,22,Summer,1939
07/06/2018,20.3,77,1.3,770,0.0,0.0,0.0,No Holiday,23,Summer,1290
08/06/2018,19.1,82,2.2,874,0.0,0.0,0.0,No Holiday,0,Summer,926
08/06/2018,18.8,84,1.7,658,0.0,0.0,0.0,No Holiday,1,Summer,769
08/06/2018,18.6,84,2.5,619,0.0,0.0,0.0,No Holiday,2,Summer,525
08/06/2018,18.6,83,2.9,889,0.0,0.0,0.0,No Holiday,3,Summer,365
08/06/2018,18.5,82,2.0,1072,0.0,0.0,0.0,No Holiday,4,Summer,255
08/06/2018,18.6,81,0.8,1205,0.0,0.0,0.0,No Holiday,5,Summer,299
08/06/2018,18.8,78,2.0,1259,0.01,0.0,0.0,No Holiday,6,Summer,744
08/06/2018,19.1,73,2.0,1300,0.3,0.0,0.0,No Holiday,7,Summer,1544
08/06/2018,19.7,69,2.0,1448,0.54,0.0,0.0,No Holiday,8,Summer,2348
08/06/2018,21.2,62,1.7,1384,1.45,0.0,0.0,No Holiday,9,Summer,1283
08/06/2018,21.9,62,1.7,1664,1.36,0.0,0.0,No Holiday,10,Summer,1002
08/06/2018,21.9,64,2.4,1359,1.03,0.0,0.0,No Holiday,11,Summer,1095
08/06/2018,23.1,56,1.6,1222,1.71,0.0,0.0,No Holiday,12,Summer,1256
08/06/2018,24.2,58,1.9,1015,1.87,0.0,0.0,No Holiday,13,Summer,1314
08/06/2018,25.0,54,2.2,1146,1.86,0.0,0.0,No Holiday,14,Summer,1249
08/06/2018,26.2,51,3.3,1104,2.87,0.0,0.0,No Holiday,15,Summer,1416
08/06/2018,26.6,49,3.2,1200,2.35,0.0,0.0,No Holiday,16,Summer,1668
08/06/2018,26.9,49,2.3,1210,1.72,0.0,0.0,No Holiday,17,Summer,2314
08/06/2018,26.2,54,2.2,1183,0.88,0.0,0.0,No Holiday,18,Summer,3309
08/06/2018,24.5,63,3.1,970,0.46,0.0,0.0,No Holiday,19,Summer,2797
08/06/2018,22.6,71,1.8,856,0.11,0.0,0.0,No Holiday,20,Summer,2476
08/06/2018,21.2,77,1.7,638,0.0,0.0,0.0,No Holiday,21,Summer,2337
08/06/2018,20.5,78,0.9,550,0.0,0.0,0.0,No Holiday,22,Summer,2140
08/06/2018,20.0,79,1.4,510,0.0,0.0,0.0,No Holiday,23,Summer,1672
09/06/2018,19.7,83,1.5,390,0.0,0.0,0.0,No Holiday,0,Summer,1247
09/06/2018,19.7,81,0.6,419,0.0,0.0,0.0,No Holiday,1,Summer,1029
09/06/2018,19.4,84,0.7,382,0.0,0.0,0.0,No Holiday,2,Summer,732
09/06/2018,19.1,84,0.6,421,0.0,0.0,0.0,No Holiday,3,Summer,535
09/06/2018,19.0,83,0.4,473,0.0,0.0,0.0,No Holiday,4,Summer,352
09/06/2018,19.0,85,0.4,467,0.0,0.0,0.0,No Holiday,5,Summer,262
09/06/2018,19.0,84,0.5,440,0.05,0.0,0.0,No Holiday,6,Summer,381
09/06/2018,20.2,73,1.1,708,0.41,0.0,0.0,No Holiday,7,Summer,616
09/06/2018,21.9,62,0.9,1071,1.03,0.0,0.0,No Holiday,8,Summer,963
09/06/2018,24.0,55,1.8,1411,1.81,0.0,0.0,No Holiday,9,Summer,1102
09/06/2018,25.8,49,1.3,1442,2.42,0.0,0.0,No Holiday,10,Summer,1156
09/06/2018,27.2,46,1.7,1301,2.88,0.0,0.0,No Holiday,11,Summer,1200
09/06/2018,28.2,42,1.4,1563,2.84,0.0,0.0,No Holiday,12,Summer,1462
09/06/2018,28.8,42,2.0,1438,2.38,0.0,0.0,No Holiday,13,Summer,1583
09/06/2018,30.1,35,1.4,1583,2.53,0.0,0.0,No Holiday,14,Summer,1744
09/06/2018,29.6,40,2.5,1546,1.96,0.0,0.0,No Holiday,15,Summer,1890
09/06/2018,28.7,40,2.5,1474,1.0,0.0,0.0,No Holiday,16,Summer,2297
09/06/2018,28.2,39,2.9,1653,0.7,0.0,0.0,No Holiday,17,Summer,2355
09/06/2018,27.3,42,1.2,2000,0.19,0.0,0.0,No Holiday,18,Summer,1934
09/06/2018,25.7,47,1.8,2000,0.04,0.0,0.0,No Holiday,19,Summer,1058
09/06/2018,23.7,62,1.6,1402,0.0,0.4,0.0,No Holiday,20,Summer,246
09/06/2018,22.4,72,1.5,1816,0.0,0.1,0.0,No Holiday,21,Summer,225
09/06/2018,21.0,75,1.3,2000,0.0,0.0,0.0,No Holiday,22,Summer,776
09/06/2018,20.7,66,1.6,2000,0.0,0.0,0.0,No Holiday,23,Summer,766
10/06/2018,20.2,66,1.5,2000,0.0,0.0,0.0,No Holiday,0,Summer,483
10/06/2018,19.7,71,1.2,1986,0.0,0.5,0.0,No Holiday,1,Summer,375
10/06/2018,19.2,69,1.3,2000,0.0,0.0,0.0,No Holiday,2,Summer,162
10/06/2018,18.6,78,0.8,1997,0.0,0.0,0.0,No Holiday,3,Summer,150
10/06/2018,18.3,72,1.7,2000,0.0,0.0,0.0,No Holiday,4,Summer,174
10/06/2018,18.4,70,1.4,2000,0.0,0.0,0.0,No Holiday,5,Summer,138
10/06/2018,18.3,71,0.9,2000,0.0,0.0,0.0,No Holiday,6,Summer,216
10/06/2018,18.4,68,0.6,2000,0.04,0.0,0.0,No Holiday,7,Summer,313
10/06/2018,19.0,65,2.0,2000,0.28,0.0,0.0,No Holiday,8,Summer,619
10/06/2018,19.2,65,1.4,2000,0.34,0.0,0.0,No Holiday,9,Summer,786
10/06/2018,20.2,62,1.8,2000,0.82,0.0,0.0,No Holiday,10,Summer,942
10/06/2018,21.3,56,1.5,1989,1.18,0.0,0.0,No Holiday,11,Summer,1074
10/06/2018,23.2,50,2.2,1988,2.45,0.0,0.0,No Holiday,12,Summer,1442
10/06/2018,24.2,48,1.2,1968,2.19,0.0,0.0,No Holiday,13,Summer,1752
10/06/2018,24.1,51,1.1,2000,1.58,0.0,0.0,No Holiday,14,Summer,1985
10/06/2018,24.8,49,1.2,2000,1.34,0.0,0.0,No Holiday,15,Summer,2182
10/06/2018,24.8,51,1.6,2000,1.17,0.0,0.0,No Holiday,16,Summer,2333
10/06/2018,24.6,52,1.3,2000,0.82,0.0,0.0,No Holiday,17,Summer,2431
10/06/2018,24.1,53,1.3,2000,0.48,0.0,0.0,No Holiday,18,Summer,2367
10/06/2018,23.4,55,1.0,2000,0.12,0.0,0.0,No Holiday,19,Summer,2267
10/06/2018,22.8,55,1.3,2000,0.01,0.0,0.0,No Holiday,20,Summer,2300
10/06/2018,22.1,55,1.5,2000,0.0,0.0,0.0,No Holiday,21,Summer,2026
10/06/2018,21.5,55,1.8,2000,0.0,0.0,0.0,No Holiday,22,Summer,1634
10/06/2018,20.9,56,1.5,2000,0.0,0.0,0.0,No Holiday,23,Summer,1191
11/06/2018,20.3,58,1.4,2000,0.0,0.0,0.0,No Holiday,0,Summer,918
11/06/2018,19.8,59,1.3,2000,0.0,0.0,0.0,No Holiday,1,Summer,555
11/06/2018,19.2,60,1.5,2000,0.0,0.0,0.0,No Holiday,2,Summer,353
11/06/2018,18.8,61,1.3,2000,0.0,0.0,0.0,No Holiday,3,Summer,232
11/06/2018,18.8,60,1.0,2000,0.0,0.0,0.0,No Holiday,4,Summer,194
11/06/2018,18.8,61,1.2,2000,0.0,0.0,0.0,No Holiday,5,Summer,324
11/06/2018,18.6,61,0.8,2000,0.03,0.0,0.0,No Holiday,6,Summer,807
11/06/2018,19.1,59,1.1,2000,0.38,0.0,0.0,No Holiday,7,Summer,1629
11/06/2018,20.7,55,1.5,2000,1.23,0.0,0.0,No Holiday,8,Summer,2375
11/06/2018,22.2,48,1.7,1889,1.77,0.0,0.0,No Holiday,9,Summer,1307
11/06/2018,23.7,47,1.3,2000,2.67,0.0,0.0,No Holiday,10,Summer,992
11/06/2018,23.2,52,1.4,2000,1.53,0.0,0.0,No Holiday,11,Summer,1107
11/06/2018,23.2,52,1.2,2000,0.82,0.0,0.0,No Holiday,12,Summer,1204
11/06/2018,23.7,49,1.2,2000,1.04,0.0,0.0,No Holiday,13,Summer,1033
11/06/2018,23.9,47,1.0,2000,0.97,0.0,0.0,No Holiday,14,Summer,1075
11/06/2018,22.2,60,1.3,1907,0.34,0.0,0.0,No Holiday,15,Summer,1240
11/06/2018,22.0,60,1.8,2000,0.14,0.0,0.0,No Holiday,16,Summer,1220
11/06/2018,20.7,72,3.4,2000,0.11,0.0,0.0,No Holiday,17,Summer,1475
11/06/2018,19.8,80,3.9,2000,0.12,0.0,0.0,No Holiday,18,Summer,1491
11/06/2018,19.4,85,1.2,1651,0.08,0.5,0.0,No Holiday,19,Summer,873
11/06/2018,19.1,84,1.7,2000,0.04,0.0,0.0,No Holiday,20,Summer,1280
11/06/2018,19.0,82,1.0,2000,0.0,0.0,0.0,No Holiday,21,Summer,1647
11/06/2018,19.0,76,0.1,2000,0.0,0.0,0.0,No Holiday,22,Summer,1117
11/06/2018,18.2,93,0.8,460,0.0,3.5,0.0,No Holiday,23,Summer,384
12/06/2018,18.0,94,0.7,1906,0.0,1.0,0.0,No Holiday,0,Summer,470
12/06/2018,17.7,92,0.9,1958,0.0,0.0,0.0,No Holiday,1,Summer,454
12/06/2018,17.7,87,1.2,2000,0.0,0.0,0.0,No Holiday,2,Summer,385
12/06/2018,17.5,87,0.5,1995,0.0,0.0,0.0,No Holiday,3,Summer,206
12/06/2018,17.5,84,0.8,2000,0.0,0.0,0.0,No Holiday,4,Summer,144
12/06/2018,17.2,87,0.6,2000,0.0,0.0,0.0,No Holiday,5,Summer,296
12/06/2018,16.7,85,1.0,2000,0.03,0.0,0.0,No Holiday,6,Summer,740
12/06/2018,17.1,77,1.5,1748,0.49,0.0,0.0,No Holiday,7,Summer,1573
12/06/2018,19.0,67,1.1,1976,1.29,0.0,0.0,No Holiday,8,Summer,2495
12/06/2018,21.1,60,0.9,1998,2.18,0.0,0.0,No Holiday,9,Summer,1317
12/06/2018,22.1,53,1.1,1999,2.28,0.0,0.0,No Holiday,10,Summer,971
12/06/2018,22.9,54,2.6,1959,2.56,0.0,0.0,No Holiday,11,Summer,1092
12/06/2018,24.0,51,1.8,2000,2.29,0.0,0.0,No Holiday,12,Summer,1202
12/06/2018,25.7,46,0.8,2000,3.18,0.0,0.0,No Holiday,13,Summer,1215
12/06/2018,25.6,45,2.2,1961,1.39,0.0,0.0,No Holiday,14,Summer,1246
12/06/2018,26.2,42,2.7,1977,1.59,0.0,0.0,No Holiday,15,Summer,1427
12/06/2018,26.2,47,3.8,1996,2.45,0.0,0.0,No Holiday,16,Summer,1714
12/06/2018,26.4,47,3.0,1976,1.76,0.0,0.0,No Holiday,17,Summer,2270
12/06/2018,24.9,53,3.6,2000,1.28,0.0,0.0,No Holiday,18,Summer,3404
12/06/2018,23.1,58,2.4,1997,0.59,0.0,0.0,No Holiday,19,Summer,2873
12/06/2018,21.6,62,3.3,2000,0.09,0.0,0.0,No Holiday,20,Summer,2579
12/06/2018,20.6,70,1.8,1986,0.0,0.0,0.0,No Holiday,21,Summer,2505
12/06/2018,20.0,70,1.0,2000,0.0,0.0,0.0,No Holiday,22,Summer,2309
12/06/2018,19.5,72,0.6,1989,0.0,0.0,0.0,No Holiday,23,Summer,1657
13/06/2018,19.3,76,1.2,1968,0.0,0.0,0.0,No Holiday,0,Summer,1274
13/06/2018,18.9,77,0.7,1987,0.0,0.0,0.0,No Holiday,1,Summer,1088
13/06/2018,18.4,75,0.6,1986,0.0,0.0,0.0,No Holiday,2,Summer,847
13/06/2018,18.5,73,1.0,1951,0.0,0.0,0.0,No Holiday,3,Summer,591
13/06/2018,18.7,74,0.9,1933,0.0,0.0,0.0,No Holiday,4,Summer,421
13/06/2018,18.6,76,0.4,1957,0.0,0.0,0.0,No Holiday,5,Summer,290
13/06/2018,18.7,75,0.9,1923,0.06,0.0,0.0,No Holiday,6,Summer,416
13/06/2018,19.4,69,0.3,1277,0.42,0.0,0.0,No Holiday,7,Summer,657
13/06/2018,20.7,65,1.5,1004,0.97,0.0,0.0,No Holiday,8,Summer,959
13/06/2018,22.6,59,1.6,1030,1.8,0.0,0.0,No Holiday,9,Summer,1111
13/06/2018,23.0,57,2.2,1145,1.1,0.0,0.0,No Holiday,10,Summer,1269
13/06/2018,24.5,51,1.5,1333,1.97,0.0,0.0,No Holiday,11,Summer,1478
13/06/2018,24.5,56,2.3,1094,1.74,0.0,0.0,No Holiday,12,Summer,1747
13/06/2018,24.9,52,1.8,1554,1.7,0.0,0.0,No Holiday,13,Summer,1834
13/06/2018,26.6,50,2.4,1119,2.95,0.0,0.0,No Holiday,14,Summer,2088
13/06/2018,25.5,50,2.2,1025,0.47,0.0,0.0,No Holiday,15,Summer,2288
13/06/2018,25.8,50,1.7,1152,0.66,0.0,0.0,No Holiday,16,Summer,2474
13/06/2018,25.6,57,3.3,919,0.87,0.0,0.0,No Holiday,17,Summer,2664
13/06/2018,23.4,63,3.6,1245,0.5,0.0,0.0,No Holiday,18,Summer,2479
13/06/2018,22.8,64,2.3,1444,0.45,0.0,0.0,No Holiday,19,Summer,2404
13/06/2018,22.1,65,1.3,1611,0.09,0.0,0.0,No Holiday,20,Summer,2276
13/06/2018,21.8,67,0.0,1485,0.0,0.0,0.0,No Holiday,21,Summer,2166
13/06/2018,21.6,66,1.2,1438,0.0,0.0,0.0,No Holiday,22,Summer,1934
13/06/2018,21.5,62,0.1,1827,0.0,0.0,0.0,No Holiday,23,Summer,1394
14/06/2018,21.1,69,0.5,1086,0.0,0.0,0.0,No Holiday,0,Summer,1047
14/06/2018,20.8,72,1.0,912,0.0,0.0,0.0,No Holiday,1,Summer,715
14/06/2018,20.8,73,0.8,829,0.0,0.0,0.0,No Holiday,2,Summer,453
14/06/2018,20.8,73,0.7,756,0.0,0.0,0.0,No Holiday,3,Summer,289
14/06/2018,21.0,72,0.8,677,0.0,0.0,0.0,No Holiday,4,Summer,193
14/06/2018,20.3,84,3.2,518,0.0,0.0,0.0,No Holiday,5,Summer,154
14/06/2018,19.5,95,1.4,179,0.0,1.5,0.0,No Holiday,6,Summer,100
14/06/2018,19.4,97,0.9,272,0.0,13.5,0.0,No Holiday,7,Summer,94
14/06/2018,18.9,97,1.2,492,0.06,11.5,0.0,No Holiday,8,Summer,187
14/06/2018,19.1,96,0.6,273,0.17,1.5,0.0,No Holiday,9,Summer,175
14/06/2018,19.7,94,1.1,497,0.61,1.0,0.0,No Holiday,10,Summer,532
14/06/2018,20.5,79,1.7,770,1.25,0.0,0.0,No Holiday,11,Summer,735
14/06/2018,21.2,75,0.7,876,1.07,0.0,0.0,No Holiday,12,Summer,945
14/06/2018,22.8,67,1.2,930,1.55,0.0,0.0,No Holiday,13,Summer,1056
14/06/2018,23.8,62,1.2,1282,1.91,0.0,0.0,No Holiday,14,Summer,1153
14/06/2018,24.6,57,1.8,1664,1.54,0.0,0.0,No Holiday,15,Summer,1292
14/06/2018,25.0,56,0.7,1723,1.27,0.0,0.0,No Holiday,16,Summer,1550
14/06/2018,24.6,57,1.0,1866,0.45,0.0,0.0,No Holiday,17,Summer,1934
14/06/2018,24.0,61,1.5,1935,0.26,0.0,0.0,No Holiday,18,Summer,2962
14/06/2018,23.6,63,0.6,1956,0.19,0.0,0.0,No Holiday,19,Summer,1856
14/06/2018,22.6,74,1.2,1594,0.01,0.0,0.0,No Holiday,20,Summer,1557
14/06/2018,22.2,72,1.0,1786,0.0,0.0,0.0,No Holiday,21,Summer,1807
14/06/2018,21.8,72,1.0,1952,0.0,0.0,0.0,No Holiday,22,Summer,1737
14/06/2018,21.6,68,0.8,2000,0.0,0.0,0.0,No Holiday,23,Summer,1295
15/06/2018,21.0,70,0.9,2000,0.0,0.0,0.0,No Holiday,0,Summer,986
15/06/2018,20.6,65,1.2,2000,0.0,0.0,0.0,No Holiday,1,Summer,717
15/06/2018,20.1,67,1.1,2000,0.0,0.1,0.0,No Holiday,2,Summer,403
15/06/2018,18.8,93,1.0,419,0.0,5.4,0.0,No Holiday,3,Summer,154
15/06/2018,18.0,93,1.6,627,0.0,10.5,0.0,No Holiday,4,Summer,72
15/06/2018,17.4,86,1.1,1820,0.0,0.5,0.0,No Holiday,5,Summer,161
15/06/2018,17.2,83,1.3,2000,0.07,0.0,0.0,No Holiday,6,Summer,609
15/06/2018,18.2,75,1.4,2000,0.56,0.0,0.0,No Holiday,7,Summer,1467
15/06/2018,18.7,71,1.1,1992,0.61,0.0,0.0,No Holiday,8,Summer,2328
15/06/2018,20.1,65,1.4,2000,0.93,0.0,0.0,No Holiday,9,Summer,1170
15/06/2018,22.0,56,1.5,1989,1.91,0.0,0.0,No Holiday,10,Summer,1004
15/06/2018,22.9,57,1.4,1918,2.24,0.0,0.0,No Holiday,11,Summer,1118
15/06/2018,24.4,50,1.6,2000,3.07,0.0,0.0,No Holiday,12,Summer,1193
15/06/2018,25.3,48,1.8,1935,3.42,0.0,0.0,No Holiday,13,Summer,1035
15/06/2018,26.4,43,2.1,1944,3.23,0.0,0.0,No Holiday,14,Summer,1027
15/06/2018,26.7,40,1.6,1995,2.42,0.0,0.0,No Holiday,15,Summer,1461
15/06/2018,26.5,45,1.6,2000,1.91,0.0,0.0,No Holiday,16,Summer,1726
15/06/2018,26.1,45,1.4,2000,1.26,0.0,0.0,No Holiday,17,Summer,2460
15/06/2018,25.9,44,1.5,2000,1.36,0.0,0.0,No Holiday,18,Summer,2891
15/06/2018,24.3,48,1.5,2000,0.59,0.0,0.0,No Holiday,19,Summer,2984
15/06/2018,22.6,51,1.3,2000,0.06,0.0,0.0,No Holiday,20,Summer,2441
15/06/2018,21.4,54,1.5,2000,0.0,0.0,0.0,No Holiday,21,Summer,2337
15/06/2018,20.4,54,1.4,2000,0.0,0.0,0.0,No Holiday,22,Summer,2155
15/06/2018,19.6,55,1.4,2000,0.0,0.0,0.0,No Holiday,23,Summer,1593
16/06/2018,19.0,57,1.6,2000,0.0,0.0,0.0,No Holiday,0,Summer,1217
16/06/2018,18.4,59,1.3,2000,0.0,0.0,0.0,No Holiday,1,Summer,1056
16/06/2018,17.9,60,0.8,2000,0.0,0.0,0.0,No Holiday,2,Summer,764
16/06/2018,17.4,61,1.2,2000,0.0,0.0,0.0,No Holiday,3,Summer,518
16/06/2018,16.9,63,1.0,2000,0.0,0.0,0.0,No Holiday,4,Summer,317
16/06/2018,16.6,65,1.2,2000,0.0,0.0,0.0,No Holiday,5,Summer,277
16/06/2018,16.3,66,0.7,2000,0.05,0.0,0.0,No Holiday,6,Summer,381
16/06/2018,17.0,60,1.1,1993,0.47,0.0,0.0,No Holiday,7,Summer,583
16/06/2018,18.7,57,1.0,1956,1.05,0.0,0.0,No Holiday,8,Summer,892
16/06/2018,20.4,54,1.5,2000,1.88,0.0,0.0,No Holiday,9,Summer,1144
16/06/2018,21.8,46,0.9,1927,2.46,0.0,0.0,No Holiday,10,Summer,1166
16/06/2018,23.4,46,1.6,1954,2.96,0.0,0.0,No Holiday,11,Summer,1330
16/06/2018,24.8,43,1.2,1943,3.27,0.0,0.0,No Holiday,12,Summer,1525
16/06/2018,26.2,37,1.2,1936,3.36,0.0,0.0,No Holiday,13,Summer,1704
16/06/2018,27.1,40,1.8,1779,3.26,0.0,0.0,No Holiday,14,Summer,1783
16/06/2018,27.8,41,1.6,1851,2.89,0.0,0.0,No Holiday,15,Summer,1861
16/06/2018,28.3,41,2.6,1852,2.58,0.0,0.0,No Holiday,16,Summer,1991
16/06/2018,28.4,43,2.0,1806,1.93,0.0,0.0,No Holiday,17,Summer,2383
16/06/2018,28.0,46,2.3,1833,1.23,0.0,0.0,No Holiday,18,Summer,2451
16/06/2018,27.2,48,1.4,1994,0.57,0.0,0.0,No Holiday,19,Summer,2475
16/06/2018,25.0,60,2.4,1773,0.1,0.0,0.0,No Holiday,20,Summer,2497
16/06/2018,23.7,64,1.7,1707,0.0,0.0,0.0,No Holiday,21,Summer,2435
16/06/2018,22.8,69,1.7,1656,0.0,0.0,0.0,No Holiday,22,Summer,1995
16/06/2018,22.1,73,1.6,1180,0.0,0.0,0.0,No Holiday,23,Summer,1615
17/06/2018,21.5,76,1.4,1015,0.0,0.0,0.0,No Holiday,0,Summer,1394
17/06/2018,20.9,79,2.0,932,0.0,0.0,0.0,No Holiday,1,Summer,929
17/06/2018,20.5,76,1.1,994,0.0,0.0,0.0,No Holiday,2,Summer,755
17/06/2018,19.9,80,1.6,741,0.0,0.0,0.0,No Holiday,3,Summer,491
17/06/2018,19.4,82,0.9,531,0.0,0.0,0.0,No Holiday,4,Summer,304
17/06/2018,19.0,85,0.8,567,0.0,0.0,0.0,No Holiday,5,Summer,238
17/06/2018,18.9,83,0.3,576,0.05,0.0,0.0,No Holiday,6,Summer,324
17/06/2018,19.6,75,0.9,884,0.42,0.0,0.0,No Holiday,7,Summer,475
17/06/2018,21.1,70,0.3,766,0.9,0.0,0.0,No Holiday,8,Summer,715
17/06/2018,22.5,66,1.2,605,0.97,0.0,0.0,No Holiday,9,Summer,944
17/06/2018,23.0,66,1.1,516,0.83,0.0,0.0,No Holiday,10,Summer,953
17/06/2018,23.6,63,0.7,523,0.93,0.0,0.0,No Holiday,11,Summer,1146
17/06/2018,24.8,56,0.9,530,1.57,0.0,0.0,No Holiday,12,Summer,1422
17/06/2018,25.7,52,1.1,639,1.81,0.0,0.0,No Holiday,13,Summer,1563
17/06/2018,26.8,44,1.6,760,2.01,0.0,0.0,No Holiday,14,Summer,1709
17/06/2018,27.3,51,2.6,598,2.4,0.0,0.0,No Holiday,15,Summer,1979
17/06/2018,26.6,51,2.2,809,1.27,0.0,0.0,No Holiday,16,Summer,2235
17/06/2018,25.6,58,3.3,865,0.66,0.0,0.0,No Holiday,17,Summer,2330
17/06/2018,25.0,59,3.4,1324,0.54,0.0,0.0,No Holiday,18,Summer,2474
17/06/2018,24.2,62,1.9,1225,0.39,0.0,0.0,No Holiday,19,Summer,2481
17/06/2018,23.1,67,2.1,1060,0.03,0.0,0.0,No Holiday,20,Summer,2429
17/06/2018,22.7,66,0.9,1069,0.0,0.0,0.0,No Holiday,21,Summer,2055
17/06/2018,22.2,70,0.5,1056,0.0,0.0,0.0,No Holiday,22,Summer,1819
17/06/2018,21.7,74,1.4,920,0.0,0.0,0.0,No Holiday,23,Summer,1323
18/06/2018,21.3,74,1.4,963,0.0,0.0,0.0,No Holiday,0,Summer,917
18/06/2018,21.0,74,0.5,990,0.0,0.0,0.0,No Holiday,1,Summer,547
18/06/2018,20.7,76,0.3,920,0.0,0.0,0.0,No Holiday,2,Summer,436
18/06/2018,20.5,77,0.5,865,0.0,0.0,0.0,No Holiday,3,Summer,202
18/06/2018,20.2,78,0.7,884,0.0,0.0,0.0,No Holiday,4,Summer,164
18/06/2018,20.0,80,0.3,824,0.0,0.0,0.0,No Holiday,5,Summer,383
18/06/2018,20.0,78,0.4,752,0.05,0.0,0.0,No Holiday,6,Summer,779
18/06/2018,20.6,76,0.5,786,0.3,0.0,0.0,No Holiday,7,Summer,1590
18/06/2018,22.7,65,0.7,759,1.05,0.0,0.0,No Holiday,8,Summer,2357
18/06/2018,24.7,59,1.1,616,1.8,0.0,0.0,No Holiday,9,Summer,1263
18/06/2018,26.1,53,0.9,554,2.14,0.0,0.0,No Holiday,10,Summer,822
18/06/2018,27.3,45,2.4,846,2.84,0.0,0.0,No Holiday,11,Summer,915
18/06/2018,28.4,45,2.2,649,2.92,0.0,0.0,No Holiday,12,Summer,988
18/06/2018,29.4,42,1.7,689,3.1,0.0,0.0,No Holiday,13,Summer,938
18/06/2018,29.8,36,2.0,1382,2.63,0.0,0.0,No Holiday,14,Summer,997
18/06/2018,30.5,34,2.8,1590,2.87,0.0,0.0,No Holiday,15,Summer,1177
18/06/2018,30.5,34,2.9,1830,2.51,0.0,0.0,No Holiday,16,Summer,1401
18/06/2018,29.5,36,3.7,1786,1.94,0.0,0.0,No Holiday,17,Summer,2040
18/06/2018,29.2,35,2.7,1900,1.27,0.0,0.0,No Holiday,18,Summer,746
18/06/2018,28.1,38,2.6,2000,0.63,0.0,0.0,No Holiday,19,Summer,1557
18/06/2018,25.7,43,2.1,2000,0.12,0.0,0.0,No Holiday,20,Summer,2515
18/06/2018,23.8,48,2.0,2000,0.0,0.0,0.0,No Holiday,21,Summer,1702
18/06/2018,22.9,56,1.3,1927,0.0,0.0,0.0,No Holiday,22,Summer,1373
18/06/2018,22.3,59,1.1,1892,0.0,0.0,0.0,No Holiday,23,Summer,1732
19/06/2018,21.5,63,1.0,1740,0.0,0.0,0.0,No Holiday,0,Summer,1055
19/06/2018,20.9,66,0.8,1528,0.0,0.0,0.0,No Holiday,1,Summer,766
19/06/2018,20.2,71,1.2,1414,0.0,0.0,0.0,No Holiday,2,Summer,527
19/06/2018,19.9,69,1.4,1179,0.0,0.0,0.0,No Holiday,3,Summer,369
19/06/2018,19.7,73,1.6,848,0.0,0.0,0.0,No Holiday,4,Summer,268
19/06/2018,19.4,77,0.8,831,0.0,0.0,0.0,No Holiday,5,Summer,317
19/06/2018,19.1,75,0.4,1039,0.08,0.0,0.0,No Holiday,6,Summer,746
19/06/2018,19.9,72,0.6,840,0.32,0.0,0.0,No Holiday,7,Summer,1616
19/06/2018,21.1,66,1.0,797,0.62,0.0,0.0,No Holiday,8,Summer,2430
19/06/2018,22.4,62,0.9,761,0.93,0.0,0.0,No Holiday,9,Summer,1381
19/06/2018,23.7,56,1.6,1074,1.34,0.0,0.0,No Holiday,10,Summer,937
19/06/2018,24.6,53,1.4,1472,1.67,0.0,0.0,No Holiday,11,Summer,1014
19/06/2018,25.8,48,1.5,1487,2.31,0.0,0.0,No Holiday,12,Summer,1224
19/06/2018,26.6,46,2.9,1482,2.31,0.0,0.0,No Holiday,13,Summer,1230
19/06/2018,27.2,44,2.9,1377,2.59,0.0,0.0,No Holiday,14,Summer,1258
19/06/2018,26.7,42,2.6,1634,1.89,0.0,0.0,No Holiday,15,Summer,1363
19/06/2018,26.1,46,3.0,1728,1.55,0.0,0.0,No Holiday,16,Summer,1700
19/06/2018,25.1,51,2.4,1714,1.15,0.0,0.0,No Holiday,17,Summer,2328
19/06/2018,24.1,57,2.9,1301,0.56,0.0,0.0,No Holiday,18,Summer,3556
19/06/2018,23.3,59,2.6,1214,0.28,0.0,0.0,No Holiday,19,Summer,2809
19/06/2018,22.4,62,2.2,1041,0.05,0.0,0.0,No Holiday,20,Summer,2525
19/06/2018,21.6,66,2.4,962,0.0,0.0,0.0,No Holiday,21,Summer,2378
19/06/2018,20.8,71,2.1,800,0.0,0.0,0.0,No Holiday,22,Summer,2096
19/06/2018,20.1,73,1.9,771,0.0,0.0,0.0,No Holiday,23,Summer,1456
20/06/2018,19.7,71,2.0,1330,0.0,0.0,0.0,No Holiday,0,Summer,1030
20/06/2018,19.6,73,1.4,958,0.0,0.0,0.0,No Holiday,1,Summer,803
20/06/2018,19.6,78,0.8,662,0.0,0.0,0.0,No Holiday,2,Summer,576
20/06/2018,19.4,79,0.8,563,0.0,0.0,0.0,No Holiday,3,Summer,340
20/06/2018,19.1,82,1.5,471,0.0,0.0,0.0,No Holiday,4,Summer,249
20/06/2018,19.1,83,2.0,457,0.0,0.0,0.0,No Holiday,5,Summer,336
20/06/2018,19.4,83,1.6,448,0.03,0.0,0.0,No Holiday,6,Summer,714
20/06/2018,20.0,77,1.7,595,0.29,0.0,0.0,No Holiday,7,Summer,1629
20/06/2018,20.6,77,1.2,566,0.53,0.0,0.0,No Holiday,8,Summer,2440
20/06/2018,21.1,73,2.0,623,0.43,0.0,0.0,No Holiday,9,Summer,1401
20/06/2018,22.2,70,3.1,740,1.44,0.0,0.0,No Holiday,10,Summer,1002
20/06/2018,23.7,56,2.4,1070,2.33,0.0,0.0,No Holiday,11,Summer,1100
20/06/2018,25.2,53,3.3,976,3.38,0.0,0.0,No Holiday,12,Summer,1252
20/06/2018,26.2,51,3.2,1078,3.36,0.0,0.0,No Holiday,13,Summer,1184
20/06/2018,27.5,47,2.7,990,3.24,0.0,0.0,No Holiday,14,Summer,1158
20/06/2018,27.9,45,3.6,1558,3.04,0.0,0.0,No Holiday,15,Summer,1266
20/06/2018,28.2,48,3.9,1103,2.55,0.0,0.0,No Holiday,16,Summer,1600
20/06/2018,28.0,50,3.2,1137,1.93,0.0,0.0,No Holiday,17,Summer,2289
20/06/2018,27.0,55,3.1,1246,1.26,0.0,0.0,No Holiday,18,Summer,3384
20/06/2018,25.6,61,2.7,1236,0.6,0.0,0.0,No Holiday,19,Summer,2741
20/06/2018,23.3,68,3.6,895,0.11,0.0,0.0,No Holiday,20,Summer,2519
20/06/2018,21.6,74,3.3,758,0.0,0.0,0.0,No Holiday,21,Summer,2246
20/06/2018,20.6,78,3.0,684,0.0,0.0,0.0,No Holiday,22,Summer,1979
20/06/2018,20.1,82,3.6,494,0.0,0.0,0.0,No Holiday,23,Summer,1401
21/06/2018,20.0,83,2.6,547,0.0,0.0,0.0,No Holiday,0,Summer,1083
21/06/2018,20.1,82,1.2,582,0.0,0.0,0.0,No Holiday,1,Summer,794
21/06/2018,20.2,82,0.9,575,0.0,0.0,0.0,No Holiday,2,Summer,539
21/06/2018,20.0,83,1.7,607,0.0,0.0,0.0,No Holiday,3,Summer,394
21/06/2018,19.6,87,1.2,465,0.0,0.0,0.0,No Holiday,4,Summer,215
21/06/2018,19.4,82,2.1,677,0.0,0.0,0.0,No Holiday,5,Summer,308
21/06/2018,19.5,80,1.6,709,0.04,0.0,0.0,No Holiday,6,Summer,709
21/06/2018,19.9,74,1.7,683,0.21,0.0,0.0,No Holiday,7,Summer,1543
21/06/2018,21.4,65,1.9,821,1.15,0.0,0.0,No Holiday,8,Summer,2370
21/06/2018,22.7,59,2.0,940,1.77,0.0,0.0,No Holiday,9,Summer,1360
21/06/2018,23.9,57,2.1,977,2.54,0.0,0.0,No Holiday,10,Summer,922
21/06/2018,25.5,57,1.8,943,3.01,0.0,0.0,No Holiday,11,Summer,1066
21/06/2018,26.4,46,1.4,1103,3.26,0.0,0.0,No Holiday,12,Summer,1197
21/06/2018,27.3,33,3.4,1921,3.42,0.0,0.0,No Holiday,13,Summer,1147
21/06/2018,28.0,39,2.6,1833,3.14,0.0,0.0,No Holiday,14,Summer,1152
21/06/2018,28.3,40,3.2,1619,2.96,0.0,0.0,No Holiday,15,Summer,1276
21/06/2018,28.5,42,3.1,1622,2.62,0.0,0.0,No Holiday,16,Summer,1473
21/06/2018,28.4,43,3.3,1715,2.04,0.0,0.0,No Holiday,17,Summer,2176
21/06/2018,27.8,43,3.0,1933,1.35,0.0,0.0,No Holiday,18,Summer,3418
21/06/2018,26.9,42,2.4,2000,0.62,0.0,0.0,No Holiday,19,Summer,2811
21/06/2018,25.1,55,2.3,1779,0.08,0.0,0.0,No Holiday,20,Summer,2556
21/06/2018,23.8,63,1.5,1455,0.0,0.0,0.0,No Holiday,21,Summer,2436
21/06/2018,22.8,67,2.1,1042,0.0,0.0,0.0,No Holiday,22,Summer,2179
21/06/2018,21.9,59,2.6,1188,0.0,0.0,0.0,No Holiday,23,Summer,1497
22/06/2018,20.7,67,1.9,885,0.0,0.0,0.0,No Holiday,0,Summer,1137
22/06/2018,20.2,75,1.4,525,0.0,0.0,0.0,No Holiday,1,Summer,912
22/06/2018,19.8,80,1.5,370,0.0,0.0,0.0,No Holiday,2,Summer,602
22/06/2018,19.3,85,1.6,345,0.0,0.0,0.0,No Holiday,3,Summer,413
22/06/2018,19.1,86,1.4,322,0.0,0.0,0.0,No Holiday,4,Summer,268
22/06/2018,18.6,85,1.0,384,0.0,0.0,0.0,No Holiday,5,Summer,336
22/06/2018,18.2,83,0.6,448,0.06,0.0,0.0,No Holiday,6,Summer,710
22/06/2018,18.8,66,1.1,814,0.46,0.0,0.0,No Holiday,7,Summer,1529
22/06/2018,21.9,58,1.2,771,1.29,0.0,0.0,No Holiday,8,Summer,2283
22/06/2018,24.2,47,1.2,822,1.94,0.0,0.0,No Holiday,9,Summer,1284
22/06/2018,26.3,34,0.9,1792,2.57,0.0,0.0,No Holiday,10,Summer,902
22/06/2018,28.1,35,1.3,1608,3.02,0.0,0.0,No Holiday,11,Summer,1020
22/06/2018,29.8,28,1.3,1777,3.21,0.0,0.0,No Holiday,12,Summer,1116
22/06/2018,30.6,26,1.2,1792,3.17,0.0,0.0,No Holiday,13,Summer,1073
22/06/2018,31.6,25,2.3,1780,3.21,0.0,0.0,No Holiday,14,Summer,1087
22/06/2018,31.9,23,1.8,1977,2.57,0.0,0.0,No Holiday,15,Summer,1203
22/06/2018,30.8,31,3.8,1246,2.17,0.0,0.0,No Holiday,16,Summer,1466
22/06/2018,30.4,28,2.9,1834,1.9,0.0,0.0,No Holiday,17,Summer,2146
22/06/2018,29.3,27,3.4,1977,1.24,0.0,0.0,No Holiday,18,Summer,3365
22/06/2018,27.1,32,3.5,2000,0.52,0.0,0.0,No Holiday,19,Summer,2732
22/06/2018,25.4,31,2.5,2000,0.07,0.0,0.0,No Holiday,20,Summer,2493
22/06/2018,24.2,32,1.5,2000,0.0,0.0,0.0,No Holiday,21,Summer,2251
22/06/2018,23.3,32,1.1,2000,0.0,0.0,0.0,No Holiday,22,Summer,2103
22/06/2018,22.9,34,1.1,1810,0.0,0.0,0.0,No Holiday,23,Summer,1648
23/06/2018,22.7,36,1.5,2000,0.0,0.0,0.0,No Holiday,0,Summer,1322
23/06/2018,22.5,39,1.1,2000,0.0,0.0,0.0,No Holiday,1,Summer,1073
23/06/2018,22.3,37,1.8,2000,0.0,0.0,0.0,No Holiday,2,Summer,818
23/06/2018,22.0,42,0.2,1891,0.0,0.0,0.0,No Holiday,3,Summer,540
23/06/2018,21.6,47,0.4,1985,0.0,0.0,0.0,No Holiday,4,Summer,375
23/06/2018,21.1,48,0.3,2000,0.0,0.0,0.0,No Holiday,5,Summer,339
23/06/2018,21.0,48,0.6,2000,0.01,0.0,0.0,No Holiday,6,Summer,417
23/06/2018,21.3,44,0.5,1911,0.2,0.0,0.0,No Holiday,7,Summer,622
23/06/2018,22.6,42,0.7,1887,0.62,0.0,0.0,No Holiday,8,Summer,934
23/06/2018,24.3,37,1.1,1939,1.31,0.0,0.0,No Holiday,9,Summer,1072
23/06/2018,25.8,35,1.5,1900,1.66,0.0,0.0,No Holiday,10,Summer,1064
23/06/2018,27.5,31,1.9,1841,2.7,0.0,0.0,No Holiday,11,Summer,1229
23/06/2018,28.4,31,2.7,1849,2.93,0.0,0.0,No Holiday,12,Summer,1374
23/06/2018,27.9,41,3.9,1649,2.08,0.0,0.0,No Holiday,13,Summer,1483
23/06/2018,28.0,46,3.6,1401,2.88,0.0,0.0,No Holiday,14,Summer,1445
23/06/2018,28.4,43,3.1,1337,2.65,0.0,0.0,No Holiday,15,Summer,1589
23/06/2018,28.3,48,3.1,1232,2.41,0.0,0.0,No Holiday,16,Summer,1837
23/06/2018,28.1,49,3.2,1117,1.62,0.0,0.0,No Holiday,17,Summer,2101
23/06/2018,26.3,55,3.2,1119,0.64,0.0,0.0,No Holiday,18,Summer,2256
23/06/2018,25.7,59,2.8,1083,0.38,0.0,0.0,No Holiday,19,Summer,2288
23/06/2018,24.6,65,2.1,1018,0.1,0.0,0.0,No Holiday,20,Summer,2262
23/06/2018,23.8,68,2.2,694,0.0,0.0,0.0,No Holiday,21,Summer,2175
23/06/2018,23.0,74,2.4,473,0.0,0.0,0.0,No Holiday,22,Summer,1932
23/06/2018,22.5,77,2.7,396,0.0,0.0,0.0,No Holiday,23,Summer,1402
24/06/2018,22.0,81,1.6,374,0.0,0.0,0.0,No Holiday,0,Summer,849
24/06/2018,21.5,83,1.3,345,0.0,0.0,0.0,No Holiday,1,Summer,545
24/06/2018,20.9,87,1.8,222,0.0,0.0,0.0,No Holiday,2,Summer,1254
24/06/2018,20.6,91,0.8,194,0.0,0.0,0.0,No Holiday,3,Summer,644
24/06/2018,20.5,90,0.8,223,0.0,0.0,0.0,No Holiday,4,Summer,286
24/06/2018,20.3,87,1.0,251,0.0,0.0,0.0,No Holiday,5,Summer,235
24/06/2018,20.2,87,2.0,255,0.01,0.0,0.0,No Holiday,6,Summer,258
24/06/2018,20.5,82,0.8,338,0.16,0.0,0.0,No Holiday,7,Summer,369
24/06/2018,21.3,78,0.7,351,0.51,0.0,0.0,No Holiday,8,Summer,561
24/06/2018,23.1,68,1.9,482,1.64,0.0,0.0,No Holiday,9,Summer,734
24/06/2018,25.0,60,1.5,570,2.33,0.0,0.0,No Holiday,10,Summer,763
24/06/2018,27.1,52,2.1,557,2.82,0.0,0.0,No Holiday,11,Summer,870
24/06/2018,28.9,40,2.3,809,3.15,0.0,0.0,No Holiday,12,Summer,1042
24/06/2018,30.6,31,2.7,1240,3.24,0.0,0.0,No Holiday,13,Summer,1062
24/06/2018,31.6,34,2.9,1050,3.12,0.0,0.0,No Holiday,14,Summer,1064
24/06/2018,31.8,31,3.4,1400,2.85,0.0,0.0,No Holiday,15,Summer,1213
24/06/2018,31.3,32,3.2,1427,2.38,0.0,0.0,No Holiday,16,Summer,1471
24/06/2018,30.9,34,2.5,1640,1.79,0.0,0.0,No Holiday,17,Summer,1754
24/06/2018,29.8,35,3.3,1805,1.15,0.0,0.0,No Holiday,18,Summer,2094
24/06/2018,27.8,41,2.7,1990,0.45,0.0,0.0,No Holiday,19,Summer,2290
24/06/2018,26.1,49,1.9,1960,0.1,0.0,0.0,No Holiday,20,Summer,2387
24/06/2018,24.5,71,1.7,1295,0.0,0.0,0.0,No Holiday,21,Summer,2153
24/06/2018,23.9,72,0.8,1098,0.0,0.0,0.0,No Holiday,22,Summer,1801
24/06/2018,23.3,75,2.0,890,0.0,0.0,0.0,No Holiday,23,Summer,1329
25/06/2018,22.9,79,0.6,715,0.0,0.0,0.0,No Holiday,0,Summer,962
25/06/2018,22.5,80,1.1,619,0.0,0.0,0.0,No Holiday,1,Summer,585
25/06/2018,22.3,80,0.8,709,0.0,0.0,0.0,No Holiday,2,Summer,424
25/06/2018,22.0,83,0.5,684,0.0,0.0,0.0,No Holiday,3,Summer,264
25/06/2018,21.8,82,0.7,702,0.0,0.0,0.0,No Holiday,4,Summer,199
25/06/2018,21.5,84,0.3,569,0.0,0.0,0.0,No Holiday,5,Summer,338
25/06/2018,21.3,81,0.7,604,0.05,0.0,0.0,No Holiday,6,Summer,785
25/06/2018,22.1,74,0.3,830,0.37,0.0,0.0,No Holiday,7,Summer,1620
25/06/2018,23.8,66,0.9,960,0.74,0.0,0.0,No Holiday,8,Summer,2331
25/06/2018,25.4,61,1.0,1079,1.28,0.0,0.0,No Holiday,9,Summer,1293
25/06/2018,26.4,55,0.9,901,1.16,0.0,0.0,No Holiday,10,Summer,878
25/06/2018,27.8,46,1.3,912,1.77,0.0,0.0,No Holiday,11,Summer,968
25/06/2018,29.8,42,2.1,1220,2.9,0.0,0.0,No Holiday,12,Summer,1039
25/06/2018,31.2,36,2.0,1022,2.91,0.0,0.0,No Holiday,13,Summer,1073
25/06/2018,32.3,35,1.8,982,2.71,0.0,0.0,No Holiday,14,Summer,1016
25/06/2018,32.7,31,1.7,1243,2.3,0.0,0.0,No Holiday,15,Summer,1184
25/06/2018,32.2,39,2.8,928,1.74,0.0,0.0,No Holiday,16,Summer,1407
25/06/2018,31.5,42,2.3,990,1.36,0.0,0.0,No Holiday,17,Summer,2008
25/06/2018,30.7,43,1.6,931,0.74,0.0,0.0,No Holiday,18,Summer,3238
25/06/2018,29.8,45,1.5,956,0.32,0.0,0.0,No Holiday,19,Summer,2779
25/06/2018,28.8,54,1.1,964,0.09,0.0,0.0,No Holiday,20,Summer,2456
25/06/2018,27.9,55,0.5,1083,0.0,0.0,0.0,No Holiday,21,Summer,2372
25/06/2018,27.4,55,0.3,1001,0.0,0.0,0.0,No Holiday,22,Summer,2046
25/06/2018,27.2,55,0.7,920,0.0,0.0,0.0,No Holiday,23,Summer,1437
26/06/2018,26.9,61,1.5,805,0.0,0.0,0.0,No Holiday,0,Summer,1052
26/06/2018,26.7,50,1.8,884,0.0,0.0,0.0,No Holiday,1,Summer,783
26/06/2018,26.1,51,1.7,760,0.0,0.0,0.0,No Holiday,2,Summer,524
26/06/2018,25.4,50,1.1,870,0.0,0.0,0.0,No Holiday,3,Summer,353
26/06/2018,24.7,49,1.0,1293,0.0,0.0,0.0,No Holiday,4,Summer,143
26/06/2018,23.7,64,0.9,876,0.0,0.1,0.0,No Holiday,5,Summer,45
26/06/2018,22.5,83,0.8,537,0.0,0.4,0.0,No Holiday,6,Summer,37
26/06/2018,21.2,87,0.8,376,0.03,1.5,0.0,No Holiday,7,Summer,49
26/06/2018,20.8,94,1.0,159,0.05,3.5,0.0,No Holiday,8,Summer,53
26/06/2018,20.3,96,1.1,143,0.06,6.5,0.0,No Holiday,9,Summer,19
26/06/2018,20.3,97,1.0,103,0.12,9.5,0.0,No Holiday,10,Summer,9
26/06/2018,20.4,97,1.4,129,0.09,16.0,0.0,No Holiday,11,Summer,11
26/06/2018,20.5,97,1.8,257,0.15,5.0,0.0,No Holiday,12,Summer,10
26/06/2018,20.5,97,1.2,338,0.11,14.5,0.0,No Holiday,13,Summer,24
26/06/2018,21.0,97,0.7,381,0.26,2.5,0.0,No Holiday,14,Summer,26
26/06/2018,21.5,97,0.6,311,0.21,4.5,0.0,No Holiday,15,Summer,65
26/06/2018,23.3,96,3.4,441,0.08,1.0,0.0,No Holiday,16,Summer,56
26/06/2018,24.0,95,5.0,362,0.07,2.0,0.0,No Holiday,17,Summer,113
26/06/2018,24.1,95,4.4,261,0.03,1.0,0.0,No Holiday,18,Summer,156
26/06/2018,24.2,94,4.7,242,0.03,1.5,0.0,No Holiday,19,Summer,203
26/06/2018,24.1,94,4.5,214,0.0,0.5,0.0,No Holiday,20,Summer,199
26/06/2018,23.5,94,4.6,227,0.0,1.5,0.0,No Holiday,21,Summer,275
26/06/2018,22.4,95,4.1,222,0.0,0.0,0.0,No Holiday,22,Summer,443
26/06/2018,21.6,89,4.3,698,0.0,0.0,0.0,No Holiday,23,Summer,552
27/06/2018,20.5,94,3.7,896,0.0,0.0,0.0,No Holiday,0,Summer,513
27/06/2018,20.0,96,3.0,182,0.0,0.1,0.0,No Holiday,1,Summer,254
27/06/2018,19.6,97,2.6,201,0.0,0.4,0.0,No Holiday,2,Summer,164
27/06/2018,19.4,97,2.9,282,0.0,0.0,0.0,No Holiday,3,Summer,152
27/06/2018,19.2,97,1.0,217,0.0,0.5,0.0,No Holiday,4,Summer,110
27/06/2018,19.1,97,1.2,402,0.0,0.0,0.0,No Holiday,5,Summer,162
27/06/2018,19.2,97,1.5,157,0.0,0.0,0.0,No Holiday,6,Summer,417
27/06/2018,19.3,98,1.0,188,0.06,0.0,0.0,No Holiday,7,Summer,1084
27/06/2018,19.7,97,1.5,200,0.25,0.0,0.0,No Holiday,8,Summer,1995
27/06/2018,20.0,96,1.6,287,0.39,0.0,0.0,No Holiday,9,Summer,1238
27/06/2018,21.4,85,1.1,596,1.34,0.0,0.0,No Holiday,10,Summer,862
27/06/2018,23.4,73,1.3,827,2.38,0.0,0.0,No Holiday,11,Summer,1015
27/06/2018,24.1,73,2.2,992,2.15,0.0,0.0,No Holiday,12,Summer,1145
27/06/2018,24.9,69,2.2,850,2.14,0.0,0.0,No Holiday,13,Summer,1234
27/06/2018,24.7,72,2.9,720,1.45,0.0,0.0,No Holiday,14,Summer,1243
27/06/2018,25.5,68,2.4,638,1.61,0.0,0.0,No Holiday,15,Summer,1362
27/06/2018,25.0,74,2.2,578,0.52,0.0,0.0,No Holiday,16,Summer,1618
27/06/2018,25.1,70,2.2,796,0.48,0.0,0.0,No Holiday,17,Summer,2115
27/06/2018,25.0,69,1.5,1125,0.52,0.0,0.0,No Holiday,18,Summer,3172
27/06/2018,24.9,70,1.8,1131,0.24,0.0,0.0,No Holiday,19,Summer,2487
27/06/2018,24.2,72,1.4,833,0.03,0.0,0.0,No Holiday,20,Summer,2274
27/06/2018,23.3,71,1.3,1145,0.0,0.0,0.0,No Holiday,21,Summer,2200
27/06/2018,22.7,77,2.0,1099,0.0,0.0,0.0,No Holiday,22,Summer,1959
27/06/2018,22.3,83,2.6,490,0.0,0.0,0.0,No Holiday,23,Summer,980
28/06/2018,22.2,84,1.1,482,0.0,0.0,0.0,No Holiday,0,Summer,561
28/06/2018,22.2,84,0.3,610,0.0,0.0,0.0,No Holiday,1,Summer,1068
28/06/2018,22.4,84,0.6,667,0.0,0.0,0.0,No Holiday,2,Summer,652
28/06/2018,22.4,86,0.6,618,0.0,0.0,0.0,No Holiday,3,Summer,344
28/06/2018,22.3,88,0.9,298,0.0,0.0,0.0,No Holiday,4,Summer,233
28/06/2018,22.1,93,0.4,333,0.0,0.0,0.0,No Holiday,5,Summer,266
28/06/2018,22.0,90,0.4,373,0.04,0.1,0.0,No Holiday,6,Summer,594
28/06/2018,22.7,81,0.4,866,0.4,0.0,0.0,No Holiday,7,Summer,1391
28/06/2018,24.2,73,1.0,1581,0.96,0.0,0.0,No Holiday,8,Summer,2288
28/06/2018,24.8,75,1.1,1418,0.63,0.0,0.0,No Holiday,9,Summer,1246
28/06/2018,25.3,70,0.6,1386,0.7,0.0,0.0,No Holiday,10,Summer,826
28/06/2018,26.5,64,1.8,1806,1.3,0.0,0.0,No Holiday,11,Summer,938
28/06/2018,27.0,68,2.0,1863,1.3,0.0,0.0,No Holiday,12,Summer,1158
28/06/2018,27.2,68,1.8,1575,1.1,0.0,0.0,No Holiday,13,Summer,1040
28/06/2018,27.1,72,3.0,1126,0.91,0.0,0.0,No Holiday,14,Summer,1030
28/06/2018,26.4,76,3.7,1370,1.01,0.0,0.0,No Holiday,15,Summer,1209
28/06/2018,25.2,81,3.6,961,0.5,0.0,0.0,No Holiday,16,Summer,766
28/06/2018,22.2,92,1.2,254,0.11,4.9,0.0,No Holiday,17,Summer,65
28/06/2018,20.6,97,0.7,222,0.14,21.5,0.0,No Holiday,18,Summer,596
28/06/2018,20.9,97,1.0,1747,0.19,0.0,0.0,No Holiday,19,Summer,944
28/06/2018,21.0,96,0.1,1431,0.02,0.0,0.0,No Holiday,20,Summer,1039
28/06/2018,21.3,94,0.3,1314,0.0,0.0,0.0,No Holiday,21,Summer,1223
28/06/2018,21.6,94,1.1,766,0.0,0.0,0.0,No Holiday,22,Summer,1239
28/06/2018,21.7,96,0.3,293,0.0,0.0,0.0,No Holiday,23,Summer,931
29/06/2018,21.9,95,1.9,357,0.0,0.0,0.0,No Holiday,0,Summer,470
29/06/2018,22.0,96,0.1,387,0.0,0.1,0.0,No Holiday,1,Summer,460
29/06/2018,22.2,96,0.8,269,0.0,0.2,0.0,No Holiday,2,Summer,345
29/06/2018,22.3,96,1.2,290,0.0,0.1,0.0,No Holiday,3,Summer,227
29/06/2018,22.3,96,0.0,278,0.0,0.1,0.0,No Holiday,4,Summer,123
29/06/2018,22.1,97,0.5,152,0.0,1.5,0.0,No Holiday,5,Summer,133
29/06/2018,21.9,97,0.2,190,0.0,4.5,0.0,No Holiday,6,Summer,308
29/06/2018,22.0,97,0.9,269,0.03,0.0,0.0,No Holiday,7,Summer,883
29/06/2018,22.2,95,1.6,389,0.26,0.0,0.0,No Holiday,8,Summer,2028
29/06/2018,22.9,86,1.7,538,0.76,0.0,0.0,No Holiday,9,Summer,1195
29/06/2018,24.4,76,2.1,617,1.58,0.0,0.0,No Holiday,10,Summer,913
29/06/2018,24.8,74,1.8,644,1.41,0.0,0.0,No Holiday,11,Summer,956
29/06/2018,26.1,67,2.2,758,2.15,0.0,0.0,No Holiday,12,Summer,1168
29/06/2018,26.8,65,2.0,732,2.37,0.0,0.0,No Holiday,13,Summer,1117
29/06/2018,27.8,57,2.1,760,2.62,0.0,0.0,No Holiday,14,Summer,1175
29/06/2018,28.4,63,2.8,742,2.47,0.0,0.0,No Holiday,15,Summer,1209
29/06/2018,29.0,57,2.3,987,2.36,0.0,0.0,No Holiday,16,Summer,1554
29/06/2018,28.5,60,2.6,1014,1.33,0.0,0.0,No Holiday,17,Summer,2099
29/06/2018,28.1,60,1.9,959,1.05,0.0,0.0,No Holiday,18,Summer,3113
29/06/2018,27.1,64,1.1,829,0.28,0.0,0.0,No Holiday,19,Summer,2602
29/06/2018,26.2,70,1.5,792,0.12,0.0,0.0,No Holiday,20,Summer,2339
29/06/2018,25.2,75,1.4,644,0.0,0.0,0.0,No Holiday,21,Summer,2225
29/06/2018,24.2,80,1.3,500,0.0,0.0,0.0,No Holiday,22,Summer,2103
29/06/2018,23.5,83,1.4,436,0.0,0.0,0.0,No Holiday,23,Summer,1552
30/06/2018,23.0,84,1.9,375,0.0,0.0,0.0,No Holiday,0,Summer,1275
30/06/2018,22.6,85,0.3,323,0.0,0.0,0.0,No Holiday,1,Summer,1070
30/06/2018,22.2,88,1.0,295,0.0,0.0,0.0,No Holiday,2,Summer,859
30/06/2018,21.9,88,0.9,274,0.0,0.0,0.0,No Holiday,3,Summer,625
30/06/2018,21.7,93,0.1,244,0.0,0.0,0.0,No Holiday,4,Summer,382
30/06/2018,21.7,88,0.6,289,0.0,0.0,0.0,No Holiday,5,Summer,247
30/06/2018,22.1,85,0.5,303,0.01,0.1,0.0,No Holiday,6,Summer,310
30/06/2018,22.5,86,0.6,299,0.07,0.0,0.0,No Holiday,7,Summer,468
30/06/2018,23.4,81,0.5,313,0.37,0.0,0.0,No Holiday,8,Summer,825
30/06/2018,24.2,81,0.9,295,0.53,0.0,0.0,No Holiday,9,Summer,862
30/06/2018,25.1,73,0.9,358,0.66,0.0,0.0,No Holiday,10,Summer,933
30/06/2018,26.4,71,1.0,430,1.36,0.0,0.0,No Holiday,11,Summer,871
30/06/2018,25.2,94,2.8,166,0.39,6.4,0.0,No Holiday,12,Summer,858
30/06/2018,25.6,87,1.7,390,0.71,3.5,0.0,No Holiday,13,Summer,1144
30/06/2018,27.5,69,0.5,736,1.84,0.0,0.0,No Holiday,14,Summer,1235
30/06/2018,27.8,71,0.9,733,0.93,0.0,0.0,No Holiday,15,Summer,1311
30/06/2018,27.9,69,0.5,880,0.61,0.0,0.0,No Holiday,16,Summer,1317
30/06/2018,27.4,75,2.3,616,0.46,0.0,0.0,No Holiday,17,Summer,1291
30/06/2018,27.5,79,0.5,1237,0.65,0.5,0.0,No Holiday,18,Summer,306
30/06/2018,24.3,95,0.5,958,0.11,4.0,0.0,No Holiday,19,Summer,481
30/06/2018,24.2,88,0.8,1276,0.06,0.0,0.0,No Holiday,20,Summer,778
30/06/2018,23.9,84,0.7,1552,0.0,0.0,0.0,No Holiday,21,Summer,1005
30/06/2018,23.4,88,0.9,1153,0.0,0.0,0.0,No Holiday,22,Summer,1107
30/06/2018,22.9,92,0.6,989,0.0,0.0,0.0,No Holiday,23,Summer,919
01/07/2018,22.6,88,0.2,1259,0.0,0.0,0.0,No Holiday,0,Summer,865
01/07/2018,22.7,87,0.5,1072,0.0,0.0,0.0,No Holiday,1,Summer,740
01/07/2018,22.7,87,0.5,1187,0.0,0.0,0.0,No Holiday,2,Summer,586
01/07/2018,22.7,86,0.7,1455,0.0,0.0,0.0,No Holiday,3,Summer,368
01/07/2018,22.7,85,0.7,1547,0.0,0.0,0.0,No Holiday,4,Summer,211
01/07/2018,22.6,86,0.5,1076,0.0,0.1,0.0,No Holiday,5,Summer,54
01/07/2018,22.3,93,0.6,1262,0.01,0.4,0.0,No Holiday,6,Summer,60
01/07/2018,22.1,89,0.5,1617,0.08,0.5,0.0,No Holiday,7,Summer,25
01/07/2018,22.1,93,0.5,805,0.14,1.0,0.0,No Holiday,8,Summer,20
01/07/2018,22.1,94,0.9,624,0.22,1.5,0.0,No Holiday,9,Summer,9
01/07/2018,21.6,97,0.5,266,0.13,12.0,0.0,No Holiday,10,Summer,13
01/07/2018,21.2,97,1.2,105,0.15,18.5,0.0,No Holiday,11,Summer,11
01/07/2018,21.1,97,1.2,653,0.17,7.5,0.0,No Holiday,12,Summer,9
01/07/2018,21.2,97,1.1,760,0.2,3.5,0.0,No Holiday,13,Summer,30
01/07/2018,21.5,97,0.7,1522,0.29,1.0,0.0,No Holiday,14,Summer,14
01/07/2018,21.8,97,0.7,324,0.14,5.5,0.0,No Holiday,15,Summer,51
01/07/2018,22.2,97,1.1,1745,0.25,1.0,0.0,No Holiday,16,Summer,41
01/07/2018,22.4,96,0.4,1661,0.21,1.5,0.0,No Holiday,17,Summer,25
01/07/2018,22.2,96,1.2,673,0.09,3.5,0.0,No Holiday,18,Summer,17
01/07/2018,21.9,96,1.2,509,0.01,5.5,0.0,No Holiday,19,Summer,18
01/07/2018,21.9,97,1.1,534,0.0,6.0,0.0,No Holiday,20,Summer,16
01/07/2018,21.8,97,0.6,692,0.0,3.5,0.0,No Holiday,21,Summer,17
01/07/2018,21.7,97,0.7,540,0.0,3.5,0.0,No Holiday,22,Summer,16
01/07/2018,21.5,97,1.5,523,0.0,5.0,0.0,No Holiday,23,Summer,15
02/07/2018,21.4,97,0.6,680,0.0,2.5,0.0,No Holiday,0,Summer,26
02/07/2018,21.3,97,1.0,1451,0.0,3.0,0.0,No Holiday,1,Summer,28
02/07/2018,21.2,97,0.8,1018,0.0,2.0,0.0,No Holiday,2,Summer,17
02/07/2018,21.1,96,2.4,866,0.0,4.5,0.0,No Holiday,3,Summer,23
02/07/2018,20.8,97,1.0,2000,0.0,4.0,0.0,No Holiday,4,Summer,58
02/07/2018,20.7,97,0.3,2000,0.0,0.5,0.0,No Holiday,5,Summer,28
02/07/2018,20.7,97,0.3,1262,0.0,1.0,0.0,No Holiday,6,Summer,40
02/07/2018,20.7,97,0.4,1801,0.0,0.5,0.0,No Holiday,7,Summer,126
02/07/2018,20.8,96,0.4,1627,0.11,1.5,0.0,No Holiday,8,Summer,104
02/07/2018,21.0,97,1.3,825,0.14,3.0,0.0,No Holiday,9,Summer,128
02/07/2018,21.4,97,0.6,563,0.27,1.0,0.0,No Holiday,10,Summer,27
02/07/2018,21.7,97,0.5,591,0.25,8.0,0.0,No Holiday,11,Summer,153
02/07/2018,22.4,97,1.0,945,0.46,0.0,0.0,No Holiday,12,Summer,218
02/07/2018,22.6,97,0.6,367,0.3,0.5,0.0,No Holiday,13,Summer,304
02/07/2018,23.3,96,0.3,434,0.53,0.0,0.0,No Holiday,14,Summer,381
02/07/2018,24.2,93,1.0,590,0.78,0.0,0.0,No Holiday,15,Summer,619
02/07/2018,25.2,87,0.9,601,0.88,0.0,0.0,No Holiday,16,Summer,839
02/07/2018,25.3,87,0.6,751,0.49,0.0,0.0,No Holiday,17,Summer,861
02/07/2018,24.9,87,1.9,1742,0.25,0.0,0.0,No Holiday,18,Summer,832
02/07/2018,24.1,93,2.1,1118,0.23,1.5,0.0,No Holiday,19,Summer,44
02/07/2018,23.5,97,0.1,1814,0.04,24.0,0.0,No Holiday,20,Summer,61
02/07/2018,23.4,98,0.4,1038,0.0,1.0,0.0,No Holiday,21,Summer,72
02/07/2018,23.4,98,0.3,585,0.0,2.5,0.0,No Holiday,22,Summer,83
02/07/2018,23.4,98,0.3,662,0.0,0.5,0.0,No Holiday,23,Summer,168
03/07/2018,23.2,98,0.2,927,0.0,0.5,0.0,No Holiday,0,Summer,349
03/07/2018,23.1,98,0.0,958,0.0,0.0,0.0,No Holiday,1,Summer,407
03/07/2018,23.0,98,0.1,1026,0.0,0.0,0.0,No Holiday,2,Summer,354
03/07/2018,22.8,98,0.0,1734,0.0,0.0,0.0,No Holiday,3,Summer,233
03/07/2018,22.7,97,0.2,1808,0.0,0.0,0.0,No Holiday,4,Summer,149
03/07/2018,22.6,97,0.0,1383,0.0,0.0,0.0,No Holiday,5,Summer,224
03/07/2018,22.6,95,0.1,1937,0.05,0.0,0.0,No Holiday,6,Summer,600
03/07/2018,23.5,86,0.2,1908,0.38,0.0,0.0,No Holiday,7,Summer,1308
03/07/2018,24.3,83,0.5,1986,0.53,0.0,0.0,No Holiday,8,Summer,2135
03/07/2018,25.7,76,0.8,1920,1.11,0.0,0.0,No Holiday,9,Summer,1156
03/07/2018,27.6,71,1.6,1870,2.14,0.0,0.0,No Holiday,10,Summer,818
03/07/2018,29.2,66,1.4,1953,2.72,0.0,0.0,No Holiday,11,Summer,906
03/07/2018,30.1,64,1.2,2000,2.54,0.0,0.0,No Holiday,12,Summer,944
03/07/2018,31.2,54,1.3,1961,3.11,0.0,0.0,No Holiday,13,Summer,994
03/07/2018,31.0,56,1.5,2000,1.47,0.0,0.0,No Holiday,14,Summer,1001
03/07/2018,32.0,54,1.2,1962,2.99,0.0,0.0,No Holiday,15,Summer,1069
03/07/2018,31.3,52,1.2,2000,1.63,0.0,0.0,No Holiday,16,Summer,1325
03/07/2018,32.4,50,2.2,2000,1.92,0.0,0.0,No Holiday,17,Summer,1783
03/07/2018,32.2,57,1.8,1880,1.53,0.0,0.0,No Holiday,18,Summer,2965
03/07/2018,30.4,62,0.9,2000,0.65,0.1,0.0,No Holiday,19,Summer,2598
03/07/2018,28.8,72,0.9,2000,0.11,0.0,0.0,No Holiday,20,Summer,2398
03/07/2018,27.8,72,0.6,2000,0.0,0.0,0.0,No Holiday,21,Summer,2264
03/07/2018,26.9,78,0.6,1806,0.0,0.0,0.0,No Holiday,22,Summer,1948
03/07/2018,26.4,78,0.3,2000,0.0,0.0,0.0,No Holiday,23,Summer,1365
04/07/2018,25.9,79,0.3,2000,0.0,0.0,0.0,No Holiday,0,Summer,971
04/07/2018,25.4,79,1.0,2000,0.0,0.0,0.0,No Holiday,1,Summer,796
04/07/2018,25.1,82,0.2,2000,0.0,0.0,0.0,No Holiday,2,Summer,555
04/07/2018,24.9,83,0.2,1857,0.0,0.0,0.0,No Holiday,3,Summer,372
04/07/2018,24.7,82,0.3,2000,0.0,0.0,0.0,No Holiday,4,Summer,234
04/07/2018,24.2,86,0.2,2000,0.0,0.0,0.0,No Holiday,5,Summer,316
04/07/2018,24.0,84,0.1,1969,0.05,0.0,0.0,No Holiday,6,Summer,747
04/07/2018,24.6,78,0.5,2000,0.33,0.0,0.0,No Holiday,7,Summer,1450
04/07/2018,26.4,64,0.5,1909,1.33,0.0,0.0,No Holiday,8,Summer,2215
04/07/2018,27.4,68,0.5,1941,1.31,0.0,0.0,No Holiday,9,Summer,1191
04/07/2018,28.5,65,1.5,1519,1.74,0.0,0.0,No Holiday,10,Summer,831
04/07/2018,30.0,60,2.3,1861,2.61,0.0,0.0,No Holiday,11,Summer,941
04/07/2018,30.5,58,2.5,1741,2.26,0.0,0.0,No Holiday,12,Summer,1021
04/07/2018,31.0,60,2.6,1657,2.75,0.0,0.0,No Holiday,13,Summer,1007
04/07/2018,31.3,58,3.0,1479,2.46,0.0,0.0,No Holiday,14,Summer,1005
04/07/2018,31.1,57,3.7,1912,2.03,0.0,0.0,No Holiday,15,Summer,1038
04/07/2018,31.6,57,2.7,1882,2.19,0.0,0.0,No Holiday,16,Summer,1306
04/07/2018,31.2,56,3.4,1943,1.82,0.0,0.0,No Holiday,17,Summer,1856
04/07/2018,30.0,60,2.5,1933,0.99,0.0,0.0,No Holiday,18,Summer,3080
04/07/2018,28.2,64,2.8,1978,0.5,0.0,0.0,No Holiday,19,Summer,2637
04/07/2018,27.1,67,2.9,1949,0.06,0.0,0.0,No Holiday,20,Summer,2415
04/07/2018,26.2,70,2.2,1908,0.0,0.0,0.0,No Holiday,21,Summer,2274
04/07/2018,25.1,73,2.5,1808,0.0,0.0,0.0,No Holiday,22,Summer,2091
04/07/2018,24.7,74,1.4,1596,0.0,0.0,0.0,No Holiday,23,Summer,1432
05/07/2018,24.2,77,1.8,1365,0.0,0.0,0.0,No Holiday,0,Summer,1078
05/07/2018,23.9,79,1.7,1121,0.0,0.0,0.0,No Holiday,1,Summer,846
05/07/2018,23.6,80,1.5,879,0.0,0.0,0.0,No Holiday,2,Summer,568
05/07/2018,23.5,81,0.9,878,0.0,0.0,0.0,No Holiday,3,Summer,376
05/07/2018,23.5,80,0.4,924,0.0,0.0,0.0,No Holiday,4,Summer,267
05/07/2018,23.5,80,0.3,838,0.0,0.0,0.0,No Holiday,5,Summer,326
05/07/2018,23.5,80,0.3,768,0.0,0.0,0.0,No Holiday,6,Summer,438
05/07/2018,23.5,90,0.5,445,0.05,0.5,0.0,No Holiday,7,Summer,828
05/07/2018,23.6,93,0.9,308,0.21,0.0,0.0,No Holiday,8,Summer,1836
05/07/2018,24.2,84,0.9,632,0.49,0.0,0.0,No Holiday,9,Summer,1112
05/07/2018,25.6,75,1.1,1028,1.22,0.0,0.0,No Holiday,10,Summer,827
05/07/2018,26.3,71,1.1,1340,0.86,0.0,0.0,No Holiday,11,Summer,890
05/07/2018,27.0,68,1.1,1744,1.2,0.0,0.0,No Holiday,12,Summer,996
05/07/2018,28.1,67,1.1,1772,1.43,0.0,0.0,No Holiday,13,Summer,929
05/07/2018,28.3,67,3.0,1242,1.73,0.0,0.0,No Holiday,14,Summer,933
05/07/2018,28.8,66,0.9,1806,1.55,0.0,0.0,No Holiday,15,Summer,1011
05/07/2018,28.2,71,1.7,2000,0.96,0.0,0.0,No Holiday,16,Summer,1105
05/07/2018,27.3,76,0.9,1971,0.52,0.0,0.0,No Holiday,17,Summer,1381
05/07/2018,26.8,71,1.2,2000,0.21,0.0,0.0,No Holiday,18,Summer,2594
05/07/2018,26.7,69,1.4,2000,0.36,0.0,0.0,No Holiday,19,Summer,2309
05/07/2018,25.8,68,1.4,2000,0.09,0.0,0.0,No Holiday,20,Summer,2122
05/07/2018,25.2,67,1.5,2000,0.0,0.0,0.0,No Holiday,21,Summer,2063
05/07/2018,24.4,67,1.6,2000,0.0,0.0,0.0,No Holiday,22,Summer,1941
05/07/2018,23.9,66,1.5,2000,0.0,0.0,0.0,No Holiday,23,Summer,1406
06/07/2018,23.5,65,1.9,2000,0.0,0.0,0.0,No Holiday,0,Summer,1075
06/07/2018,23.1,66,1.6,2000,0.0,0.0,0.0,No Holiday,1,Summer,839
06/07/2018,22.8,65,1.8,2000,0.0,0.0,0.0,No Holiday,2,Summer,558
06/07/2018,22.6,66,1.5,2000,0.0,0.0,0.0,No Holiday,3,Summer,403
06/07/2018,22.6,66,0.9,2000,0.0,0.0,0.0,No Holiday,4,Summer,273
06/07/2018,22.5,66,1.5,2000,0.0,0.0,0.0,No Holiday,5,Summer,311
06/07/2018,22.4,65,1.6,2000,0.01,0.0,0.0,No Holiday,6,Summer,723
06/07/2018,22.6,63,1.3,2000,0.21,0.0,0.0,No Holiday,7,Summer,1449
06/07/2018,23.2,60,1.7,2000,0.58,0.0,0.0,No Holiday,8,Summer,2273
06/07/2018,23.3,61,1.7,2000,0.8,0.0,0.0,No Holiday,9,Summer,1318
06/07/2018,23.7,59,1.7,2000,0.89,0.0,0.0,No Holiday,10,Summer,998
06/07/2018,23.9,59,2.1,2000,1.08,0.0,0.0,No Holiday,11,Summer,1024
06/07/2018,25.7,57,1.9,2000,2.32,0.0,0.0,No Holiday,12,Summer,1216
06/07/2018,26.2,53,2.1,2000,2.23,0.0,0.0,No Holiday,13,Summer,1210
06/07/2018,27.0,52,2.1,2000,2.51,0.0,0.0,No Holiday,14,Summer,1209
06/07/2018,26.9,51,2.0,2000,1.95,0.0,0.0,No Holiday,15,Summer,1346
06/07/2018,26.6,54,2.3,2000,1.24,0.0,0.0,No Holiday,16,Summer,1635
06/07/2018,26.6,52,2.2,2000,1.02,0.0,0.0,No Holiday,17,Summer,2282
06/07/2018,25.9,52,2.1,2000,0.57,0.0,0.0,No Holiday,18,Summer,3196
06/07/2018,25.0,52,2.2,2000,0.37,0.0,0.0,No Holiday,19,Summer,2557
06/07/2018,23.8,55,2.3,2000,0.05,0.0,0.0,No Holiday,20,Summer,2223
06/07/2018,23.1,54,2.1,2000,0.0,0.0,0.0,No Holiday,21,Summer,2183
06/07/2018,22.5,54,2.1,2000,0.0,0.0,0.0,No Holiday,22,Summer,1917
06/07/2018,22.0,55,1.7,2000,0.0,0.0,0.0,No Holiday,23,Summer,1458
07/07/2018,21.5,56,1.8,2000,0.0,0.0,0.0,No Holiday,0,Summer,1191
07/07/2018,21.1,57,2.0,2000,0.0,0.0,0.0,No Holiday,1,Summer,1079
07/07/2018,20.7,58,1.5,2000,0.0,0.0,0.0,No Holiday,2,Summer,760
07/07/2018,20.4,59,1.0,2000,0.0,0.0,0.0,No Holiday,3,Summer,545
07/07/2018,20.0,63,1.8,2000,0.0,0.0,0.0,No Holiday,4,Summer,331
07/07/2018,19.8,63,1.4,2000,0.0,0.0,0.0,No Holiday,5,Summer,273
07/07/2018,19.5,61,1.5,2000,0.03,0.0,0.0,No Holiday,6,Summer,396
07/07/2018,19.6,57,1.6,2000,0.42,0.0,0.0,No Holiday,7,Summer,567
07/07/2018,21.2,52,1.6,1998,1.2,0.0,0.0,No Holiday,8,Summer,832
07/07/2018,22.6,51,1.7,2000,1.87,0.0,0.0,No Holiday,9,Summer,1009
07/07/2018,24.0,49,1.7,2000,2.48,0.0,0.0,No Holiday,10,Summer,1050
07/07/2018,25.0,48,1.5,1986,2.95,0.0,0.0,No Holiday,11,Summer,1129
07/07/2018,26.4,47,1.7,2000,3.26,0.0,0.0,No Holiday,12,Summer,1328
07/07/2018,27.5,43,2.0,2000,3.41,0.0,0.0,No Holiday,13,Summer,1399
07/07/2018,28.3,43,1.6,1941,3.33,0.0,0.0,No Holiday,14,Summer,1430
07/07/2018,28.7,42,1.3,2000,2.98,0.0,0.0,No Holiday,15,Summer,1579
07/07/2018,28.9,44,1.6,1998,2.2,0.0,0.0,No Holiday,16,Summer,1764
07/07/2018,28.9,45,1.4,2000,1.89,0.0,0.0,No Holiday,17,Summer,2020
07/07/2018,27.8,48,1.2,2000,0.91,0.0,0.0,No Holiday,18,Summer,2238
07/07/2018,26.1,51,1.4,2000,0.32,0.0,0.0,No Holiday,19,Summer,2352
07/07/2018,24.6,51,1.7,2000,0.07,0.0,0.0,No Holiday,20,Summer,2232
07/07/2018,23.4,52,1.4,2000,0.0,0.0,0.0,No Holiday,21,Summer,2235
07/07/2018,22.6,51,1.7,2000,0.0,0.0,0.0,No Holiday,22,Summer,1921
07/07/2018,21.7,51,1.7,2000,0.0,0.0,0.0,No Holiday,23,Summer,1416
08/07/2018,20.7,51,1.7,2000,0.0,0.0,0.0,No Holiday,0,Summer,1208
08/07/2018,19.9,52,1.6,2000,0.0,0.0,0.0,No Holiday,1,Summer,946
08/07/2018,19.3,54,1.4,2000,0.0,0.0,0.0,No Holiday,2,Summer,648
08/07/2018,18.8,56,1.2,2000,0.0,0.0,0.0,No Holiday,3,Summer,460
08/07/2018,18.4,57,1.1,2000,0.0,0.0,0.0,No Holiday,4,Summer,277
08/07/2018,18.1,57,1.4,2000,0.0,0.0,0.0,No Holiday,5,Summer,253
08/07/2018,17.8,58,1.1,2000,0.04,0.0,0.0,No Holiday,6,Summer,267
08/07/2018,18.2,54,1.2,2000,0.42,0.0,0.0,No Holiday,7,Summer,410
08/07/2018,19.1,53,1.7,1952,0.8,0.0,0.0,No Holiday,8,Summer,684
08/07/2018,20.8,51,1.5,1973,1.65,0.0,0.0,No Holiday,9,Summer,787
08/07/2018,22.5,48,1.6,1940,2.33,0.0,0.0,No Holiday,10,Summer,867
08/07/2018,23.8,47,2.1,2000,2.59,0.0,0.0,No Holiday,11,Summer,1053
08/07/2018,25.0,46,1.9,1943,2.93,0.0,0.0,No Holiday,12,Summer,1237
08/07/2018,26.1,45,1.8,2000,3.33,0.0,0.0,No Holiday,13,Summer,1442
08/07/2018,27.1,41,1.4,1941,3.24,0.0,0.0,No Holiday,14,Summer,1517
08/07/2018,27.6,37,1.9,2000,2.58,0.0,0.0,No Holiday,15,Summer,1693
08/07/2018,27.9,39,1.2,2000,2.16,0.0,0.0,No Holiday,16,Summer,2070
08/07/2018,27.4,44,1.7,2000,1.17,0.0,0.0,No Holiday,17,Summer,2266
08/07/2018,26.7,48,1.0,2000,0.53,0.0,0.0,No Holiday,18,Summer,2351
08/07/2018,26.3,51,1.7,2000,0.18,0.0,0.0,No Holiday,19,Summer,2272
08/07/2018,25.7,53,1.3,2000,0.03,0.0,0.0,No Holiday,20,Summer,2348
08/07/2018,25.3,55,1.4,2000,0.0,0.0,0.0,No Holiday,21,Summer,2055
08/07/2018,25.0,57,1.0,2000,0.0,0.0,0.0,No Holiday,22,Summer,1717
08/07/2018,24.6,60,2.6,2000,0.0,0.0,0.0,No Holiday,23,Summer,1252
09/07/2018,24.2,61,1.7,2000,0.0,0.0,0.0,No Holiday,0,Summer,900
09/07/2018,23.7,64,0.8,2000,0.0,0.0,0.0,No Holiday,1,Summer,554
09/07/2018,22.7,63,0.9,2000,0.0,0.0,0.0,No Holiday,2,Summer,387
09/07/2018,21.9,63,1.3,2000,0.0,0.0,0.0,No Holiday,3,Summer,285
09/07/2018,21.4,63,1.5,2000,0.0,0.0,0.0,No Holiday,4,Summer,206
09/07/2018,21.1,64,1.5,2000,0.0,0.0,0.0,No Holiday,5,Summer,301
09/07/2018,21.0,64,1.0,2000,0.03,0.0,0.0,No Holiday,6,Summer,486
09/07/2018,20.9,66,1.4,2000,0.1,0.0,0.0,No Holiday,7,Summer,451
09/07/2018,20.7,73,0.8,2000,0.3,0.2,0.0,No Holiday,8,Summer,670
09/07/2018,21.1,72,1.0,1982,0.52,0.0,0.0,No Holiday,9,Summer,575
09/07/2018,21.1,73,1.2,1957,0.4,0.0,0.0,No Holiday,10,Summer,217
09/07/2018,20.6,82,1.0,2000,0.29,0.3,0.0,No Holiday,11,Summer,186
09/07/2018,20.7,83,0.6,1244,0.32,0.0,0.0,No Holiday,12,Summer,71
09/07/2018,20.3,87,1.0,771,0.31,0.5,0.0,No Holiday,13,Summer,99
09/07/2018,20.2,89,1.0,1854,0.27,0.5,0.0,No Holiday,14,Summer,110
09/07/2018,20.3,90,0.9,1356,0.34,0.0,0.0,No Holiday,15,Summer,59
09/07/2018,20.2,91,1.2,1637,0.42,1.0,0.0,No Holiday,16,Summer,68
09/07/2018,20.3,93,1.4,1684,0.32,1.0,0.0,No Holiday,17,Summer,104
09/07/2018,20.3,93,1.3,1832,0.22,0.5,0.0,No Holiday,18,Summer,140
09/07/2018,20.4,94,1.1,1769,0.14,0.5,0.0,No Holiday,19,Summer,68
09/07/2018,20.3,95,0.8,1372,0.02,1.0,0.0,No Holiday,20,Summer,48
09/07/2018,20.3,96,1.0,1007,0.0,1.5,0.0,No Holiday,21,Summer,95
09/07/2018,20.4,96,1.1,1641,0.0,0.5,0.0,No Holiday,22,Summer,71
09/07/2018,20.4,96,0.6,1137,0.0,1.0,0.0,No Holiday,23,Summer,40
10/07/2018,20.4,97,0.3,183,0.0,5.5,0.0,No Holiday,0,Summer,29
10/07/2018,20.4,97,0.3,193,0.0,8.5,0.0,No Holiday,1,Summer,39
10/07/2018,20.5,98,0.5,596,0.0,6.5,0.0,No Holiday,2,Summer,84
10/07/2018,20.6,98,0.8,1986,0.0,0.5,0.0,No Holiday,3,Summer,136
10/07/2018,20.6,97,0.5,1989,0.0,0.0,0.0,No Holiday,4,Summer,133
10/07/2018,20.6,97,0.6,2000,0.0,0.0,0.0,No Holiday,5,Summer,174
10/07/2018,20.7,97,0.9,2000,0.02,0.0,0.0,No Holiday,6,Summer,534
10/07/2018,21.1,95,0.4,2000,0.14,0.0,0.0,No Holiday,7,Summer,1209
10/07/2018,21.7,89,0.5,2000,0.31,0.0,0.0,No Holiday,8,Summer,2017
10/07/2018,22.3,86,1.0,2000,0.42,0.0,0.0,No Holiday,9,Summer,1061
10/07/2018,22.6,85,0.9,1996,0.38,0.0,0.0,No Holiday,10,Summer,768
10/07/2018,23.2,82,1.1,1991,0.47,0.0,0.0,No Holiday,11,Summer,909
10/07/2018,24.1,80,0.8,2000,0.72,0.0,0.0,No Holiday,12,Summer,1035
10/07/2018,25.2,77,1.2,1951,1.06,0.0,0.0,No Holiday,13,Summer,1074
10/07/2018,25.5,77,0.8,1957,0.75,0.0,0.0,No Holiday,14,Summer,1142
10/07/2018,25.7,77,0.5,1875,0.48,0.0,0.0,No Holiday,15,Summer,1169
10/07/2018,26.3,74,0.7,1580,0.52,0.0,0.0,No Holiday,16,Summer,1462
10/07/2018,26.5,76,1.0,1400,0.36,0.0,0.0,No Holiday,17,Summer,1603
10/07/2018,26.2,82,0.4,1408,0.21,0.0,0.0,No Holiday,18,Summer,1665
10/07/2018,25.7,83,1.1,1011,0.08,0.5,0.0,No Holiday,19,Summer,794
10/07/2018,25.3,89,0.3,745,0.0,0.0,0.0,No Holiday,20,Summer,908
10/07/2018,25.1,86,0.3,870,0.0,0.0,0.0,No Holiday,21,Summer,1352
10/07/2018,25.0,86,0.5,796,0.0,0.0,0.0,No Holiday,22,Summer,971
10/07/2018,24.9,87,0.5,658,0.0,0.0,0.0,No Holiday,23,Summer,373
11/07/2018,24.6,96,0.7,308,0.0,0.5,0.0,No Holiday,0,Summer,240
11/07/2018,24.6,96,0.5,443,0.0,0.5,0.0,No Holiday,1,Summer,240
11/07/2018,24.5,96,0.5,476,0.0,0.0,0.0,No Holiday,2,Summer,236
11/07/2018,24.5,97,0.8,263,0.0,0.5,0.0,No Holiday,3,Summer,157
11/07/2018,24.5,97,1.0,317,0.0,0.0,0.0,No Holiday,4,Summer,71
11/07/2018,24.5,97,0.5,229,0.0,0.5,0.0,No Holiday,5,Summer,76
11/07/2018,24.5,97,0.1,290,0.0,0.5,0.0,No Holiday,6,Summer,187
11/07/2018,24.6,97,0.3,180,0.07,0.5,0.0,No Holiday,7,Summer,303
11/07/2018,25.1,97,0.8,490,0.26,0.0,0.0,No Holiday,8,Summer,827
11/07/2018,25.6,96,0.6,450,0.41,0.0,0.0,No Holiday,9,Summer,634
11/07/2018,26.3,91,0.6,749,0.63,0.5,0.0,No Holiday,10,Summer,581
11/07/2018,27.2,82,0.9,1093,0.93,0.0,0.0,No Holiday,11,Summer,792
11/07/2018,28.1,73,2.1,1326,0.87,0.0,0.0,No Holiday,12,Summer,964
11/07/2018,28.7,69,2.6,1546,1.02,0.0,0.0,No Holiday,13,Summer,991
11/07/2018,29.2,67,2.8,1725,1.13,0.0,0.0,No Holiday,14,Summer,1052
11/07/2018,29.4,68,2.3,1525,1.29,0.0,0.0,No Holiday,15,Summer,1106
11/07/2018,28.7,70,3.2,1586,0.73,0.0,0.0,No Holiday,16,Summer,1344
11/07/2018,28.7,71,2.9,1666,0.71,0.0,0.0,No Holiday,17,Summer,1923
11/07/2018,28.4,75,2.4,1564,0.52,0.0,0.0,No Holiday,18,Summer,2931
11/07/2018,28.2,72,1.6,1745,0.13,0.0,0.0,No Holiday,19,Summer,2328
11/07/2018,27.7,76,1.8,1727,0.04,0.0,0.0,No Holiday,20,Summer,2048
11/07/2018,27.3,78,1.2,1606,0.0,0.0,0.0,No Holiday,21,Summer,1936
11/07/2018,27.1,79,1.2,1578,0.0,0.0,0.0,No Holiday,22,Summer,1870
11/07/2018,26.9,79,0.1,1541,0.0,0.0,0.0,No Holiday,23,Summer,1298
12/07/2018,26.7,79,0.9,1590,0.0,0.0,0.0,No Holiday,0,Summer,938
12/07/2018,26.6,80,0.0,1485,0.0,0.0,0.0,No Holiday,1,Summer,787
12/07/2018,26.3,84,0.3,1361,0.0,0.0,0.0,No Holiday,2,Summer,517
12/07/2018,26.2,83,0.3,1294,0.0,0.0,0.0,No Holiday,3,Summer,322
12/07/2018,26.1,85,0.6,1081,0.0,0.0,0.0,No Holiday,4,Summer,159
12/07/2018,25.9,91,0.4,872,0.0,0.5,0.0,No Holiday,5,Summer,231
12/07/2018,25.6,93,1.1,852,0.01,0.0,0.0,No Holiday,6,Summer,593
12/07/2018,25.9,87,1.7,834,0.26,0.0,0.0,No Holiday,7,Summer,1279
12/07/2018,26.3,84,2.1,973,0.48,0.0,0.0,No Holiday,8,Summer,1811
12/07/2018,26.5,82,2.7,815,0.57,0.0,0.0,No Holiday,9,Summer,982
12/07/2018,26.7,88,1.6,802,0.89,0.5,0.0,No Holiday,10,Summer,746
12/07/2018,27.4,78,2.3,1164,1.11,0.0,0.0,No Holiday,11,Summer,805
12/07/2018,27.4,80,2.7,1083,0.97,0.0,0.0,No Holiday,12,Summer,991
12/07/2018,27.7,76,2.6,1258,1.0,0.0,0.0,No Holiday,13,Summer,959
12/07/2018,27.8,76,3.1,1517,1.0,0.0,0.0,No Holiday,14,Summer,976
12/07/2018,28.0,76,2.3,1437,1.0,0.0,0.0,No Holiday,15,Summer,1163
12/07/2018,28.1,74,2.8,1559,1.06,0.0,0.0,No Holiday,16,Summer,1296
12/07/2018,27.9,75,2.5,1643,0.75,0.0,0.0,No Holiday,17,Summer,1915
12/07/2018,27.5,77,2.1,1897,0.46,0.0,0.0,No Holiday,18,Summer,3016
12/07/2018,27.4,78,1.1,1899,0.27,0.0,0.0,No Holiday,19,Summer,2313
12/07/2018,26.9,80,1.5,1806,0.09,0.0,0.0,No Holiday,20,Summer,2214
12/07/2018,26.3,81,0.8,1910,0.0,0.0,0.0,No Holiday,21,Summer,2115
12/07/2018,25.9,83,0.6,1827,0.0,0.0,0.0,No Holiday,22,Summer,1945
12/07/2018,25.5,84,0.8,1906,0.0,0.0,0.0,No Holiday,23,Summer,1355
13/07/2018,25.1,87,0.4,1800,0.0,0.0,0.0,No Holiday,0,Summer,1006
13/07/2018,24.8,89,0.9,1555,0.0,0.0,0.0,No Holiday,1,Summer,760
13/07/2018,24.9,86,1.3,1469,0.0,0.0,0.0,No Holiday,2,Summer,600
13/07/2018,24.9,86,2.0,1079,0.0,0.0,0.0,No Holiday,3,Summer,377
13/07/2018,24.8,86,2.1,1103,0.0,0.0,0.0,No Holiday,4,Summer,241
13/07/2018,24.8,84,1.4,1303,0.0,0.0,0.0,No Holiday,5,Summer,301
13/07/2018,24.8,84,1.1,1426,0.0,0.0,0.0,No Holiday,6,Summer,665
13/07/2018,25.0,83,1.0,1350,0.13,0.0,0.0,No Holiday,7,Summer,1321
13/07/2018,25.5,80,1.8,1402,0.37,0.0,0.0,No Holiday,8,Summer,2114
13/07/2018,26.6,73,2.2,1147,1.01,0.0,0.0,No Holiday,9,Summer,1240
13/07/2018,27.4,70,2.4,1335,1.28,0.0,0.0,No Holiday,10,Summer,836
13/07/2018,27.5,70,2.4,1719,1.07,0.0,0.0,No Holiday,11,Summer,887
13/07/2018,28.3,68,1.9,1546,1.35,0.0,0.0,No Holiday,12,Summer,1013
13/07/2018,28.9,68,2.8,1934,1.55,0.0,0.0,No Holiday,13,Summer,1046
13/07/2018,29.5,62,2.7,1941,1.79,0.0,0.0,No Holiday,14,Summer,999
13/07/2018,30.2,62,2.4,1806,1.91,0.0,0.0,No Holiday,15,Summer,1094
13/07/2018,30.0,67,2.0,1698,1.46,0.0,0.0,No Holiday,16,Summer,1291
13/07/2018,30.1,65,1.8,1923,1.36,0.0,0.0,No Holiday,17,Summer,1782
13/07/2018,30.8,60,2.5,1793,1.43,0.0,0.0,No Holiday,18,Summer,2884
13/07/2018,29.8,68,2.6,1749,0.81,0.0,0.0,No Holiday,19,Summer,2320
13/07/2018,28.2,76,2.2,1888,0.08,0.0,0.0,No Holiday,20,Summer,2069
13/07/2018,27.2,80,2.3,1870,0.0,0.0,0.0,No Holiday,21,Summer,1924
13/07/2018,26.7,82,1.3,1725,0.0,0.0,0.0,No Holiday,22,Summer,1879
13/07/2018,26.2,84,1.0,1646,0.0,0.0,0.0,No Holiday,23,Summer,1439
14/07/2018,25.7,85,0.4,1519,0.0,0.0,0.0,No Holiday,0,Summer,1169
14/07/2018,25.4,85,1.4,1663,0.0,0.0,0.0,No Holiday,1,Summer,1062
14/07/2018,25.3,85,1.7,1594,0.0,0.0,0.0,No Holiday,2,Summer,783
14/07/2018,25.2,83,1.1,1835,0.0,0.0,0.0,No Holiday,3,Summer,545
14/07/2018,25.1,82,1.5,1336,0.0,0.0,0.0,No Holiday,4,Summer,307
14/07/2018,24.8,86,1.6,1170,0.0,0.0,0.0,No Holiday,5,Summer,266
14/07/2018,24.6,86,0.4,1119,0.02,0.0,0.0,No Holiday,6,Summer,356
14/07/2018,24.9,81,0.3,1289,0.24,0.0,0.0,No Holiday,7,Summer,537
14/07/2018,26.1,74,0.7,1254,0.87,0.0,0.0,No Holiday,8,Summer,787
14/07/2018,27.0,70,1.1,1393,1.15,0.0,0.0,No Holiday,9,Summer,909
14/07/2018,27.8,68,2.1,1490,1.29,0.0,0.0,No Holiday,10,Summer,910
14/07/2018,29.0,65,2.0,1642,2.22,0.0,0.0,No Holiday,11,Summer,945
14/07/2018,30.2,58,2.3,1359,2.64,0.0,0.0,No Holiday,12,Summer,1039
14/07/2018,30.7,59,2.3,1534,2.67,0.0,0.0,No Holiday,13,Summer,1078
14/07/2018,30.7,59,2.9,1612,2.05,0.0,0.0,No Holiday,14,Summer,1038
14/07/2018,31.1,59,2.3,1929,2.34,0.0,0.0,No Holiday,15,Summer,1058
14/07/2018,31.7,55,2.3,1895,2.16,0.0,0.0,No Holiday,16,Summer,1177
14/07/2018,31.5,53,3.7,1974,2.02,0.0,0.0,No Holiday,17,Summer,1433
14/07/2018,31.1,55,2.2,1897,1.05,0.0,0.0,No Holiday,18,Summer,1624
14/07/2018,30.4,59,2.4,1972,0.69,0.0,0.0,No Holiday,19,Summer,1797
14/07/2018,29.2,63,1.7,1988,0.1,0.0,0.0,No Holiday,20,Summer,2023
14/07/2018,28.2,64,2.8,2000,0.0,0.0,0.0,No Holiday,21,Summer,2011
14/07/2018,27.6,70,2.7,1994,0.0,0.0,0.0,No Holiday,22,Summer,1682
14/07/2018,26.6,80,2.0,1527,0.0,0.0,0.0,No Holiday,23,Summer,1278
15/07/2018,26.0,82,1.9,1674,0.0,0.0,0.0,No Holiday,0,Summer,1143
15/07/2018,25.5,83,2.3,1576,0.0,0.0,0.0,No Holiday,1,Summer,868
15/07/2018,25.1,85,1.1,1379,0.0,0.0,0.0,No Holiday,2,Summer,632
15/07/2018,24.8,86,0.2,1354,0.0,0.0,0.0,No Holiday,3,Summer,443
15/07/2018,24.6,86,0.1,1358,0.0,0.0,0.0,No Holiday,4,Summer,278
15/07/2018,24.5,85,0.7,1345,0.0,0.0,0.0,No Holiday,5,Summer,223
15/07/2018,24.8,83,0.2,1534,0.02,0.0,0.0,No Holiday,6,Summer,292
15/07/2018,25.2,80,0.2,1551,0.18,0.0,0.0,No Holiday,7,Summer,402
15/07/2018,26.2,75,0.9,1560,0.77,0.0,0.0,No Holiday,8,Summer,613
15/07/2018,27.0,71,1.0,1518,0.97,0.0,0.0,No Holiday,9,Summer,715
15/07/2018,28.5,66,1.7,1319,1.83,0.0,0.0,No Holiday,10,Summer,701
15/07/2018,28.7,64,1.3,1332,1.53,0.0,0.0,No Holiday,11,Summer,712
15/07/2018,30.1,58,1.6,1491,2.15,0.0,0.0,No Holiday,12,Summer,803
15/07/2018,31.4,53,3.2,1695,3.28,0.0,0.0,No Holiday,13,Summer,810
15/07/2018,32.4,50,2.0,1735,3.13,0.0,0.0,No Holiday,14,Summer,822
15/07/2018,32.9,49,2.6,1631,2.81,0.0,0.0,No Holiday,15,Summer,946
15/07/2018,32.8,52,3.0,1803,2.28,0.0,0.0,No Holiday,16,Summer,1125
15/07/2018,32.7,52,3.0,1872,1.96,0.0,0.0,No Holiday,17,Summer,1247
15/07/2018,32.2,55,2.4,1769,1.28,0.0,0.0,No Holiday,18,Summer,1466
15/07/2018,31.2,62,2.1,1852,0.63,0.0,0.0,No Holiday,19,Summer,1847
15/07/2018,29.2,72,2.1,1932,0.09,0.0,0.0,No Holiday,20,Summer,2058
15/07/2018,28.1,74,3.1,1840,0.0,0.0,0.0,No Holiday,21,Summer,1924
15/07/2018,27.5,77,0.9,1778,0.0,0.0,0.0,No Holiday,22,Summer,1607
15/07/2018,27.0,78,1.6,1609,0.0,0.0,0.0,No Holiday,23,Summer,1113
16/07/2018,26.5,81,0.9,1650,0.0,0.0,0.0,No Holiday,0,Summer,732
16/07/2018,25.9,83,1.3,1520,0.0,0.0,0.0,No Holiday,1,Summer,498
16/07/2018,25.4,84,0.6,1340,0.0,0.0,0.0,No Holiday,2,Summer,469
16/07/2018,25.1,85,0.7,1507,0.0,0.0,0.0,No Holiday,3,Summer,276
16/07/2018,24.6,84,0.7,1373,0.0,0.0,0.0,No Holiday,4,Summer,211
16/07/2018,24.3,85,1.0,1496,0.0,0.0,0.0,No Holiday,5,Summer,324
16/07/2018,24.0,85,0.9,1569,0.02,0.0,0.0,No Holiday,6,Summer,703
16/07/2018,24.5,73,0.9,1901,0.36,0.0,0.0,No Holiday,7,Summer,1344
16/07/2018,26.4,69,0.5,1559,1.09,0.0,0.0,No Holiday,8,Summer,1935
16/07/2018,28.0,64,1.0,1682,1.35,0.0,0.0,No Holiday,9,Summer,1014
16/07/2018,29.8,54,1.8,1737,2.34,0.0,0.0,No Holiday,10,Summer,678
16/07/2018,31.5,51,2.1,1498,2.83,0.0,0.0,No Holiday,11,Summer,688
16/07/2018,32.4,49,2.0,1844,3.09,0.0,0.0,No Holiday,12,Summer,719
16/07/2018,33.0,51,2.5,1100,3.09,0.0,0.0,No Holiday,13,Summer,727
16/07/2018,33.7,45,2.5,1843,3.23,0.0,0.0,No Holiday,14,Summer,691
16/07/2018,33.4,44,3.1,1928,2.95,0.0,0.0,No Holiday,15,Summer,745
16/07/2018,33.3,46,3.1,1914,2.51,0.0,0.0,No Holiday,16,Summer,818
16/07/2018,33.0,46,3.1,1926,1.89,0.0,0.0,No Holiday,17,Summer,1425
16/07/2018,32.3,47,3.0,1961,1.26,0.0,0.0,No Holiday,18,Summer,2636
16/07/2018,31.2,52,2.4,1990,0.57,0.0,0.0,No Holiday,19,Summer,2368
16/07/2018,29.3,58,2.4,2000,0.09,0.0,0.0,No Holiday,20,Summer,2362
16/07/2018,28.0,64,1.5,2000,0.0,0.0,0.0,No Holiday,21,Summer,2241
16/07/2018,27.2,69,1.7,2000,0.0,0.0,0.0,No Holiday,22,Summer,1934
16/07/2018,26.6,75,1.5,1996,0.0,0.0,0.0,No Holiday,23,Summer,1285
17/07/2018,26.4,76,1.2,2000,0.0,0.0,0.0,No Holiday,0,Summer,1003
17/07/2018,25.8,78,0.4,2000,0.0,0.0,0.0,No Holiday,1,Summer,692
17/07/2018,25.3,78,1.0,2000,0.0,0.0,0.0,No Holiday,2,Summer,497
17/07/2018,24.8,80,1.0,1988,0.0,0.0,0.0,No Holiday,3,Summer,372
17/07/2018,24.4,80,1.0,1112,0.0,0.0,0.0,No Holiday,4,Summer,222
17/07/2018,24.1,81,0.9,1646,0.0,0.0,0.0,No Holiday,5,Summer,372
17/07/2018,24.0,81,0.9,1271,0.02,0.0,0.0,No Holiday,6,Summer,713
17/07/2018,24.4,75,1.0,841,0.35,0.0,0.0,No Holiday,7,Summer,1356
17/07/2018,25.8,69,0.8,969,1.06,0.0,0.0,No Holiday,8,Summer,1955
17/07/2018,27.5,60,2.2,1252,1.59,0.0,0.0,No Holiday,9,Summer,1031
17/07/2018,29.2,55,1.6,1404,2.36,0.0,0.0,No Holiday,10,Summer,719
17/07/2018,30.4,53,1.8,1359,2.74,0.0,0.0,No Holiday,11,Summer,797
17/07/2018,30.8,57,2.3,940,2.52,0.0,0.0,No Holiday,12,Summer,803
17/07/2018,31.1,53,3.2,1162,2.63,0.0,0.0,No Holiday,13,Summer,763
17/07/2018,31.8,49,3.5,1429,2.93,0.0,0.0,No Holiday,14,Summer,786
17/07/2018,31.9,51,3.3,1465,3.01,0.0,0.0,No Holiday,15,Summer,878
17/07/2018,32.0,51,2.4,1402,2.55,0.0,0.0,No Holiday,16,Summer,1062
17/07/2018,31.8,52,2.4,1438,1.93,0.0,0.0,No Holiday,17,Summer,1591
17/07/2018,31.3,55,2.5,1550,1.2,0.0,0.0,No Holiday,18,Summer,2770
17/07/2018,30.6,57,1.4,1529,0.58,0.0,0.0,No Holiday,19,Summer,2326
17/07/2018,28.9,64,1.7,1567,0.1,0.0,0.0,No Holiday,20,Summer,2174
17/07/2018,27.9,69,1.9,1194,0.0,0.0,0.0,No Holiday,21,Summer,2273
17/07/2018,27.2,70,1.9,1110,0.0,0.0,0.0,No Holiday,22,Summer,1940
17/07/2018,26.6,76,1.6,936,0.0,0.0,0.0,No Holiday,23,Summer,1340
18/07/2018,26.2,79,0.7,850,0.0,0.0,0.0,No Holiday,0,Summer,1002
18/07/2018,25.7,80,0.2,805,0.0,0.0,0.0,No Holiday,1,Summer,741
18/07/2018,25.2,82,0.4,791,0.0,0.0,0.0,No Holiday,2,Summer,526
18/07/2018,24.7,84,0.7,694,0.0,0.0,0.0,No Holiday,3,Summer,381
18/07/2018,24.3,83,0.7,621,0.0,0.0,0.0,No Holiday,4,Summer,266
18/07/2018,23.9,83,0.4,780,0.0,0.0,0.0,No Holiday,5,Summer,327
18/07/2018,23.7,83,0.1,713,0.03,0.0,0.0,No Holiday,6,Summer,695
18/07/2018,24.2,74,0.7,656,0.35,0.0,0.0,No Holiday,7,Summer,1308
18/07/2018,25.8,71,0.4,760,0.93,0.0,0.0,No Holiday,8,Summer,1944
18/07/2018,27.2,59,0.4,948,1.18,0.0,0.0,No Holiday,9,Summer,982
18/07/2018,28.9,61,1.5,941,2.04,0.0,0.0,No Holiday,10,Summer,722
18/07/2018,30.2,53,2.2,1143,2.77,0.0,0.0,No Holiday,11,Summer,701
18/07/2018,31.2,51,2.0,1101,2.96,0.0,0.0,No Holiday,12,Summer,780
18/07/2018,32.1,51,2.3,776,2.96,0.0,0.0,No Holiday,13,Summer,778
18/07/2018,32.7,49,1.5,765,2.62,0.0,0.0,No Holiday,14,Summer,762
18/07/2018,32.9,46,2.5,1248,2.9,0.0,0.0,No Holiday,15,Summer,776
18/07/2018,33.1,42,2.9,1712,2.52,0.0,0.0,No Holiday,16,Summer,912
18/07/2018,32.6,46,2.8,1560,1.95,0.0,0.0,No Holiday,17,Summer,1596
18/07/2018,32.0,50,2.6,1374,1.25,0.0,0.0,No Holiday,18,Summer,2692
18/07/2018,30.6,54,2.8,1531,0.59,0.0,0.0,No Holiday,19,Summer,2281
18/07/2018,28.8,66,1.9,1209,0.09,0.0,0.0,No Holiday,20,Summer,2202
18/07/2018,28.0,69,1.8,1140,0.0,0.0,0.0,No Holiday,21,Summer,2188
18/07/2018,27.2,73,1.5,1005,0.0,0.0,0.0,No Holiday,22,Summer,1980
18/07/2018,26.4,76,0.6,959,0.0,0.0,0.0,No Holiday,23,Summer,1354
19/07/2018,25.9,76,1.3,984,0.0,0.0,0.0,No Holiday,0,Summer,1068
19/07/2018,25.4,79,0.8,924,0.0,0.0,0.0,No Holiday,1,Summer,824
19/07/2018,24.8,80,1.5,888,0.0,0.0,0.0,No Holiday,2,Summer,591
19/07/2018,24.4,85,0.6,678,0.0,0.0,0.0,No Holiday,3,Summer,393
19/07/2018,24.0,87,0.9,582,0.0,0.0,0.0,No Holiday,4,Summer,231
19/07/2018,23.6,88,0.2,604,0.0,0.0,0.0,No Holiday,5,Summer,329
19/07/2018,23.3,83,0.2,875,0.02,0.0,0.0,No Holiday,6,Summer,672
19/07/2018,23.6,75,0.9,856,0.36,0.0,0.0,No Holiday,7,Summer,1315
19/07/2018,25.5,65,0.9,833,1.1,0.0,0.0,No Holiday,8,Summer,1993
19/07/2018,27.6,62,1.5,1043,1.76,0.0,0.0,No Holiday,9,Summer,985
19/07/2018,29.4,56,2.2,1153,2.38,0.0,0.0,No Holiday,10,Summer,695
19/07/2018,30.7,48,1.6,1705,2.92,0.0,0.0,No Holiday,11,Summer,687
19/07/2018,31.7,42,2.6,1868,3.23,0.0,0.0,No Holiday,12,Summer,828
19/07/2018,32.6,47,2.7,1641,3.36,0.0,0.0,No Holiday,13,Summer,798
19/07/2018,33.1,47,2.5,1785,3.26,0.0,0.0,No Holiday,14,Summer,722
19/07/2018,33.7,41,2.5,1924,3.04,0.0,0.0,No Holiday,15,Summer,827
19/07/2018,33.7,43,2.7,1890,2.55,0.0,0.0,No Holiday,16,Summer,1017
19/07/2018,34.0,44,2.3,1891,1.95,0.0,0.0,No Holiday,17,Summer,1536
19/07/2018,33.0,51,2.4,1566,1.23,0.0,0.0,No Holiday,18,Summer,2640
19/07/2018,31.6,58,2.3,1556,0.56,0.0,0.0,No Holiday,19,Summer,2245
19/07/2018,29.8,62,2.9,1931,0.08,0.0,0.0,No Holiday,20,Summer,2114
19/07/2018,28.8,69,2.4,1619,0.0,0.0,0.0,No Holiday,21,Summer,2122
19/07/2018,28.0,76,1.5,1542,0.0,0.0,0.0,No Holiday,22,Summer,1870
19/07/2018,27.2,78,1.9,1601,0.0,0.0,0.0,No Holiday,23,Summer,1318
20/07/2018,26.7,80,1.4,1465,0.0,0.0,0.0,No Holiday,0,Summer,1041
20/07/2018,26.1,81,1.6,1409,0.0,0.0,0.0,No Holiday,1,Summer,773
20/07/2018,25.7,84,0.1,1293,0.0,0.0,0.0,No Holiday,2,Summer,557
20/07/2018,25.4,84,0.9,1174,0.0,0.0,0.0,No Holiday,3,Summer,428
20/07/2018,25.1,83,0.0,1253,0.0,0.0,0.0,No Holiday,4,Summer,267
20/07/2018,24.9,83,0.3,1207,0.0,0.0,0.0,No Holiday,5,Summer,327
20/07/2018,24.6,82,0.2,1157,0.02,0.0,0.0,No Holiday,6,Summer,672
20/07/2018,25.2,75,0.6,1056,0.34,0.0,0.0,No Holiday,7,Summer,1251
20/07/2018,26.6,70,1.3,1062,1.01,0.0,0.0,No Holiday,8,Summer,1896
20/07/2018,28.4,65,1.2,806,1.69,0.0,0.0,No Holiday,9,Summer,1029
20/07/2018,29.8,59,1.2,973,2.32,0.0,0.0,No Holiday,10,Summer,641
20/07/2018,31.6,54,1.3,990,2.84,0.0,0.0,No Holiday,11,Summer,791
20/07/2018,32.6,51,2.1,800,3.21,0.0,0.0,No Holiday,12,Summer,822
20/07/2018,32.4,54,2.4,708,2.5,0.0,0.0,No Holiday,13,Summer,805
20/07/2018,33.4,52,2.7,685,2.67,0.0,0.0,No Holiday,14,Summer,741
20/07/2018,34.1,45,2.4,1110,2.88,0.0,0.0,No Holiday,15,Summer,794
20/07/2018,34.3,45,2.3,1466,2.47,0.0,0.0,No Holiday,16,Summer,928
20/07/2018,34.3,44,2.1,1704,1.87,0.0,0.0,No Holiday,17,Summer,1468
20/07/2018,33.9,42,2.0,1969,1.25,0.0,0.0,No Holiday,18,Summer,2419
20/07/2018,32.9,44,2.0,1985,0.59,0.0,0.0,No Holiday,19,Summer,2084
20/07/2018,30.9,51,2.2,2000,0.07,0.0,0.0,No Holiday,20,Summer,1888
20/07/2018,29.8,59,1.4,2000,0.0,0.0,0.0,No Holiday,21,Summer,1869
20/07/2018,28.8,65,1.3,1988,0.0,0.0,0.0,No Holiday,22,Summer,1782
20/07/2018,28.2,70,1.3,1811,0.0,0.0,0.0,No Holiday,23,Summer,1426
21/07/2018,27.5,73,1.1,1834,0.0,0.0,0.0,No Holiday,0,Summer,1132
21/07/2018,27.0,74,1.1,1833,0.0,0.0,0.0,No Holiday,1,Summer,945
21/07/2018,26.4,72,0.2,1766,0.0,0.0,0.0,No Holiday,2,Summer,684
21/07/2018,26.1,74,0.1,1683,0.0,0.0,0.0,No Holiday,3,Summer,477
21/07/2018,25.6,77,1.2,1203,0.0,0.0,0.0,No Holiday,4,Summer,347
21/07/2018,25.0,78,0.3,1474,0.0,0.0,0.0,No Holiday,5,Summer,292
21/07/2018,24.9,76,0.0,1473,0.02,0.0,0.0,No Holiday,6,Summer,381
21/07/2018,25.3,71,0.4,1226,0.34,0.0,0.0,No Holiday,7,Summer,491
21/07/2018,27.4,63,0.9,1043,1.03,0.0,0.0,No Holiday,8,Summer,720
21/07/2018,29.6,57,0.9,977,1.71,0.0,0.0,No Holiday,9,Summer,729
21/07/2018,31.4,51,1.1,847,2.32,0.0,0.0,No Holiday,10,Summer,699
21/07/2018,32.9,45,2.1,1020,2.72,0.0,0.0,No Holiday,11,Summer,676
21/07/2018,34.2,35,1.8,1528,3.14,0.0,0.0,No Holiday,12,Summer,735
21/07/2018,35.2,34,1.8,1636,3.21,0.0,0.0,No Holiday,13,Summer,727
21/07/2018,36.3,34,1.3,1493,3.17,0.0,0.0,No Holiday,14,Summer,682
21/07/2018,36.5,35,3.0,1355,2.71,0.0,0.0,No Holiday,15,Summer,785
21/07/2018,36.8,30,2.8,1756,2.41,0.0,0.0,No Holiday,16,Summer,883
21/07/2018,36.3,36,3.1,1972,1.91,0.0,0.0,No Holiday,17,Summer,1011
21/07/2018,35.0,42,2.9,1953,1.26,0.0,0.0,No Holiday,18,Summer,1202
21/07/2018,33.4,51,2.6,2000,0.59,0.0,0.0,No Holiday,19,Summer,1423
21/07/2018,31.5,53,1.8,2000,0.08,0.0,0.0,No Holiday,20,Summer,1655
21/07/2018,30.2,54,1.8,2000,0.0,0.0,0.0,No Holiday,21,Summer,1731
21/07/2018,29.4,55,1.4,2000,0.0,0.0,0.0,No Holiday,22,Summer,1588
21/07/2018,28.8,56,1.6,2000,0.0,0.0,0.0,No Holiday,23,Summer,1288
22/07/2018,28.1,56,0.2,2000,0.0,0.0,0.0,No Holiday,0,Summer,1088
22/07/2018,27.3,60,0.8,2000,0.0,0.0,0.0,No Holiday,1,Summer,772
22/07/2018,26.8,63,0.6,2000,0.0,0.0,0.0,No Holiday,2,Summer,587
22/07/2018,26.3,63,0.2,2000,0.0,0.0,0.0,No Holiday,3,Summer,438
22/07/2018,25.9,71,0.3,2000,0.0,0.0,0.0,No Holiday,4,Summer,270
22/07/2018,25.5,72,0.4,2000,0.0,0.0,0.0,No Holiday,5,Summer,256
22/07/2018,25.3,73,0.6,1979,0.02,0.0,0.0,No Holiday,6,Summer,286
22/07/2018,25.8,67,0.9,1773,0.34,0.0,0.0,No Holiday,7,Summer,360
22/07/2018,27.9,60,0.6,1835,1.06,0.0,0.0,No Holiday,8,Summer,477
22/07/2018,30.5,54,0.9,1907,1.71,0.0,0.0,No Holiday,9,Summer,526
22/07/2018,32.2,50,0.8,1881,2.29,0.0,0.0,No Holiday,10,Summer,522
22/07/2018,33.8,45,1.9,1928,2.74,0.0,0.0,No Holiday,11,Summer,499
22/07/2018,35.5,39,1.9,1803,3.05,0.0,0.0,No Holiday,12,Summer,560
22/07/2018,36.7,33,1.8,1911,3.24,0.0,0.0,No Holiday,13,Summer,569
22/07/2018,37.4,34,2.3,1860,3.05,0.0,0.0,No Holiday,14,Summer,565
22/07/2018,37.5,33,2.0,1816,2.32,0.0,0.0,No Holiday,15,Summer,632
22/07/2018,37.8,31,2.5,1929,2.46,0.0,0.0,No Holiday,16,Summer,771
22/07/2018,37.6,33,2.1,1837,1.82,0.0,0.0,No Holiday,17,Summer,965
22/07/2018,36.3,35,3.0,1860,0.89,0.0,0.0,No Holiday,18,Summer,1212
22/07/2018,34.5,47,2.8,1762,0.42,0.0,0.0,No Holiday,19,Summer,1478
22/07/2018,33.3,50,2.3,1706,0.1,0.0,0.0,No Holiday,20,Summer,1688
22/07/2018,32.3,50,1.7,1784,0.0,0.0,0.0,No Holiday,21,Summer,1666
22/07/2018,31.7,51,1.4,1742,0.0,0.0,0.0,No Holiday,22,Summer,1346
22/07/2018,31.2,52,1.5,1670,0.0,0.0,0.0,No Holiday,23,Summer,1030
23/07/2018,30.6,50,2.3,1631,0.0,0.0,0.0,No Holiday,0,Summer,792
23/07/2018,30.0,52,1.5,1774,0.0,0.0,0.0,No Holiday,1,Summer,542
23/07/2018,29.7,53,1.4,1682,0.0,0.0,0.0,No Holiday,2,Summer,382
23/07/2018,29.6,50,2.1,1970,0.0,0.0,0.0,No Holiday,3,Summer,238
23/07/2018,29.3,51,0.9,1498,0.0,0.0,0.0,No Holiday,4,Summer,174
23/07/2018,29.3,55,1.6,2000,0.0,0.0,0.0,No Holiday,5,Summer,310
23/07/2018,29.2,58,1.7,2000,0.01,0.0,0.0,No Holiday,6,Summer,652
23/07/2018,29.3,58,0.8,2000,0.23,0.0,0.0,No Holiday,7,Summer,1241
23/07/2018,30.0,56,0.9,2000,0.54,0.0,0.0,No Holiday,8,Summer,1889
23/07/2018,31.0,55,1.5,1945,1.14,0.0,0.0,No Holiday,9,Summer,985
23/07/2018,31.8,51,1.5,1900,1.71,0.0,0.0,No Holiday,10,Summer,636
23/07/2018,32.7,48,2.2,1908,2.53,0.0,0.0,No Holiday,11,Summer,611
23/07/2018,34.1,47,2.3,1862,2.94,0.0,0.0,No Holiday,12,Summer,655
23/07/2018,33.8,47,1.7,1887,1.57,0.0,0.0,No Holiday,13,Summer,688
23/07/2018,34.3,45,2.2,1967,1.64,0.0,0.0,No Holiday,14,Summer,670
23/07/2018,35.4,46,2.2,1861,2.48,0.0,0.0,No Holiday,15,Summer,739
23/07/2018,34.8,47,2.2,1839,1.32,0.0,0.0,No Holiday,16,Summer,960
23/07/2018,34.8,49,3.0,1866,1.37,0.0,0.0,No Holiday,17,Summer,1310
23/07/2018,33.9,53,3.2,1886,0.94,0.0,0.0,No Holiday,18,Summer,2405
23/07/2018,32.6,58,3.2,1962,0.45,0.0,0.0,No Holiday,19,Summer,2112
23/07/2018,31.5,61,1.8,2000,0.07,0.0,0.0,No Holiday,20,Summer,2051
23/07/2018,30.8,60,1.8,2000,0.0,0.0,0.0,No Holiday,21,Summer,1994
23/07/2018,30.3,60,1.8,2000,0.0,0.0,0.0,No Holiday,22,Summer,1697
23/07/2018,30.0,58,1.6,2000,0.0,0.0,0.0,No Holiday,23,Summer,1157
24/07/2018,29.6,61,1.0,2000,0.0,0.0,0.0,No Holiday,0,Summer,874
24/07/2018,29.1,64,1.2,2000,0.0,0.0,0.0,No Holiday,1,Summer,715
24/07/2018,28.6,66,0.9,2000,0.0,0.0,0.0,No Holiday,2,Summer,487
24/07/2018,28.2,65,0.3,1999,0.0,0.0,0.0,No Holiday,3,Summer,332
24/07/2018,27.8,67,0.2,1982,0.0,0.0,0.0,No Holiday,4,Summer,218
24/07/2018,27.5,70,0.1,1976,0.0,0.0,0.0,No Holiday,5,Summer,306
24/07/2018,27.2,71,0.8,1920,0.02,0.0,0.0,No Holiday,6,Summer,673
24/07/2018,27.8,63,1.2,1781,0.32,0.0,0.0,No Holiday,7,Summer,1213
24/07/2018,29.9,59,0.8,1727,1.03,0.0,0.0,No Holiday,8,Summer,1820
24/07/2018,31.7,59,1.0,1706,1.69,0.0,0.0,No Holiday,9,Summer,926
24/07/2018,32.4,54,0.9,1631,1.45,0.0,0.0,No Holiday,10,Summer,610
24/07/2018,33.9,46,1.6,1387,2.15,0.0,0.0,No Holiday,11,Summer,620
24/07/2018,34.5,50,1.4,1901,1.89,0.0,0.0,No Holiday,12,Summer,671
24/07/2018,36.4,41,1.3,1655,2.86,0.0,0.0,No Holiday,13,Summer,688
24/07/2018,35.8,49,2.8,1264,2.4,0.0,0.0,No Holiday,14,Summer,649
24/07/2018,35.8,47,2.2,1029,1.51,0.0,0.0,No Holiday,15,Summer,735
24/07/2018,34.9,51,2.0,1221,0.76,0.0,0.0,No Holiday,16,Summer,834
24/07/2018,34.9,51,2.2,1235,0.98,0.0,0.0,No Holiday,17,Summer,1297
24/07/2018,34.9,53,2.2,1296,0.86,0.0,0.0,No Holiday,18,Summer,2300
24/07/2018,33.1,57,2.2,1670,0.44,0.0,0.0,No Holiday,19,Summer,1968
24/07/2018,31.1,63,2.0,1542,0.06,0.0,0.0,No Holiday,20,Summer,1834
24/07/2018,30.2,65,2.3,1642,0.0,0.0,0.0,No Holiday,21,Summer,1899
24/07/2018,29.8,66,3.2,1511,0.0,0.0,0.0,No Holiday,22,Summer,1773
24/07/2018,29.3,66,2.8,1854,0.0,0.0,0.0,No Holiday,23,Summer,1193
25/07/2018,28.9,66,2.2,2000,0.0,0.0,0.0,No Holiday,0,Summer,939
25/07/2018,28.7,67,2.6,2000,0.0,0.0,0.0,No Holiday,1,Summer,726
25/07/2018,28.8,68,1.8,2000,0.0,0.0,0.0,No Holiday,2,Summer,499
25/07/2018,28.9,69,2.8,1871,0.0,0.0,0.0,No Holiday,3,Summer,327
25/07/2018,28.5,74,2.6,1549,0.0,0.0,0.0,No Holiday,4,Summer,212
25/07/2018,28.3,74,2.4,1378,0.0,0.0,0.0,No Holiday,5,Summer,299
25/07/2018,28.1,75,1.8,1092,0.01,0.0,0.0,No Holiday,6,Summer,657
25/07/2018,28.3,72,2.0,1200,0.1,0.0,0.0,No Holiday,7,Summer,1171
25/07/2018,28.7,70,3.5,1470,0.52,0.0,0.0,No Holiday,8,Summer,1893
25/07/2018,29.4,66,2.5,1308,0.91,0.0,0.0,No Holiday,9,Summer,995
25/07/2018,30.7,61,2.8,1521,1.5,0.0,0.0,No Holiday,10,Summer,696
25/07/2018,30.7,63,3.4,1323,1.13,0.0,0.0,No Holiday,11,Summer,749
25/07/2018,31.1,60,2.7,1331,1.02,0.0,0.0,No Holiday,12,Summer,791
25/07/2018,32.3,56,3.0,1504,1.74,0.0,0.0,No Holiday,13,Summer,783
25/07/2018,33.0,53,1.7,1357,1.73,0.0,0.0,No Holiday,14,Summer,754
25/07/2018,34.0,50,3.0,1705,1.72,0.0,0.0,No Holiday,15,Summer,781
25/07/2018,34.1,52,2.5,1304,2.23,0.0,0.0,No Holiday,16,Summer,977
25/07/2018,33.2,56,2.2,1428,1.03,0.0,0.0,No Holiday,17,Summer,1412
25/07/2018,32.2,58,2.5,1553,0.44,0.0,0.0,No Holiday,18,Summer,2416
25/07/2018,31.7,60,2.3,1492,0.23,0.0,0.0,No Holiday,19,Summer,2039
25/07/2018,30.9,67,1.7,1470,0.05,0.0,0.0,No Holiday,20,Summer,1935
25/07/2018,29.7,74,2.2,1342,0.0,0.0,0.0,No Holiday,21,Summer,1811
25/07/2018,28.8,76,2.8,1231,0.0,0.0,0.0,No Holiday,22,Summer,1767
25/07/2018,28.0,77,1.9,1346,0.0,0.0,0.0,No Holiday,23,Summer,1289
26/07/2018,27.7,78,1.2,1341,0.0,0.0,0.0,No Holiday,0,Summer,939
26/07/2018,27.6,79,1.0,1261,0.0,0.0,0.0,No Holiday,1,Summer,718
26/07/2018,27.6,78,0.1,1289,0.0,0.0,0.0,No Holiday,2,Summer,498
26/07/2018,27.7,76,0.2,1376,0.0,0.0,0.0,No Holiday,3,Summer,355
26/07/2018,27.7,75,1.0,1360,0.0,0.0,0.0,No Holiday,4,Summer,252
26/07/2018,27.4,78,0.8,1301,0.0,0.0,0.0,No Holiday,5,Summer,306
26/07/2018,27.4,77,0.7,1113,0.0,0.0,0.0,No Holiday,6,Summer,602
26/07/2018,27.7,75,1.2,1103,0.1,0.0,0.0,No Holiday,7,Summer,1175
26/07/2018,28.3,72,0.8,1165,0.34,0.0,0.0,No Holiday,8,Summer,1823
26/07/2018,29.1,69,1.0,853,0.67,0.0,0.0,No Holiday,9,Summer,966
26/07/2018,29.5,68,1.8,946,0.54,0.0,0.0,No Holiday,10,Summer,644
26/07/2018,30.2,67,1.5,1003,0.87,0.0,0.0,No Holiday,11,Summer,614
26/07/2018,32.0,57,1.6,1075,1.94,0.0,0.0,No Holiday,12,Summer,600
26/07/2018,32.4,54,0.7,896,1.41,0.0,0.0,No Holiday,13,Summer,628
26/07/2018,33.0,56,2.5,879,1.33,0.0,0.0,No Holiday,14,Summer,706
26/07/2018,33.1,58,1.9,882,0.87,0.0,0.0,No Holiday,15,Summer,774
26/07/2018,33.5,57,2.8,989,1.55,0.0,0.0,No Holiday,16,Summer,920
26/07/2018,33.1,59,2.9,1038,1.14,0.0,0.0,No Holiday,17,Summer,1394
26/07/2018,33.2,59,1.8,1069,0.99,0.0,0.0,No Holiday,18,Summer,2367
26/07/2018,32.3,63,2.1,1037,0.41,0.0,0.0,No Holiday,19,Summer,1994
26/07/2018,31.0,68,1.4,1162,0.05,0.0,0.0,No Holiday,20,Summer,1790
26/07/2018,30.0,74,2.7,1056,0.0,0.0,0.0,No Holiday,21,Summer,1868
26/07/2018,29.4,78,1.6,1011,0.0,0.0,0.0,No Holiday,22,Summer,1709
26/07/2018,29.0,79,1.2,971,0.0,0.0,0.0,No Holiday,23,Summer,1273
27/07/2018,28.6,80,0.6,990,0.0,0.0,0.0,No Holiday,0,Summer,909
27/07/2018,28.3,78,0.5,1072,0.0,0.0,0.0,No Holiday,1,Summer,747
27/07/2018,27.8,79,1.4,1049,0.0,0.0,0.0,No Holiday,2,Summer,537
27/07/2018,27.6,80,1.6,929,0.0,0.0,0.0,No Holiday,3,Summer,371
27/07/2018,27.3,85,1.6,671,0.0,0.0,0.0,No Holiday,4,Summer,218
27/07/2018,27.2,86,0.8,657,0.0,0.0,0.0,No Holiday,5,Summer,295
27/07/2018,27.2,85,0.1,702,0.02,0.0,0.0,No Holiday,6,Summer,647
27/07/2018,27.6,80,1.0,783,0.27,0.0,0.0,No Holiday,7,Summer,1111
27/07/2018,28.5,76,0.9,725,0.59,0.0,0.0,No Holiday,8,Summer,1763
27/07/2018,29.9,69,1.5,769,1.12,0.0,0.0,No Holiday,9,Summer,934
27/07/2018,31.2,61,2.3,901,1.71,0.0,0.0,No Holiday,10,Summer,639
27/07/2018,32.7,56,1.9,1034,2.57,0.0,0.0,No Holiday,11,Summer,619
27/07/2018,33.7,53,1.9,990,2.5,0.0,0.0,No Holiday,12,Summer,714
27/07/2018,35.3,48,2.5,880,2.89,0.0,0.0,No Holiday,13,Summer,653
27/07/2018,34.1,57,1.8,667,1.13,0.0,0.0,No Holiday,14,Summer,507
27/07/2018,35.3,52,1.9,822,2.15,0.0,0.0,No Holiday,15,Summer,776
27/07/2018,35.0,55,2.8,835,1.56,0.0,0.0,No Holiday,16,Summer,905
27/07/2018,34.7,59,2.7,1095,1.49,0.0,0.0,No Holiday,17,Summer,1289
27/07/2018,33.7,62,3.2,1082,0.87,0.0,0.0,No Holiday,18,Summer,2183
27/07/2018,32.0,68,3.0,1286,0.38,0.0,0.0,No Holiday,19,Summer,1657
27/07/2018,30.7,73,2.8,1310,0.04,0.0,0.0,No Holiday,20,Summer,1565
27/07/2018,30.3,75,1.1,1289,0.0,0.0,0.0,No Holiday,21,Summer,1547
27/07/2018,29.9,74,2.0,1201,0.0,0.0,0.0,No Holiday,22,Summer,1507
27/07/2018,29.7,76,1.2,1159,0.0,0.0,0.0,No Holiday,23,Summer,1182
28/07/2018,29.4,78,2.1,1072,0.0,0.0,0.0,No Holiday,0,Summer,992
28/07/2018,29.1,79,1.3,975,0.0,0.0,0.0,No Holiday,1,Summer,875
28/07/2018,28.8,80,1.9,925,0.0,0.0,0.0,No Holiday,2,Summer,656
28/07/2018,28.5,81,1.2,911,0.0,0.0,0.0,No Holiday,3,Summer,461
28/07/2018,28.3,83,1.7,814,0.0,0.0,0.0,No Holiday,4,Summer,340
28/07/2018,28.1,84,0.5,754,0.0,0.0,0.0,No Holiday,5,Summer,248
28/07/2018,28.0,85,0.8,647,0.01,0.0,0.0,No Holiday,6,Summer,313
28/07/2018,28.4,82,0.7,748,0.16,0.0,0.0,No Holiday,7,Summer,428
28/07/2018,29.6,75,0.4,749,0.66,0.0,0.0,No Holiday,8,Summer,606
28/07/2018,30.6,74,1.4,716,0.95,0.0,0.0,No Holiday,9,Summer,671
28/07/2018,32.0,65,0.9,966,1.19,0.0,0.0,No Holiday,10,Summer,654
28/07/2018,32.8,62,0.6,881,1.3,0.0,0.0,No Holiday,11,Summer,592
28/07/2018,33.6,62,1.9,820,1.35,0.0,0.0,No Holiday,12,Summer,632
28/07/2018,34.2,58,1.8,933,1.33,0.0,0.0,No Holiday,13,Summer,741
28/07/2018,34.4,65,1.8,960,1.75,0.2,0.0,No Holiday,14,Summer,314
28/07/2018,28.9,86,2.2,1592,0.26,7.3,0.0,No Holiday,15,Summer,468
28/07/2018,28.6,82,3.4,1022,0.14,0.0,0.0,No Holiday,16,Summer,706
28/07/2018,28.2,83,1.3,1099,0.11,0.0,0.0,No Holiday,17,Summer,863
28/07/2018,29.0,81,0.8,989,0.22,0.0,0.0,No Holiday,18,Summer,843
28/07/2018,29.3,78,0.0,988,0.15,0.0,0.0,No Holiday,19,Summer,974
28/07/2018,29.2,82,0.4,1000,0.01,0.0,0.0,No Holiday,20,Summer,1095
28/07/2018,29.1,78,1.1,1362,0.0,0.0,0.0,No Holiday,21,Summer,1211
28/07/2018,29.0,74,0.9,1652,0.0,0.0,0.0,No Holiday,22,Summer,1158
28/07/2018,28.6,74,0.7,1807,0.0,0.0,0.0,No Holiday,23,Summer,1039
29/07/2018,28.4,70,0.9,1945,0.0,0.0,0.0,No Holiday,0,Summer,921
29/07/2018,28.0,71,0.6,1799,0.0,0.0,0.0,No Holiday,1,Summer,636
29/07/2018,27.7,73,0.4,1832,0.0,0.0,0.0,No Holiday,2,Summer,511
29/07/2018,27.4,73,0.6,1893,0.0,0.0,0.0,No Holiday,3,Summer,403
29/07/2018,27.0,74,0.8,1816,0.0,0.0,0.0,No Holiday,4,Summer,245
29/07/2018,26.7,75,0.3,1871,0.0,0.0,0.0,No Holiday,5,Summer,199
29/07/2018,26.4,76,0.4,1813,0.01,0.0,0.0,No Holiday,6,Summer,266
29/07/2018,26.9,69,0.8,1960,0.29,0.0,0.0,No Holiday,7,Summer,345
29/07/2018,28.6,63,0.8,1867,1.0,0.0,0.0,No Holiday,8,Summer,456
29/07/2018,30.6,54,1.7,1831,1.68,0.0,0.0,No Holiday,9,Summer,519
29/07/2018,32.4,48,1.9,1952,2.33,0.0,0.0,No Holiday,10,Summer,473
29/07/2018,33.6,46,1.7,1965,2.6,0.0,0.0,No Holiday,11,Summer,476
29/07/2018,33.8,47,1.7,1962,1.92,0.0,0.0,No Holiday,12,Summer,644
29/07/2018,34.4,41,2.9,1970,2.33,0.0,0.0,No Holiday,13,Summer,622
29/07/2018,35.4,43,1.4,2000,2.48,0.0,0.0,No Holiday,14,Summer,630
29/07/2018,35.9,37,1.9,1949,1.98,0.0,0.0,No Holiday,15,Summer,713
29/07/2018,36.0,33,1.4,2000,1.97,0.0,0.0,No Holiday,16,Summer,760
29/07/2018,36.3,36,1.5,2000,1.87,0.0,0.0,No Holiday,17,Summer,895
29/07/2018,35.8,35,1.3,2000,1.21,0.0,0.0,No Holiday,18,Summer,1141
29/07/2018,34.4,39,1.2,2000,0.58,0.0,0.0,No Holiday,19,Summer,1486
29/07/2018,32.3,48,1.4,2000,0.08,0.0,0.0,No Holiday,20,Summer,1697
29/07/2018,31.1,47,1.3,2000,0.0,0.0,0.0,No Holiday,21,Summer,1638
29/07/2018,30.4,45,1.6,2000,0.0,0.0,0.0,No Holiday,22,Summer,1406
29/07/2018,29.9,45,1.4,2000,0.0,0.0,0.0,No Holiday,23,Summer,1108
30/07/2018,29.2,50,1.1,2000,0.0,0.0,0.0,No Holiday,0,Summer,810
30/07/2018,28.5,54,1.1,2000,0.0,0.0,0.0,No Holiday,1,Summer,575
30/07/2018,28.0,57,1.2,2000,0.0,0.0,0.0,No Holiday,2,Summer,363
30/07/2018,27.4,59,1.4,2000,0.0,0.0,0.0,No Holiday,3,Summer,253
30/07/2018,26.7,62,1.0,2000,0.0,0.0,0.0,No Holiday,4,Summer,209
30/07/2018,26.4,62,0.6,2000,0.0,0.0,0.0,No Holiday,5,Summer,273
30/07/2018,26.2,64,1.4,2000,0.01,0.0,0.0,No Holiday,6,Summer,668
30/07/2018,26.8,59,1.1,2000,0.28,0.0,0.0,No Holiday,7,Summer,1130
30/07/2018,28.8,56,1.4,2000,1.08,0.0,0.0,No Holiday,8,Summer,1646
30/07/2018,30.5,53,1.6,2000,1.74,0.0,0.0,No Holiday,9,Summer,866
30/07/2018,32.0,50,2.1,1992,2.34,0.0,0.0,No Holiday,10,Summer,609
30/07/2018,33.2,46,1.4,1968,2.16,0.0,0.0,No Holiday,11,Summer,623
30/07/2018,33.6,48,1.6,2000,1.89,0.0,0.0,No Holiday,12,Summer,663
30/07/2018,34.7,43,1.3,2000,2.05,0.0,0.0,No Holiday,13,Summer,688
30/07/2018,35.3,41,1.3,2000,2.01,0.0,0.0,No Holiday,14,Summer,645
30/07/2018,35.5,43,1.3,2000,1.61,0.0,0.0,No Holiday,15,Summer,666
30/07/2018,36.4,40,1.1,2000,1.79,0.0,0.0,No Holiday,16,Summer,845
30/07/2018,35.4,44,0.8,2000,1.1,0.0,0.0,No Holiday,17,Summer,1224
30/07/2018,36.5,38,0.9,2000,1.17,0.0,0.0,No Holiday,18,Summer,2347
30/07/2018,35.2,43,0.9,2000,0.42,0.0,0.0,No Holiday,19,Summer,2016
30/07/2018,33.9,46,1.4,2000,0.03,0.0,0.0,No Holiday,20,Summer,1947
30/07/2018,33.1,48,1.1,2000,0.0,0.0,0.0,No Holiday,21,Summer,1875
30/07/2018,32.5,50,1.2,2000,0.0,0.0,0.0,No Holiday,22,Summer,1552
30/07/2018,31.7,52,1.2,2000,0.0,0.0,0.0,No Holiday,23,Summer,1202
31/07/2018,31.0,54,0.8,2000,0.0,0.0,0.0,No Holiday,0,Summer,901
31/07/2018,30.2,57,0.7,2000,0.0,0.0,0.0,No Holiday,1,Summer,695
31/07/2018,29.8,57,0.8,2000,0.0,0.0,0.0,No Holiday,2,Summer,476
31/07/2018,29.3,57,1.6,2000,0.0,0.0,0.0,No Holiday,3,Summer,334
31/07/2018,28.8,58,0.9,2000,0.0,0.0,0.0,No Holiday,4,Summer,244
31/07/2018,28.3,60,1.6,2000,0.0,0.0,0.0,No Holiday,5,Summer,284
31/07/2018,27.9,63,0.5,2000,0.01,0.0,0.0,No Holiday,6,Summer,584
31/07/2018,27.9,60,1.1,1983,0.28,0.0,0.0,No Holiday,7,Summer,1091
31/07/2018,29.3,51,0.9,2000,1.02,0.0,0.0,No Holiday,8,Summer,1665
31/07/2018,30.9,47,1.0,2000,1.62,0.0,0.0,No Holiday,9,Summer,860
31/07/2018,32.7,43,1.2,2000,2.31,0.0,0.0,No Holiday,10,Summer,582
31/07/2018,34.1,40,1.5,1947,2.8,0.0,0.0,No Holiday,11,Summer,583
31/07/2018,35.2,39,1.2,2000,2.86,0.0,0.0,No Holiday,12,Summer,626
31/07/2018,36.1,38,1.0,2000,3.12,0.0,0.0,No Holiday,13,Summer,623
31/07/2018,36.4,35,1.3,1967,2.46,0.0,0.0,No Holiday,14,Summer,579
31/07/2018,37.8,34,1.8,1965,2.81,0.0,0.0,No Holiday,15,Summer,665
31/07/2018,37.0,38,1.2,2000,2.07,0.0,0.0,No Holiday,16,Summer,763
31/07/2018,38.0,36,1.3,1989,2.03,0.0,0.0,No Holiday,17,Summer,1184
31/07/2018,36.2,45,2.0,2000,0.65,0.0,0.0,No Holiday,18,Summer,2092
31/07/2018,34.9,47,2.4,2000,0.42,0.0,0.0,No Holiday,19,Summer,1865
31/07/2018,33.5,50,2.1,2000,0.04,0.0,0.0,No Holiday,20,Summer,1772
31/07/2018,32.7,51,2.8,2000,0.0,0.0,0.0,No Holiday,21,Summer,1719
31/07/2018,31.6,66,3.0,2000,0.0,0.0,0.0,No Holiday,22,Summer,1613
31/07/2018,31.0,65,0.5,2000,0.0,0.0,0.0,No Holiday,23,Summer,1097
01/08/2018,30.5,68,1.9,2000,0.0,0.0,0.0,No Holiday,0,Summer,875
01/08/2018,29.9,70,1.0,2000,0.0,0.0,0.0,No Holiday,1,Summer,724
01/08/2018,29.5,69,0.8,2000,0.0,0.0,0.0,No Holiday,2,Summer,501
01/08/2018,29.1,64,0.5,1997,0.0,0.0,0.0,No Holiday,3,Summer,362
01/08/2018,28.5,69,0.3,2000,0.0,0.0,0.0,No Holiday,4,Summer,250
01/08/2018,28.3,68,0.3,2000,0.0,0.0,0.0,No Holiday,5,Summer,315
01/08/2018,27.8,73,0.9,1971,0.01,0.0,0.0,No Holiday,6,Summer,622
01/08/2018,28.2,68,0.5,1748,0.27,0.0,0.0,No Holiday,7,Summer,1061
01/08/2018,30.3,59,0.8,1920,1.02,0.0,0.0,No Holiday,8,Summer,1550
01/08/2018,32.4,53,0.7,1264,1.69,0.0,0.0,No Holiday,9,Summer,853
01/08/2018,34.3,45,1.0,1919,2.31,0.0,0.0,No Holiday,10,Summer,540
01/08/2018,35.8,41,1.6,1795,2.77,0.0,0.0,No Holiday,11,Summer,521
01/08/2018,36.8,39,1.3,1944,2.8,0.0,0.0,No Holiday,12,Summer,569
01/08/2018,37.9,38,2.3,1868,3.05,0.0,0.0,No Holiday,13,Summer,533
01/08/2018,38.7,38,2.4,1943,3.12,0.0,0.0,No Holiday,14,Summer,475
01/08/2018,39.3,37,2.3,1892,2.82,0.0,0.0,No Holiday,15,Summer,531
01/08/2018,39.4,39,2.5,1897,2.42,0.0,0.0,No Holiday,16,Summer,561
01/08/2018,39.0,41,2.6,1881,1.83,0.0,0.0,No Holiday,17,Summer,1033
01/08/2018,37.8,47,3.8,1931,1.09,0.0,0.0,No Holiday,18,Summer,1929
01/08/2018,36.1,56,3.7,1837,0.47,0.0,0.0,No Holiday,19,Summer,1553
01/08/2018,34.5,62,2.8,1701,0.02,0.0,0.0,No Holiday,20,Summer,1441
01/08/2018,33.3,64,3.0,1680,0.0,0.0,0.0,No Holiday,21,Summer,1500
01/08/2018,32.6,64,2.4,1703,0.0,0.0,0.0,No Holiday,22,Summer,1367
01/08/2018,32.3,67,1.0,1592,0.0,0.0,0.0,No Holiday,23,Summer,1046
02/08/2018,31.9,67,1.5,1550,0.0,0.0,0.0,No Holiday,0,Summer,850
02/08/2018,31.5,69,1.5,1512,0.0,0.0,0.0,No Holiday,1,Summer,647
02/08/2018,31.5,68,0.0,1504,0.0,0.0,0.0,No Holiday,2,Summer,459
02/08/2018,31.1,70,0.4,1449,0.0,0.0,0.0,No Holiday,3,Summer,295
02/08/2018,31.1,54,1.9,2000,0.0,0.0,0.0,No Holiday,4,Summer,215
02/08/2018,30.7,57,0.9,2000,0.0,0.0,0.0,No Holiday,5,Summer,265
02/08/2018,30.4,54,1.3,2000,0.01,0.0,0.0,No Holiday,6,Summer,578
02/08/2018,30.5,53,1.1,2000,0.22,0.0,0.0,No Holiday,7,Summer,1006
02/08/2018,31.6,50,1.1,1943,0.76,0.0,0.0,No Holiday,8,Summer,1579
02/08/2018,32.9,49,1.8,1843,1.53,0.0,0.0,No Holiday,9,Summer,813
02/08/2018,34.4,46,2.0,1880,1.94,0.0,0.0,No Holiday,10,Summer,549
02/08/2018,35.3,45,1.7,1829,2.27,0.0,0.0,No Holiday,11,Summer,547
02/08/2018,36.6,41,2.0,1866,2.58,0.0,0.0,No Holiday,12,Summer,562
02/08/2018,36.7,44,1.4,1765,1.9,0.0,0.0,No Holiday,13,Summer,550
02/08/2018,37.3,40,1.8,1666,1.52,0.0,0.0,No Holiday,14,Summer,535
02/08/2018,36.6,44,1.5,1771,1.13,0.0,0.0,No Holiday,15,Summer,605
02/08/2018,37.9,39,1.6,1757,1.76,0.0,0.0,No Holiday,16,Summer,676
02/08/2018,37.4,44,2.3,1829,1.49,0.0,0.0,No Holiday,17,Summer,1066
02/08/2018,36.7,47,2.5,1803,0.99,0.0,0.0,No Holiday,18,Summer,1881
02/08/2018,35.2,52,2.3,1754,0.44,0.0,0.0,No Holiday,19,Summer,1605
02/08/2018,33.9,58,2.4,1519,0.04,0.0,0.0,No Holiday,20,Summer,1480
02/08/2018,33.3,63,1.2,1304,0.0,0.0,0.0,No Holiday,21,Summer,1535
02/08/2018,32.9,64,1.0,1088,0.0,0.0,0.0,No Holiday,22,Summer,1375
02/08/2018,32.4,64,1.7,1153,0.0,0.0,0.0,No Holiday,23,Summer,1020
03/08/2018,32.1,67,1.1,1077,0.0,0.0,0.0,No Holiday,0,Summer,763
03/08/2018,31.7,68,0.3,1103,0.0,0.0,0.0,No Holiday,1,Summer,675
03/08/2018,31.5,68,0.3,1001,0.0,0.0,0.0,No Holiday,2,Summer,443
03/08/2018,31.2,68,1.4,968,0.0,0.0,0.0,No Holiday,3,Summer,327
03/08/2018,31.0,73,0.5,990,0.0,0.0,0.0,No Holiday,4,Summer,236
03/08/2018,30.5,72,0.5,1084,0.0,0.0,0.0,No Holiday,5,Summer,266
03/08/2018,30.5,62,1.3,1583,0.01,0.0,0.0,No Holiday,6,Summer,544
03/08/2018,30.8,58,1.6,1777,0.22,0.0,0.0,No Holiday,7,Summer,937
03/08/2018,31.8,55,1.3,1537,0.78,0.0,0.0,No Holiday,8,Summer,1471
03/08/2018,33.0,50,1.7,1722,1.49,0.0,0.0,No Holiday,9,Summer,784
03/08/2018,34.3,48,2.5,1822,2.12,0.0,0.0,No Holiday,10,Summer,530
03/08/2018,35.7,42,1.6,1727,2.56,0.0,0.0,No Holiday,11,Summer,575
03/08/2018,36.8,41,2.1,1759,2.53,0.0,0.0,No Holiday,12,Summer,585
03/08/2018,36.8,44,1.8,1625,1.79,0.0,0.0,No Holiday,13,Summer,585
03/08/2018,37.4,40,2.8,1519,2.03,0.0,0.0,No Holiday,14,Summer,575
03/08/2018,37.4,44,3.2,1499,2.71,0.0,0.0,No Holiday,15,Summer,600
03/08/2018,36.7,44,3.5,1666,2.16,0.0,0.0,No Holiday,16,Summer,763
03/08/2018,35.8,49,3.9,1633,1.52,0.0,0.0,No Holiday,17,Summer,1105
03/08/2018,34.4,53,3.3,1650,0.8,0.0,0.0,No Holiday,18,Summer,1920
03/08/2018,33.5,54,2.7,1871,0.35,0.0,0.0,No Holiday,19,Summer,1558
03/08/2018,32.2,58,1.9,1673,0.02,0.0,0.0,No Holiday,20,Summer,1517
03/08/2018,31.2,63,1.7,1537,0.0,0.0,0.0,No Holiday,21,Summer,1511
03/08/2018,30.6,64,1.2,1705,0.0,0.0,0.0,No Holiday,22,Summer,1421
03/08/2018,30.2,62,0.8,1708,0.0,0.0,0.0,No Holiday,23,Summer,1103
04/08/2018,30.0,61,1.7,1794,0.0,0.0,0.0,No Holiday,0,Summer,953
04/08/2018,29.9,61,1.1,1745,0.0,0.0,0.0,No Holiday,1,Summer,872
04/08/2018,29.9,59,1.9,1902,0.0,0.0,0.0,No Holiday,2,Summer,594
04/08/2018,29.7,57,1.5,1964,0.0,0.0,0.0,No Holiday,3,Summer,435
04/08/2018,29.5,60,1.2,1774,0.0,0.0,0.0,No Holiday,4,Summer,304
04/08/2018,29.2,62,2.1,1835,0.0,0.0,0.0,No Holiday,5,Summer,234
04/08/2018,29.1,63,1.6,1818,0.0,0.0,0.0,No Holiday,6,Summer,289
04/08/2018,29.4,62,1.9,1758,0.24,0.0,0.0,No Holiday,7,Summer,405
04/08/2018,30.2,61,1.8,1562,0.65,0.0,0.0,No Holiday,8,Summer,568
04/08/2018,31.3,58,1.9,1598,1.24,0.0,0.0,No Holiday,9,Summer,598
04/08/2018,32.3,56,1.7,1625,1.61,0.0,0.0,No Holiday,10,Summer,569
04/08/2018,33.4,52,2.8,1462,2.19,0.0,0.0,No Holiday,11,Summer,655
04/08/2018,33.2,52,2.5,1514,1.59,0.0,0.0,No Holiday,12,Summer,640
04/08/2018,33.6,54,3.7,1754,2.56,0.0,0.0,No Holiday,13,Summer,703
04/08/2018,33.1,54,4.2,1879,2.09,0.0,0.0,No Holiday,14,Summer,676
04/08/2018,34.7,48,3.6,1973,2.47,0.0,0.0,No Holiday,15,Summer,690
04/08/2018,34.5,49,4.0,1925,2.35,0.0,0.0,No Holiday,16,Summer,700
04/08/2018,34.3,48,3.4,2000,1.82,0.0,0.0,No Holiday,17,Summer,901
04/08/2018,33.2,52,3.7,1986,1.14,0.0,0.0,No Holiday,18,Summer,1044
04/08/2018,32.0,57,2.9,2000,0.48,0.0,0.0,No Holiday,19,Summer,1277
04/08/2018,30.2,66,2.8,2000,0.02,0.0,0.0,No Holiday,20,Summer,1387
04/08/2018,29.2,73,1.9,1933,0.0,0.0,0.0,No Holiday,21,Summer,1377
04/08/2018,28.6,74,2.5,1804,0.0,0.0,0.0,No Holiday,22,Summer,1337
04/08/2018,28.2,78,2.5,1678,0.0,0.0,0.0,No Holiday,23,Summer,1155
05/08/2018,28.0,82,1.4,1221,0.0,0.0,0.0,No Holiday,0,Summer,983
05/08/2018,27.7,83,2.7,1128,0.0,0.0,0.0,No Holiday,1,Summer,758
05/08/2018,27.5,83,2.7,1118,0.0,0.0,0.0,No Holiday,2,Summer,509
05/08/2018,27.3,84,1.7,1089,0.0,0.0,0.0,No Holiday,3,Summer,401
05/08/2018,27.3,83,2.2,1054,0.0,0.0,0.0,No Holiday,4,Summer,253
05/08/2018,27.3,84,0.8,1067,0.0,0.0,0.0,No Holiday,5,Summer,188
05/08/2018,27.3,83,1.4,1080,0.0,0.0,0.0,No Holiday,6,Summer,222
05/08/2018,27.5,86,1.8,485,0.03,0.4,0.0,No Holiday,7,Summer,223
05/08/2018,27.5,95,0.7,404,0.14,1.6,0.0,No Holiday,8,Summer,309
05/08/2018,29.1,76,2.2,1041,1.38,0.0,0.0,No Holiday,9,Summer,422
05/08/2018,29.5,78,2.0,1091,1.28,0.0,0.0,No Holiday,10,Summer,461
05/08/2018,31.2,63,2.6,1695,1.99,0.0,0.0,No Holiday,11,Summer,499
05/08/2018,32.5,59,3.4,1780,2.33,0.0,0.0,No Holiday,12,Summer,565
05/08/2018,33.0,56,3.5,1857,2.68,0.0,0.0,No Holiday,13,Summer,600
05/08/2018,33.3,55,4.7,1921,3.05,0.0,0.0,No Holiday,14,Summer,639
05/08/2018,33.7,55,3.7,1843,2.67,0.0,0.0,No Holiday,15,Summer,712
05/08/2018,33.6,57,3.5,1901,2.19,0.0,0.0,No Holiday,16,Summer,818
05/08/2018,32.8,61,4.0,1878,1.46,0.0,0.0,No Holiday,17,Summer,978
05/08/2018,31.8,63,4.0,1849,0.81,0.0,0.0,No Holiday,18,Summer,1247
05/08/2018,30.9,68,3.3,1821,0.52,0.0,0.0,No Holiday,19,Summer,1411
05/08/2018,30.0,72,3.5,1765,0.09,0.0,0.0,No Holiday,20,Summer,1524
05/08/2018,29.3,75,3.6,1674,0.0,0.0,0.0,No Holiday,21,Summer,1465
05/08/2018,29.1,77,3.0,1559,0.0,0.0,0.0,No Holiday,22,Summer,1286
05/08/2018,28.8,79,1.3,1484,0.0,0.0,0.0,No Holiday,23,Summer,942
06/08/2018,28.7,79,2.2,1473,0.0,0.0,0.0,No Holiday,0,Summer,707
06/08/2018,28.7,80,1.5,1295,0.0,0.0,0.0,No Holiday,1,Summer,455
06/08/2018,28.6,80,1.2,1163,0.0,0.0,0.0,No Holiday,2,Summer,309
06/08/2018,28.6,81,1.1,1105,0.0,0.0,0.0,No Holiday,3,Summer,219
06/08/2018,28.4,82,0.5,1144,0.0,0.0,0.0,No Holiday,4,Summer,162
06/08/2018,28.3,83,1.7,969,0.0,0.0,0.0,No Holiday,5,Summer,258
06/08/2018,28.3,83,1.1,900,0.0,0.0,0.0,No Holiday,6,Summer,546
06/08/2018,28.5,82,0.8,914,0.09,0.0,0.0,No Holiday,7,Summer,699
06/08/2018,28.7,86,1.4,532,0.32,0.5,0.0,No Holiday,8,Summer,797
06/08/2018,28.4,87,1.7,1313,0.56,4.0,0.0,No Holiday,9,Summer,614
06/08/2018,29.8,76,1.4,850,1.52,0.0,0.0,No Holiday,10,Summer,533
06/08/2018,31.3,70,1.0,1227,1.89,0.0,0.0,No Holiday,11,Summer,569
06/08/2018,33.2,59,2.6,1289,2.37,0.0,0.0,No Holiday,12,Summer,613
06/08/2018,34.3,54,2.2,1540,2.93,0.0,0.0,No Holiday,13,Summer,666
06/08/2018,34.0,59,3.2,1180,1.98,0.0,0.0,No Holiday,14,Summer,571
06/08/2018,33.6,58,3.6,1448,1.98,0.0,0.0,No Holiday,15,Summer,646
06/08/2018,34.6,55,2.5,1650,2.01,0.0,0.0,No Holiday,16,Summer,752
06/08/2018,35.0,53,1.5,1618,1.78,0.0,0.0,No Holiday,17,Summer,1063
06/08/2018,32.8,63,1.3,1799,0.31,0.0,0.0,No Holiday,18,Summer,1956
06/08/2018,32.2,65,0.8,1894,0.1,0.0,0.0,No Holiday,19,Summer,1548
06/08/2018,31.3,65,2.0,1586,0.02,0.0,0.0,No Holiday,20,Summer,1537
06/08/2018,30.6,70,1.6,1542,0.0,0.0,0.0,No Holiday,21,Summer,1611
06/08/2018,30.1,72,0.4,1806,0.0,0.0,0.0,No Holiday,22,Summer,1371
06/08/2018,29.4,79,1.2,777,0.0,2.0,0.0,No Holiday,23,Summer,969
07/08/2018,28.8,72,0.8,2000,0.0,0.0,0.0,No Holiday,0,Summer,842
07/08/2018,28.2,68,0.9,2000,0.0,0.0,0.0,No Holiday,1,Summer,619
07/08/2018,27.9,68,0.9,2000,0.0,0.0,0.0,No Holiday,2,Summer,443
07/08/2018,27.6,69,0.9,2000,0.0,0.0,0.0,No Holiday,3,Summer,278
07/08/2018,27.3,68,0.7,2000,0.0,0.0,0.0,No Holiday,4,Summer,201
07/08/2018,27.1,69,0.9,2000,0.0,0.0,0.0,No Holiday,5,Summer,273
07/08/2018,26.8,70,0.7,2000,0.0,0.0,0.0,No Holiday,6,Summer,634
07/08/2018,27.0,69,0.8,2000,0.23,0.0,0.0,No Holiday,7,Summer,1059
07/08/2018,28.5,64,2.0,2000,0.89,0.0,0.0,No Holiday,8,Summer,1695
07/08/2018,29.3,66,1.1,2000,1.07,0.0,0.0,No Holiday,9,Summer,961
07/08/2018,30.1,65,1.2,2000,1.11,0.0,0.0,No Holiday,10,Summer,635
07/08/2018,31.4,59,0.8,2000,1.3,0.0,0.0,No Holiday,11,Summer,657
07/08/2018,31.9,57,0.9,1981,1.28,0.0,0.0,No Holiday,12,Summer,770
07/08/2018,33.0,55,1.0,1967,1.49,0.0,0.0,No Holiday,13,Summer,662
07/08/2018,34.0,50,1.2,1744,1.68,0.0,0.0,No Holiday,14,Summer,658
07/08/2018,34.3,49,1.0,1633,1.62,0.0,0.0,No Holiday,15,Summer,698
07/08/2018,35.4,45,2.6,1529,1.84,0.0,0.0,No Holiday,16,Summer,855
07/08/2018,35.6,44,2.4,1860,1.69,0.0,0.0,No Holiday,17,Summer,1232
07/08/2018,34.6,50,3.1,1821,1.0,0.0,0.0,No Holiday,18,Summer,2274
07/08/2018,32.9,56,2.6,1944,0.4,0.0,0.0,No Holiday,19,Summer,1898
07/08/2018,31.1,64,2.7,1770,0.02,0.0,0.0,No Holiday,20,Summer,1836
07/08/2018,30.3,69,2.2,1834,0.0,0.0,0.0,No Holiday,21,Summer,1826
07/08/2018,29.8,75,1.4,1609,0.0,0.0,0.0,No Holiday,22,Summer,1664
07/08/2018,29.5,78,1.4,1469,0.0,0.0,0.0,No Holiday,23,Summer,1136
08/08/2018,29.1,77,2.1,1465,0.0,0.0,0.0,No Holiday,0,Summer,853
08/08/2018,28.5,80,1.5,1306,0.0,0.0,0.0,No Holiday,1,Summer,700
08/08/2018,28.3,84,2.1,1099,0.0,0.0,0.0,No Holiday,2,Summer,489
08/08/2018,28.3,84,0.5,1006,0.0,0.0,0.0,No Holiday,3,Summer,322
08/08/2018,28.0,85,1.0,1079,0.0,0.0,0.0,No Holiday,4,Summer,183
08/08/2018,27.9,84,0.0,1172,0.0,0.0,0.0,No Holiday,5,Summer,260
08/08/2018,27.6,84,1.2,1123,0.01,0.0,0.0,No Holiday,6,Summer,614
08/08/2018,28.2,82,1.5,985,0.19,0.0,0.0,No Holiday,7,Summer,1079
08/08/2018,28.6,80,1.6,708,0.49,0.0,0.0,No Holiday,8,Summer,1693
08/08/2018,30.2,66,1.4,1131,1.48,0.0,0.0,No Holiday,9,Summer,920
08/08/2018,31.6,58,2.3,1528,2.02,0.0,0.0,No Holiday,10,Summer,657
08/08/2018,32.7,55,2.7,1836,2.44,0.0,0.0,No Holiday,11,Summer,624
08/08/2018,34.1,46,1.6,1885,2.72,0.0,0.0,No Holiday,12,Summer,629
08/08/2018,34.4,48,2.1,1921,2.37,0.0,0.0,No Holiday,13,Summer,673
08/08/2018,33.6,50,3.5,1993,1.15,0.0,0.0,No Holiday,14,Summer,670
08/08/2018,34.5,47,3.2,1958,2.32,0.0,0.0,No Holiday,15,Summer,687
08/08/2018,35.1,40,2.6,1989,2.29,0.0,0.0,No Holiday,16,Summer,839
08/08/2018,35.0,37,2.6,2000,1.72,0.0,0.0,No Holiday,17,Summer,1266
08/08/2018,34.5,45,2.0,2000,1.0,0.0,0.0,No Holiday,18,Summer,2326
08/08/2018,32.6,60,3.5,1982,0.37,0.0,0.0,No Holiday,19,Summer,1983
08/08/2018,31.0,66,2.9,1857,0.02,0.0,0.0,No Holiday,20,Summer,1822
08/08/2018,29.7,71,3.2,1934,0.0,0.0,0.0,No Holiday,21,Summer,1783
08/08/2018,29.5,73,0.9,1936,0.0,0.0,0.0,No Holiday,22,Summer,1628
08/08/2018,29.1,77,0.4,1552,0.0,0.0,0.0,No Holiday,23,Summer,1180
09/08/2018,28.9,75,1.6,1946,0.0,0.0,0.0,No Holiday,0,Summer,929
09/08/2018,28.8,75,2.1,1975,0.0,0.0,0.0,No Holiday,1,Summer,733
09/08/2018,28.5,79,1.2,1546,0.0,0.0,0.0,No Holiday,2,Summer,466
09/08/2018,28.3,80,1.4,1617,0.0,0.0,0.0,No Holiday,3,Summer,334
09/08/2018,28.1,81,1.5,1729,0.0,0.0,0.0,No Holiday,4,Summer,189
09/08/2018,27.8,82,1.0,1599,0.0,0.0,0.0,No Holiday,5,Summer,292
09/08/2018,27.7,84,1.4,1436,0.0,0.0,0.0,No Holiday,6,Summer,619
09/08/2018,27.9,81,1.8,1497,0.12,0.0,0.0,No Holiday,7,Summer,1088
09/08/2018,28.6,75,1.2,1588,0.56,0.0,0.0,No Holiday,8,Summer,1731
09/08/2018,29.4,64,2.3,1926,0.9,0.0,0.0,No Holiday,9,Summer,977
09/08/2018,30.4,63,1.8,1883,1.32,0.0,0.0,No Holiday,10,Summer,649
09/08/2018,30.8,63,2.4,1919,0.94,0.0,0.0,No Holiday,11,Summer,659
09/08/2018,31.1,63,3.0,1795,1.14,0.0,0.0,No Holiday,12,Summer,484
09/08/2018,29.7,80,1.7,1312,0.73,0.4,0.0,No Holiday,13,Summer,628
09/08/2018,30.8,69,1.8,1218,1.58,0.0,0.0,No Holiday,14,Summer,561
09/08/2018,31.2,67,2.7,1368,1.39,0.0,0.0,No Holiday,15,Summer,644
09/08/2018,31.6,73,3.0,1133,1.57,0.0,0.0,No Holiday,16,Summer,559
09/08/2018,28.8,83,4.0,969,0.39,1.1,0.0,No Holiday,17,Summer,740
09/08/2018,28.1,86,2.3,1244,0.28,0.5,0.0,No Holiday,18,Summer,1850
09/08/2018,28.2,82,0.4,1832,0.16,0.0,0.0,No Holiday,19,Summer,1698
09/08/2018,27.9,78,0.6,1989,0.03,0.0,0.0,No Holiday,20,Summer,1591
09/08/2018,27.8,82,0.3,1397,0.0,0.0,0.0,No Holiday,21,Summer,1654
09/08/2018,27.5,82,0.4,1228,0.0,0.0,0.0,No Holiday,22,Summer,1494
09/08/2018,27.3,81,0.0,1287,0.0,0.0,0.0,No Holiday,23,Summer,1075
10/08/2018,27.1,84,0.2,1161,0.0,0.0,0.0,No Holiday,0,Summer,903
10/08/2018,26.9,84,0.2,1061,0.0,0.0,0.0,No Holiday,1,Summer,708
10/08/2018,26.9,84,0.8,1007,0.0,0.0,0.0,No Holiday,2,Summer,484
10/08/2018,26.7,84,0.4,994,0.0,0.0,0.0,No Holiday,3,Summer,346
10/08/2018,26.3,85,0.4,1216,0.0,0.0,0.0,No Holiday,4,Summer,214
10/08/2018,26.1,83,0.3,1617,0.0,0.0,0.0,No Holiday,5,Summer,283
10/08/2018,25.7,83,0.6,1483,0.0,0.0,0.0,No Holiday,6,Summer,645
10/08/2018,26.0,78,0.7,1988,0.16,0.0,0.0,No Holiday,7,Summer,1027
10/08/2018,27.2,69,1.8,1999,0.7,0.0,0.0,No Holiday,8,Summer,1728
10/08/2018,29.0,64,0.8,1987,1.45,0.0,0.0,No Holiday,9,Summer,892
10/08/2018,30.5,58,0.6,1875,1.84,0.0,0.0,No Holiday,10,Summer,683
10/08/2018,31.9,53,1.2,2000,2.33,0.0,0.0,No Holiday,11,Summer,697
10/08/2018,33.4,47,1.3,2000,2.51,0.0,0.0,No Holiday,12,Summer,721
10/08/2018,34.2,41,1.7,2000,2.31,0.0,0.0,No Holiday,13,Summer,696
10/08/2018,35.1,44,1.6,2000,2.25,0.0,0.0,No Holiday,14,Summer,658
10/08/2018,34.8,47,2.4,2000,2.21,0.0,0.0,No Holiday,15,Summer,725
10/08/2018,36.4,40,3.2,2000,2.59,0.0,0.0,No Holiday,16,Summer,853
10/08/2018,36.3,40,2.7,2000,1.93,0.0,0.0,No Holiday,17,Summer,1293
10/08/2018,35.2,44,2.6,2000,1.23,0.0,0.0,No Holiday,18,Summer,2289
10/08/2018,33.4,49,2.6,2000,0.32,0.0,0.0,No Holiday,19,Summer,1903
10/08/2018,32.2,52,2.3,2000,0.02,0.0,0.0,No Holiday,20,Summer,1702
10/08/2018,31.3,55,0.9,2000,0.0,0.0,0.0,No Holiday,21,Summer,1641
10/08/2018,30.9,54,0.8,2000,0.0,0.0,0.0,No Holiday,22,Summer,1544
10/08/2018,30.4,58,1.4,2000,0.0,0.0,0.0,No Holiday,23,Summer,1198
11/08/2018,29.8,63,2.0,2000,0.0,0.0,0.0,No Holiday,0,Summer,1022
11/08/2018,29.0,67,1.1,2000,0.0,0.0,0.0,No Holiday,1,Summer,881
11/08/2018,28.5,68,1.1,1839,0.0,0.0,0.0,No Holiday,2,Summer,691
11/08/2018,27.9,69,0.8,2000,0.0,0.0,0.0,No Holiday,3,Summer,441
11/08/2018,27.4,69,1.0,2000,0.0,0.0,0.0,No Holiday,4,Summer,266
11/08/2018,26.9,69,0.7,2000,0.0,0.0,0.0,No Holiday,5,Summer,263
11/08/2018,26.5,69,0.8,2000,0.0,0.0,0.0,No Holiday,6,Summer,355
11/08/2018,26.7,67,0.8,2000,0.13,0.0,0.0,No Holiday,7,Summer,425
11/08/2018,28.0,60,1.0,2000,0.91,0.0,0.0,No Holiday,8,Summer,647
11/08/2018,29.7,58,1.3,1955,1.68,0.0,0.0,No Holiday,9,Summer,672
11/08/2018,31.3,53,1.8,2000,2.34,0.0,0.0,No Holiday,10,Summer,643
11/08/2018,31.5,54,2.5,1918,1.78,0.0,0.0,No Holiday,11,Summer,766
11/08/2018,33.2,50,2.3,2000,2.84,0.0,0.0,No Holiday,12,Summer,759
11/08/2018,34.1,45,1.5,1993,2.57,0.0,0.0,No Holiday,13,Summer,830
11/08/2018,34.5,43,2.6,2000,2.37,0.0,0.0,No Holiday,14,Summer,733
11/08/2018,35.0,41,1.5,2000,2.4,0.0,0.0,No Holiday,15,Summer,694
11/08/2018,35.6,39,2.7,2000,1.81,0.0,0.0,No Holiday,16,Summer,826
11/08/2018,35.8,36,2.2,2000,1.58,0.0,0.0,No Holiday,17,Summer,1006
11/08/2018,34.4,40,1.8,2000,0.65,0.0,0.0,No Holiday,18,Summer,1274
11/08/2018,33.8,44,2.2,2000,0.3,0.0,0.0,No Holiday,19,Summer,1482
11/08/2018,32.8,47,1.9,2000,0.01,0.0,0.0,No Holiday,20,Summer,1469
11/08/2018,31.6,63,1.2,1980,0.0,0.0,0.0,No Holiday,21,Summer,1437
11/08/2018,31.3,53,2.3,2000,0.0,0.0,0.0,No Holiday,22,Summer,1351
11/08/2018,30.7,55,1.5,2000,0.0,0.0,0.0,No Holiday,23,Summer,1076
12/08/2018,29.9,56,2.0,2000,0.0,0.0,0.0,No Holiday,0,Summer,997
12/08/2018,29.4,58,1.5,2000,0.0,0.0,0.0,No Holiday,1,Summer,703
12/08/2018,29.0,60,1.4,2000,0.0,0.0,0.0,No Holiday,2,Summer,554
12/08/2018,28.5,62,1.6,2000,0.0,0.0,0.0,No Holiday,3,Summer,387
12/08/2018,28.1,63,0.8,2000,0.0,0.0,0.0,No Holiday,4,Summer,260
12/08/2018,27.7,65,1.4,2000,0.0,0.0,0.0,No Holiday,5,Summer,196
12/08/2018,27.2,66,0.9,2000,0.0,0.0,0.0,No Holiday,6,Summer,261
12/08/2018,27.4,61,0.6,2000,0.17,0.0,0.0,No Holiday,7,Summer,316
12/08/2018,28.6,54,1.1,2000,0.82,0.0,0.0,No Holiday,8,Summer,520
12/08/2018,29.7,55,1.6,2000,1.44,0.0,0.0,No Holiday,9,Summer,568
12/08/2018,31.6,51,2.3,1969,2.3,0.0,0.0,No Holiday,10,Summer,483
12/08/2018,32.8,49,2.8,2000,2.87,0.0,0.0,No Holiday,11,Summer,526
12/08/2018,33.8,44,2.0,1899,2.72,0.0,0.0,No Holiday,12,Summer,670
12/08/2018,34.0,47,1.4,2000,2.24,0.0,0.0,No Holiday,13,Summer,704
12/08/2018,35.0,45,2.2,1957,2.73,0.0,0.0,No Holiday,14,Summer,697
12/08/2018,34.9,46,2.0,2000,1.54,0.0,0.0,No Holiday,15,Summer,820
12/08/2018,34.1,47,2.5,2000,0.61,0.0,0.0,No Holiday,16,Summer,959
12/08/2018,33.7,48,2.3,2000,0.41,0.0,0.0,No Holiday,17,Summer,1156
12/08/2018,33.4,49,1.6,1971,0.25,0.0,0.0,No Holiday,18,Summer,1225
12/08/2018,32.0,76,2.1,692,0.1,1.0,0.0,No Holiday,19,Summer,1117
12/08/2018,29.4,86,1.1,1194,0.03,4.0,0.0,No Holiday,20,Summer,1208
12/08/2018,28.9,83,0.3,1449,0.0,0.0,0.0,No Holiday,21,Summer,1337
12/08/2018,28.8,79,0.2,1604,0.0,0.0,0.0,No Holiday,22,Summer,1127
12/08/2018,28.7,81,0.4,1586,0.0,0.0,0.0,No Holiday,23,Summer,707
13/08/2018,28.4,85,1.3,1406,0.0,0.0,0.0,No Holiday,0,Summer,409
13/08/2018,28.2,88,0.2,929,0.0,1.0,0.0,No Holiday,1,Summer,231
13/08/2018,28.1,78,0.9,1191,0.0,0.0,0.0,No Holiday,2,Summer,212
13/08/2018,27.7,88,0.5,833,0.0,0.0,0.0,No Holiday,3,Summer,196
13/08/2018,27.1,91,0.9,585,0.0,0.0,0.0,No Holiday,4,Summer,151
13/08/2018,26.8,90,0.6,591,0.0,0.0,0.0,No Holiday,5,Summer,230
13/08/2018,26.7,89,0.6,615,0.0,0.0,0.0,No Holiday,6,Summer,594
13/08/2018,27.0,86,0.9,718,0.22,0.0,0.0,No Holiday,7,Summer,1065
13/08/2018,28.0,78,1.1,865,0.74,0.0,0.0,No Holiday,8,Summer,1657
13/08/2018,29.4,74,2.0,917,1.18,0.0,0.0,No Holiday,9,Summer,903
13/08/2018,30.6,67,0.7,1354,1.2,0.0,0.0,No Holiday,10,Summer,639
13/08/2018,31.7,58,1.1,1584,1.27,0.0,0.0,No Holiday,11,Summer,677
13/08/2018,33.4,54,2.6,1648,2.09,0.0,0.0,No Holiday,12,Summer,724
13/08/2018,33.0,54,1.7,1458,1.23,0.0,0.0,No Holiday,13,Summer,698
13/08/2018,33.6,55,1.1,1375,0.94,0.0,0.0,No Holiday,14,Summer,651
13/08/2018,34.0,51,1.8,1508,0.98,0.0,0.0,No Holiday,15,Summer,709
13/08/2018,33.5,52,2.2,1804,0.91,0.0,0.0,No Holiday,16,Summer,901
13/08/2018,33.2,55,2.7,1600,0.55,0.0,0.0,No Holiday,17,Summer,1358
13/08/2018,33.1,59,3.1,1726,0.72,0.0,0.0,No Holiday,18,Summer,2367
13/08/2018,32.1,60,2.3,1987,0.25,0.0,0.0,No Holiday,19,Summer,2036
13/08/2018,31.0,64,2.9,1992,0.01,0.0,0.0,No Holiday,20,Summer,1847
13/08/2018,30.4,66,1.6,2000,0.0,0.0,0.0,No Holiday,21,Summer,1851
13/08/2018,29.9,60,1.3,2000,0.0,0.0,0.0,No Holiday,22,Summer,1635
13/08/2018,29.6,63,0.1,2000,0.0,0.0,0.0,No Holiday,23,Summer,1086
14/08/2018,29.3,68,1.6,2000,0.0,0.0,0.0,No Holiday,0,Summer,872
14/08/2018,28.9,71,1.2,1982,0.0,0.0,0.0,No Holiday,1,Summer,681
14/08/2018,28.6,70,1.5,2000,0.0,0.0,0.0,No Holiday,2,Summer,467
14/08/2018,28.4,73,1.4,1990,0.0,0.0,0.0,No Holiday,3,Summer,345
14/08/2018,28.1,71,0.4,2000,0.0,0.0,0.0,No Holiday,4,Summer,209
14/08/2018,27.9,71,0.3,2000,0.0,0.0,0.0,No Holiday,5,Summer,254
14/08/2018,27.8,71,0.1,2000,0.0,0.0,0.0,No Holiday,6,Summer,643
14/08/2018,27.9,71,0.4,2000,0.13,0.0,0.0,No Holiday,7,Summer,1097
14/08/2018,29.3,63,0.9,1810,0.76,0.0,0.0,No Holiday,8,Summer,1708
14/08/2018,31.0,56,0.8,1945,1.32,0.0,0.0,No Holiday,9,Summer,944
14/08/2018,31.7,57,1.3,1875,1.25,0.0,0.0,No Holiday,10,Summer,615
14/08/2018,32.4,54,1.9,1962,0.96,0.0,0.0,No Holiday,11,Summer,636
14/08/2018,33.9,49,1.5,1841,1.91,0.0,0.0,No Holiday,12,Summer,699
14/08/2018,35.7,38,2.4,1863,2.5,0.0,0.0,No Holiday,13,Summer,695
14/08/2018,36.2,41,2.9,1814,2.68,0.0,0.0,No Holiday,14,Summer,627
14/08/2018,37.2,38,2.5,1832,2.68,0.0,0.0,No Holiday,15,Summer,700
14/08/2018,36.3,41,2.4,1957,1.85,0.0,0.0,No Holiday,16,Summer,920
14/08/2018,34.7,51,3.0,2000,1.22,0.0,0.0,No Holiday,17,Summer,1306
14/08/2018,33.7,53,2.4,2000,0.78,0.0,0.0,No Holiday,18,Summer,2305
14/08/2018,32.7,56,2.2,2000,0.33,0.0,0.0,No Holiday,19,Summer,1972
14/08/2018,31.8,59,0.9,2000,0.0,0.0,0.0,No Holiday,20,Summer,1705
14/08/2018,31.3,59,0.3,2000,0.0,0.0,0.0,No Holiday,21,Summer,1684
14/08/2018,30.9,63,0.7,2000,0.0,0.0,0.0,No Holiday,22,Summer,1587
14/08/2018,30.3,65,0.4,2000,0.0,0.0,0.0,No Holiday,23,Summer,1165
15/08/2018,30.0,67,0.8,1986,0.0,0.0,0.0,Holiday,0,Summer,1034
15/08/2018,29.6,69,0.4,1942,0.0,0.0,0.0,Holiday,1,Summer,850
15/08/2018,29.5,68,0.4,1949,0.0,0.0,0.0,Holiday,2,Summer,676
15/08/2018,29.1,70,0.3,1952,0.0,0.0,0.0,Holiday,3,Summer,474
15/08/2018,28.8,73,0.5,1835,0.0,0.0,0.0,Holiday,4,Summer,310
15/08/2018,28.6,73,0.8,1808,0.0,0.0,0.0,Holiday,5,Summer,227
15/08/2018,28.4,74,1.0,1700,0.0,0.0,0.0,Holiday,6,Summer,346
15/08/2018,28.6,71,0.6,1797,0.17,0.0,0.0,Holiday,7,Summer,429
15/08/2018,29.9,60,0.8,1772,0.83,0.0,0.0,Holiday,8,Summer,553
15/08/2018,32.0,53,1.6,2000,1.56,0.0,0.0,Holiday,9,Summer,563
15/08/2018,33.5,49,1.0,1937,2.09,0.0,0.0,Holiday,10,Summer,547
15/08/2018,35.4,44,1.2,1887,2.58,0.0,0.0,Holiday,11,Summer,586
15/08/2018,36.5,41,1.1,1807,2.73,0.0,0.0,Holiday,12,Summer,563
15/08/2018,36.9,39,1.5,2000,2.46,0.0,0.0,Holiday,13,Summer,591
15/08/2018,37.2,38,0.9,1976,1.96,0.0,0.0,Holiday,14,Summer,627
15/08/2018,37.4,38,1.4,2000,1.72,0.0,0.0,Holiday,15,Summer,761
15/08/2018,36.6,39,0.7,2000,0.44,0.0,0.0,Holiday,16,Summer,877
15/08/2018,33.6,55,3.9,1929,0.86,0.0,0.0,Holiday,17,Summer,960
15/08/2018,32.8,63,2.3,1546,0.89,0.1,0.0,Holiday,18,Summer,925
15/08/2018,28.7,76,0.7,2000,0.11,0.9,0.0,Holiday,19,Summer,1301
15/08/2018,28.4,69,1.5,2000,0.01,0.0,0.0,Holiday,20,Summer,1500
15/08/2018,28.6,69,1.3,2000,0.0,0.0,0.0,Holiday,21,Summer,1507
15/08/2018,28.6,67,1.0,2000,0.0,0.0,0.0,Holiday,22,Summer,1350
15/08/2018,28.5,69,1.1,2000,0.0,0.0,0.0,Holiday,23,Summer,1008
16/08/2018,28.4,68,0.9,2000,0.0,0.0,0.0,No Holiday,0,Summer,808
16/08/2018,28.2,70,1.0,2000,0.0,0.0,0.0,No Holiday,1,Summer,535
16/08/2018,28.1,68,0.8,2000,0.0,0.0,0.0,No Holiday,2,Summer,381
16/08/2018,27.9,68,0.6,2000,0.0,0.0,0.0,No Holiday,3,Summer,252
16/08/2018,27.8,69,0.9,2000,0.0,0.0,0.0,No Holiday,4,Summer,173
16/08/2018,28.0,66,0.5,2000,0.0,0.0,0.0,No Holiday,5,Summer,263
16/08/2018,27.5,72,1.1,2000,0.0,0.0,0.0,No Holiday,6,Summer,631
16/08/2018,27.6,71,1.2,2000,0.14,0.0,0.0,No Holiday,7,Summer,1105
16/08/2018,28.2,68,1.3,2000,0.41,0.0,0.0,No Holiday,8,Summer,1660
16/08/2018,30.6,55,1.1,2000,1.46,0.0,0.0,No Holiday,9,Summer,876
16/08/2018,31.9,51,2.2,1939,2.04,0.0,0.0,No Holiday,10,Summer,612
16/08/2018,33.5,48,2.4,1968,2.71,0.0,0.0,No Holiday,11,Summer,672
16/08/2018,34.5,44,2.2,2000,3.19,0.0,0.0,No Holiday,12,Summer,668
16/08/2018,35.1,39,2.0,2000,3.45,0.0,0.0,No Holiday,13,Summer,652
16/08/2018,35.3,40,2.0,2000,3.17,0.0,0.0,No Holiday,14,Summer,638
16/08/2018,35.0,38,2.0,2000,2.8,0.0,0.0,No Holiday,15,Summer,720
16/08/2018,34.5,37,1.9,2000,2.36,0.0,0.0,No Holiday,16,Summer,902
16/08/2018,33.8,37,2.2,2000,1.74,0.0,0.0,No Holiday,17,Summer,1384
16/08/2018,32.4,40,2.1,2000,1.04,0.0,0.0,No Holiday,18,Summer,2481
16/08/2018,29.8,45,2.5,2000,0.36,0.0,0.0,No Holiday,19,Summer,2286
16/08/2018,27.9,47,1.9,2000,0.01,0.0,0.0,No Holiday,20,Summer,2114
16/08/2018,26.8,46,2.0,2000,0.0,0.0,0.0,No Holiday,21,Summer,2127
16/08/2018,25.9,45,2.1,2000,0.0,0.0,0.0,No Holiday,22,Summer,1943
16/08/2018,25.0,44,2.2,2000,0.0,0.0,0.0,No Holiday,23,Summer,1446
17/08/2018,24.1,45,2.0,2000,0.0,0.0,0.0,No Holiday,0,Summer,1109
17/08/2018,23.4,47,2.1,2000,0.0,0.0,0.0,No Holiday,1,Summer,842
17/08/2018,22.8,50,1.4,2000,0.0,0.0,0.0,No Holiday,2,Summer,572
17/08/2018,22.4,52,1.3,2000,0.0,0.0,0.0,No Holiday,3,Summer,375
17/08/2018,22.1,54,1.6,2000,0.0,0.0,0.0,No Holiday,4,Summer,276
17/08/2018,21.8,55,1.9,2000,0.0,0.0,0.0,No Holiday,5,Summer,304
17/08/2018,21.8,51,2.0,2000,0.0,0.0,0.0,No Holiday,6,Summer,719
17/08/2018,22.0,49,1.7,2000,0.23,0.0,0.0,No Holiday,7,Summer,1271
17/08/2018,23.5,44,1.7,1944,0.98,0.0,0.0,No Holiday,8,Summer,1918
17/08/2018,25.5,40,2.6,1990,1.7,0.0,0.0,No Holiday,9,Summer,1069
17/08/2018,27.0,36,2.2,1977,2.34,0.0,0.0,No Holiday,10,Summer,717
17/08/2018,28.8,33,2.2,1951,2.85,0.0,0.0,No Holiday,11,Summer,844
17/08/2018,30.3,30,1.9,1981,3.17,0.0,0.0,No Holiday,12,Summer,904
17/08/2018,31.3,30,2.1,2000,3.3,0.0,0.0,No Holiday,13,Summer,820
17/08/2018,32.7,27,2.0,1964,3.21,0.0,0.0,No Holiday,14,Summer,791
17/08/2018,33.5,26,2.1,2000,2.9,0.0,0.0,No Holiday,15,Summer,970
17/08/2018,33.7,26,1.5,2000,2.39,0.0,0.0,No Holiday,16,Summer,1112
17/08/2018,33.1,27,1.9,1975,1.76,0.0,0.0,No Holiday,17,Summer,1666
17/08/2018,32.5,28,1.4,2000,1.06,0.0,0.0,No Holiday,18,Summer,2797
17/08/2018,31.0,31,1.5,2000,0.34,0.0,0.0,No Holiday,19,Summer,2353
17/08/2018,28.4,40,1.7,1887,0.0,0.0,0.0,No Holiday,20,Summer,2130
17/08/2018,27.1,43,1.6,2000,0.0,0.0,0.0,No Holiday,21,Summer,2008
17/08/2018,26.0,45,1.7,2000,0.0,0.0,0.0,No Holiday,22,Summer,1787
17/08/2018,25.2,47,1.2,2000,0.0,0.0,0.0,No Holiday,23,Summer,1466
18/08/2018,24.5,48,1.2,2000,0.0,0.0,0.0,No Holiday,0,Summer,1191
18/08/2018,23.9,51,0.9,2000,0.0,0.0,0.0,No Holiday,1,Summer,969
18/08/2018,23.4,53,1.1,2000,0.0,0.0,0.0,No Holiday,2,Summer,698
18/08/2018,23.0,54,1.0,1818,0.0,0.0,0.0,No Holiday,3,Summer,483
18/08/2018,22.6,55,1.4,2000,0.0,0.0,0.0,No Holiday,4,Summer,316
18/08/2018,22.0,58,1.0,2000,0.0,0.0,0.0,No Holiday,5,Summer,262
18/08/2018,21.6,60,1.0,2000,0.0,0.0,0.0,No Holiday,6,Summer,397
18/08/2018,21.7,57,1.3,2000,0.23,0.0,0.0,No Holiday,7,Summer,475
18/08/2018,23.2,47,1.0,2000,0.93,0.0,0.0,No Holiday,8,Summer,754
18/08/2018,25.3,42,1.4,1921,1.7,0.0,0.0,No Holiday,9,Summer,771
18/08/2018,27.0,37,1.2,1962,2.32,0.0,0.0,No Holiday,10,Summer,769
18/08/2018,28.4,35,1.6,2000,2.82,0.0,0.0,No Holiday,11,Summer,857
18/08/2018,29.8,33,1.5,1936,3.14,0.0,0.0,No Holiday,12,Summer,952
18/08/2018,31.1,30,1.5,2000,3.24,0.0,0.0,No Holiday,13,Summer,1003
18/08/2018,31.0,31,1.8,1999,2.8,0.0,0.0,No Holiday,14,Summer,1121
18/08/2018,31.7,30,1.9,1943,2.23,0.0,0.0,No Holiday,15,Summer,1196
18/08/2018,31.8,33,2.1,2000,1.88,0.0,0.0,No Holiday,16,Summer,1398
18/08/2018,29.9,39,2.9,2000,0.86,0.0,0.0,No Holiday,17,Summer,1806
18/08/2018,30.1,37,2.1,2000,0.88,0.0,0.0,No Holiday,18,Summer,1979
18/08/2018,28.5,45,1.6,2000,0.23,0.0,0.0,No Holiday,19,Summer,2127
18/08/2018,27.6,46,1.2,2000,0.01,0.0,0.0,No Holiday,20,Summer,1965
18/08/2018,26.8,48,0.9,2000,0.0,0.0,0.0,No Holiday,21,Summer,1886
18/08/2018,26.3,48,0.8,2000,0.0,0.0,0.0,No Holiday,22,Summer,1681
18/08/2018,25.9,52,1.3,2000,0.0,0.0,0.0,No Holiday,23,Summer,1342
19/08/2018,25.3,53,2.4,2000,0.0,0.0,0.0,No Holiday,0,Summer,1100
19/08/2018,25.0,57,0.9,2000,0.0,0.0,0.0,No Holiday,1,Summer,844
19/08/2018,24.5,59,0.3,2000,0.0,0.0,0.0,No Holiday,2,Summer,611
19/08/2018,24.0,59,0.6,2000,0.0,0.0,0.0,No Holiday,3,Summer,425
19/08/2018,23.6,61,0.3,2000,0.0,0.0,0.0,No Holiday,4,Summer,264
19/08/2018,23.4,63,0.3,2000,0.0,0.0,0.0,No Holiday,5,Summer,223
19/08/2018,23.1,64,0.6,2000,0.0,0.0,0.0,No Holiday,6,Summer,260
19/08/2018,23.3,64,1.0,2000,0.1,0.0,0.0,No Holiday,7,Summer,392
19/08/2018,24.4,58,0.8,2000,0.45,0.0,0.0,No Holiday,8,Summer,592
19/08/2018,26.3,50,0.7,1980,1.28,0.0,0.0,No Holiday,9,Summer,645
19/08/2018,27.3,49,0.9,1968,1.17,0.0,0.0,No Holiday,10,Summer,732
19/08/2018,28.4,43,1.0,1914,1.52,0.0,0.0,No Holiday,11,Summer,795
19/08/2018,30.9,37,1.8,1858,2.98,0.0,0.0,No Holiday,12,Summer,926
19/08/2018,32.4,33,2.7,1893,3.1,0.0,0.0,No Holiday,13,Summer,943
19/08/2018,33.4,31,1.2,1962,2.73,0.0,0.0,No Holiday,14,Summer,972
19/08/2018,33.8,31,1.6,2000,2.45,0.0,0.0,No Holiday,15,Summer,1181
19/08/2018,33.3,32,2.4,2000,1.98,0.0,0.0,No Holiday,16,Summer,1395
19/08/2018,32.7,33,2.5,1994,1.18,0.0,0.0,No Holiday,17,Summer,1721
19/08/2018,32.3,41,1.9,2000,0.62,0.0,0.0,No Holiday,18,Summer,1928
19/08/2018,29.7,55,2.5,2000,0.23,0.0,0.0,No Holiday,19,Summer,2186
19/08/2018,28.5,58,1.4,2000,0.0,0.0,0.0,No Holiday,20,Summer,2029
19/08/2018,27.9,61,0.7,2000,0.0,0.0,0.0,No Holiday,21,Summer,1821
19/08/2018,27.7,62,0.6,2000,0.0,0.0,0.0,No Holiday,22,Summer,1546
19/08/2018,27.5,60,0.3,2000,0.0,0.0,0.0,No Holiday,23,Summer,1016
20/08/2018,27.0,62,0.6,2000,0.0,0.0,0.0,No Holiday,0,Summer,818
20/08/2018,26.6,64,0.2,2000,0.0,0.0,0.0,No Holiday,1,Summer,527
20/08/2018,26.3,65,0.3,2000,0.0,0.0,0.0,No Holiday,2,Summer,352
20/08/2018,26.1,65,0.6,2000,0.0,0.0,0.0,No Holiday,3,Summer,255
20/08/2018,26.2,65,1.1,1542,0.0,0.0,0.0,No Holiday,4,Summer,193
20/08/2018,25.7,68,0.8,1395,0.0,0.0,0.0,No Holiday,5,Summer,281
20/08/2018,25.3,67,1.5,1450,0.0,0.0,0.0,No Holiday,6,Summer,675
20/08/2018,25.4,60,1.4,1879,0.16,0.0,0.0,No Holiday,7,Summer,1285
20/08/2018,26.6,54,1.1,1739,0.75,0.0,0.0,No Holiday,8,Summer,1912
20/08/2018,27.5,54,1.0,1993,0.81,0.0,0.0,No Holiday,9,Summer,993
20/08/2018,29.3,49,2.0,1875,1.65,0.0,0.0,No Holiday,10,Summer,719
20/08/2018,31.2,45,1.9,1810,2.72,0.0,0.0,No Holiday,11,Summer,766
20/08/2018,31.7,45,2.5,1814,1.96,0.0,0.0,No Holiday,12,Summer,808
20/08/2018,31.6,46,2.7,1864,1.77,0.0,0.0,No Holiday,13,Summer,847
20/08/2018,32.1,45,2.8,1966,1.51,0.0,0.0,No Holiday,14,Summer,816
20/08/2018,32.9,45,1.9,1877,1.84,0.0,0.0,No Holiday,15,Summer,992
20/08/2018,32.3,45,2.8,1928,0.98,0.0,0.0,No Holiday,16,Summer,1253
20/08/2018,32.1,44,2.6,1731,0.6,0.0,0.0,No Holiday,17,Summer,1704
20/08/2018,31.6,47,2.1,1867,0.26,0.0,0.0,No Holiday,18,Summer,2628
20/08/2018,30.8,55,1.9,1170,0.06,0.0,0.0,No Holiday,19,Summer,2162
20/08/2018,29.8,61,3.4,1525,0.0,0.0,0.0,No Holiday,20,Summer,1999
20/08/2018,29.3,63,3.1,1677,0.0,0.0,0.0,No Holiday,21,Summer,1971
20/08/2018,29.0,63,4.2,1776,0.0,0.0,0.0,No Holiday,22,Summer,1630
20/08/2018,28.5,62,4.9,1882,0.0,0.0,0.0,No Holiday,23,Summer,1241
21/08/2018,28.3,59,3.7,1945,0.0,0.0,0.0,No Holiday,0,Summer,898
21/08/2018,28.0,61,3.9,1890,0.0,0.0,0.0,No Holiday,1,Summer,690
21/08/2018,27.6,60,4.3,1854,0.0,0.0,0.0,No Holiday,2,Summer,376
21/08/2018,26.8,62,4.5,1742,0.0,0.1,0.0,No Holiday,3,Summer,173
21/08/2018,25.3,70,6.9,925,0.0,0.4,0.0,No Holiday,4,Summer,49
21/08/2018,23.8,86,3.6,420,0.0,1.0,0.0,No Holiday,5,Summer,57
21/08/2018,23.8,89,3.3,882,0.0,1.5,0.0,No Holiday,6,Summer,73
21/08/2018,23.4,94,2.4,1773,0.02,2.0,0.0,No Holiday,7,Summer,608
21/08/2018,24.0,84,3.5,1975,0.47,0.0,0.0,No Holiday,8,Summer,1530
21/08/2018,24.4,82,3.0,1847,0.6,0.0,0.0,No Holiday,9,Summer,876
21/08/2018,24.8,82,3.2,1732,0.34,0.0,0.0,No Holiday,10,Summer,402
21/08/2018,24.7,85,2.3,1438,0.27,0.0,0.0,No Holiday,11,Summer,681
21/08/2018,25.7,74,3.4,1951,1.16,0.0,0.0,No Holiday,12,Summer,848
21/08/2018,27.1,66,2.6,1895,1.54,0.0,0.0,No Holiday,13,Summer,827
21/08/2018,28.5,58,2.6,1965,1.93,0.0,0.0,No Holiday,14,Summer,788
21/08/2018,29.5,57,2.0,2000,2.1,0.0,0.0,No Holiday,15,Summer,957
21/08/2018,30.4,53,2.0,1990,1.82,0.0,0.0,No Holiday,16,Summer,1112
21/08/2018,30.8,52,2.3,1953,1.49,0.0,0.0,No Holiday,17,Summer,1663
21/08/2018,30.3,56,1.7,2000,0.8,0.0,0.0,No Holiday,18,Summer,2830
21/08/2018,29.2,62,1.7,2000,0.31,0.0,0.0,No Holiday,19,Summer,2364
21/08/2018,27.7,69,1.6,1992,0.01,0.0,0.0,No Holiday,20,Summer,2169
21/08/2018,26.8,72,0.4,1985,0.0,0.0,0.0,No Holiday,21,Summer,2057
21/08/2018,26.1,76,1.2,1867,0.0,0.0,0.0,No Holiday,22,Summer,1828
21/08/2018,25.6,75,0.1,1892,0.0,0.0,0.0,No Holiday,23,Summer,1277
22/08/2018,25.1,79,0.5,1891,0.0,0.0,0.0,No Holiday,0,Summer,1025
22/08/2018,24.6,79,0.6,1884,0.0,0.0,0.0,No Holiday,1,Summer,782
22/08/2018,24.2,79,0.6,1882,0.0,0.0,0.0,No Holiday,2,Summer,512
22/08/2018,24.1,80,0.8,1920,0.0,0.0,0.0,No Holiday,3,Summer,346
22/08/2018,23.6,81,0.8,1943,0.0,0.0,0.0,No Holiday,4,Summer,214
22/08/2018,23.4,82,0.4,2000,0.0,0.0,0.0,No Holiday,5,Summer,289
22/08/2018,23.7,78,0.3,2000,0.0,0.0,0.0,No Holiday,6,Summer,655
22/08/2018,24.3,74,0.6,1999,0.1,0.0,0.0,No Holiday,7,Summer,1330
22/08/2018,25.7,66,0.9,1976,0.64,0.0,0.0,No Holiday,8,Summer,1990
22/08/2018,28.0,56,1.5,1982,1.57,0.0,0.0,No Holiday,9,Summer,1015
22/08/2018,30.2,52,1.4,1923,2.13,0.0,0.0,No Holiday,10,Summer,700
22/08/2018,32.1,49,1.6,1874,2.63,0.0,0.0,No Holiday,11,Summer,710
22/08/2018,33.9,45,1.4,1923,2.95,0.0,0.0,No Holiday,12,Summer,784
22/08/2018,35.3,41,2.1,1925,3.1,0.0,0.0,No Holiday,13,Summer,727
22/08/2018,36.2,36,1.5,1985,2.87,0.0,0.0,No Holiday,14,Summer,760
22/08/2018,36.8,36,1.0,2000,2.46,0.0,0.0,No Holiday,15,Summer,842
22/08/2018,37.4,35,1.3,2000,2.0,0.0,0.0,No Holiday,16,Summer,993
22/08/2018,36.4,39,1.2,2000,1.15,0.0,0.0,No Holiday,17,Summer,1495
22/08/2018,35.4,40,1.0,2000,0.34,0.0,0.0,No Holiday,18,Summer,2528
22/08/2018,35.2,41,0.5,2000,0.31,0.0,0.0,No Holiday,19,Summer,2087
22/08/2018,33.2,51,1.0,2000,0.02,0.0,0.0,No Holiday,20,Summer,1808
22/08/2018,33.1,46,2.7,2000,0.0,0.0,0.0,No Holiday,21,Summer,1807
22/08/2018,32.1,47,2.0,2000,0.0,0.0,0.0,No Holiday,22,Summer,1556
22/08/2018,31.2,50,1.8,2000,0.0,0.0,0.0,No Holiday,23,Summer,1117
23/08/2018,30.7,52,1.3,2000,0.0,0.0,0.0,No Holiday,0,Summer,908
23/08/2018,30.1,54,0.8,2000,0.0,0.0,0.0,No Holiday,1,Summer,745
23/08/2018,29.8,53,1.4,2000,0.0,0.0,0.0,No Holiday,2,Summer,492
23/08/2018,29.7,52,1.4,2000,0.0,0.0,0.0,No Holiday,3,Summer,304
23/08/2018,29.3,54,1.0,2000,0.0,0.0,0.0,No Holiday,4,Summer,168
23/08/2018,28.5,57,0.9,2000,0.0,0.1,0.0,No Holiday,5,Summer,185
23/08/2018,28.3,55,1.5,2000,0.0,0.0,0.0,No Holiday,6,Summer,492
23/08/2018,28.3,55,1.1,2000,0.03,0.0,0.0,No Holiday,7,Summer,720
23/08/2018,28.1,58,1.3,2000,0.14,0.0,0.0,No Holiday,8,Summer,1678
23/08/2018,29.3,54,1.5,2000,0.82,0.0,0.0,No Holiday,9,Summer,924
23/08/2018,30.2,52,1.8,2000,0.93,0.0,0.0,No Holiday,10,Summer,551
23/08/2018,29.9,57,1.7,1992,0.88,0.1,0.0,No Holiday,11,Summer,711
23/08/2018,31.9,49,1.9,2000,1.85,0.0,0.0,No Holiday,12,Summer,769
23/08/2018,31.0,53,1.9,2000,0.79,0.0,0.0,No Holiday,13,Summer,584
23/08/2018,30.5,59,2.0,2000,0.84,0.1,0.0,No Holiday,14,Summer,740
23/08/2018,32.0,53,2.1,1992,1.57,0.0,0.0,No Holiday,15,Summer,837
23/08/2018,31.7,56,1.9,2000,0.92,0.0,0.0,No Holiday,16,Summer,944
23/08/2018,30.8,59,2.2,2000,0.41,0.0,0.0,No Holiday,17,Summer,1249
23/08/2018,30.6,55,2.3,2000,0.11,0.0,0.0,No Holiday,18,Summer,1447
23/08/2018,30.0,59,2.2,1970,0.01,0.0,0.0,No Holiday,19,Summer,582
23/08/2018,29.2,62,2.1,1952,0.0,0.1,0.0,No Holiday,20,Summer,257
23/08/2018,27.8,72,2.0,2000,0.0,0.1,0.0,No Holiday,21,Summer,189
23/08/2018,26.6,84,1.7,1815,0.0,1.5,0.0,No Holiday,22,Summer,215
23/08/2018,26.1,84,1.9,1801,0.0,0.5,0.0,No Holiday,23,Summer,267
24/08/2018,25.7,83,2.0,2000,0.0,0.5,0.0,No Holiday,0,Summer,238
24/08/2018,25.7,80,2.0,2000,0.0,0.2,0.0,No Holiday,1,Summer,208
24/08/2018,25.4,85,2.0,1453,0.0,0.8,0.0,No Holiday,2,Summer,83
24/08/2018,24.8,87,2.2,1286,0.0,1.0,0.0,No Holiday,3,Summer,62
24/08/2018,24.5,88,2.0,1433,0.0,1.0,0.0,No Holiday,4,Summer,30
24/08/2018,24.6,88,1.5,1967,0.0,0.5,0.0,No Holiday,5,Summer,45
24/08/2018,24.9,88,1.1,2000,0.0,0.5,0.0,No Holiday,6,Summer,173
24/08/2018,24.2,88,2.3,2000,0.05,0.0,0.0,No Holiday,7,Summer,400
24/08/2018,24.4,86,1.7,2000,0.13,0.0,0.0,No Holiday,8,Summer,578
24/08/2018,24.8,85,1.7,2000,0.32,0.0,0.0,No Holiday,9,Summer,484
24/08/2018,26.0,77,2.2,2000,0.61,0.0,0.0,No Holiday,10,Summer,286
24/08/2018,26.2,76,2.6,1995,0.88,0.0,0.0,No Holiday,11,Summer,415
24/08/2018,25.8,81,3.2,1828,0.8,0.0,0.0,No Holiday,12,Summer,355
24/08/2018,25.8,78,2.8,2000,0.95,0.0,0.0,No Holiday,13,Summer,274
24/08/2018,24.4,93,2.9,250,0.26,1.5,0.0,No Holiday,14,Summer,152
24/08/2018,24.0,94,3.1,1188,0.41,0.5,0.0,No Holiday,15,Summer,405
24/08/2018,24.6,85,2.7,1973,0.55,0.0,0.0,No Holiday,16,Summer,455
24/08/2018,24.1,89,1.9,2000,0.58,0.0,0.0,No Holiday,17,Summer,403
24/08/2018,23.8,95,2.7,1938,0.11,1.5,0.0,No Holiday,18,Summer,916
24/08/2018,23.6,86,3.0,1275,0.04,0.0,0.0,No Holiday,19,Summer,948
24/08/2018,23.5,81,3.5,2000,0.0,0.0,0.0,No Holiday,20,Summer,1162
24/08/2018,23.5,79,3.6,2000,0.0,0.0,0.0,No Holiday,21,Summer,1300
24/08/2018,23.5,79,2.9,1860,0.0,0.0,0.0,No Holiday,22,Summer,1202
24/08/2018,23.4,79,2.7,1990,0.0,0.0,0.0,No Holiday,23,Summer,1084
25/08/2018,23.2,81,2.4,1976,0.0,0.0,0.0,No Holiday,0,Summer,980
25/08/2018,23.0,82,2.1,1922,0.0,0.0,0.0,No Holiday,1,Summer,886
25/08/2018,22.9,82,2.1,1829,0.0,0.0,0.0,No Holiday,2,Summer,708
25/08/2018,23.1,80,2.0,1849,0.0,0.0,0.0,No Holiday,3,Summer,456
25/08/2018,23.2,79,1.8,1941,0.0,0.0,0.0,No Holiday,4,Summer,306
25/08/2018,23.3,79,1.7,1592,0.0,0.0,0.0,No Holiday,5,Summer,232
25/08/2018,23.5,79,2.0,1439,0.0,0.0,0.0,No Holiday,6,Summer,318
25/08/2018,23.7,76,1.9,1281,0.08,0.0,0.0,No Holiday,7,Summer,490
25/08/2018,24.1,78,2.0,1133,0.34,0.0,0.0,No Holiday,8,Summer,721
25/08/2018,25.3,72,2.4,1220,1.08,0.0,0.0,No Holiday,9,Summer,808
25/08/2018,26.3,67,3.2,1673,1.48,0.0,0.0,No Holiday,10,Summer,858
25/08/2018,28.0,57,3.3,1827,2.71,0.0,0.0,No Holiday,11,Summer,916
25/08/2018,27.9,55,2.9,1922,1.49,0.0,0.0,No Holiday,12,Summer,1070
25/08/2018,28.6,54,2.9,1925,1.85,0.0,0.0,No Holiday,13,Summer,1231
25/08/2018,29.2,52,3.1,1735,2.68,0.0,0.0,No Holiday,14,Summer,1261
25/08/2018,28.1,53,4.5,1953,1.6,0.0,0.0,No Holiday,15,Summer,1516
25/08/2018,27.2,58,3.7,1987,0.99,0.0,0.0,No Holiday,16,Summer,1592
25/08/2018,26.9,60,2.8,2000,0.77,0.0,0.0,No Holiday,17,Summer,1797
25/08/2018,27.1,56,3.0,1987,0.87,0.0,0.0,No Holiday,18,Summer,2080
25/08/2018,25.8,62,3.3,2000,0.27,0.0,0.0,No Holiday,19,Summer,2043
25/08/2018,24.6,65,2.9,2000,0.0,0.0,0.0,No Holiday,20,Summer,2022
25/08/2018,23.9,71,2.3,2000,0.0,0.0,0.0,No Holiday,21,Summer,1937
25/08/2018,23.4,75,1.6,2000,0.0,0.0,0.0,No Holiday,22,Summer,1717
25/08/2018,22.9,78,1.4,2000,0.0,0.0,0.0,No Holiday,23,Summer,1357
26/08/2018,22.8,78,1.5,2000,0.0,0.0,0.0,No Holiday,0,Summer,1163
26/08/2018,22.5,80,0.6,2000,0.0,0.0,0.0,No Holiday,1,Summer,769
26/08/2018,22.1,84,0.6,2000,0.0,0.0,0.0,No Holiday,2,Summer,600
26/08/2018,21.6,85,0.1,1982,0.0,0.0,0.0,No Holiday,3,Summer,426
26/08/2018,21.2,86,0.5,1724,0.0,0.0,0.0,No Holiday,4,Summer,290
26/08/2018,20.7,88,0.6,1100,0.0,0.0,0.0,No Holiday,5,Summer,188
26/08/2018,20.4,88,0.6,1064,0.0,0.0,0.0,No Holiday,6,Summer,243
26/08/2018,20.7,85,0.5,1052,0.11,0.0,0.0,No Holiday,7,Summer,381
26/08/2018,22.1,74,1.0,1479,0.77,0.0,0.0,No Holiday,8,Summer,566
26/08/2018,24.2,64,1.2,1985,1.48,0.0,0.0,No Holiday,9,Summer,725
26/08/2018,26.3,53,1.6,2000,2.19,0.0,0.0,No Holiday,10,Summer,681
26/08/2018,28.0,46,1.7,1990,2.73,0.0,0.0,No Holiday,11,Summer,791
26/08/2018,28.9,42,2.0,1975,2.5,0.0,0.0,No Holiday,12,Summer,1070
26/08/2018,27.8,54,3.5,2000,1.15,0.0,0.0,No Holiday,13,Summer,657
26/08/2018,25.8,69,3.6,1309,0.56,0.1,0.0,No Holiday,14,Summer,417
26/08/2018,24.3,64,1.8,1931,0.59,0.0,0.0,No Holiday,15,Summer,782
26/08/2018,23.5,56,2.3,2000,0.5,0.1,0.0,No Holiday,16,Summer,1025
26/08/2018,23.5,58,1.2,2000,0.52,0.0,0.0,No Holiday,17,Summer,1399
26/08/2018,23.4,67,0.6,2000,0.36,0.0,0.0,No Holiday,18,Summer,1479
26/08/2018,22.7,69,1.9,2000,0.08,0.0,0.0,No Holiday,19,Summer,1596
26/08/2018,22.4,64,0.8,2000,0.0,0.0,0.0,No Holiday,20,Summer,1674
26/08/2018,22.5,65,1.1,2000,0.0,0.0,0.0,No Holiday,21,Summer,1276
26/08/2018,21.2,81,1.0,1808,0.0,1.3,0.0,No Holiday,22,Summer,764
26/08/2018,20.8,84,0.9,1078,0.0,0.5,0.0,No Holiday,23,Summer,348
27/08/2018,20.5,85,1.0,2000,0.0,0.0,0.0,No Holiday,0,Summer,325
27/08/2018,20.5,89,0.5,235,0.0,1.5,0.0,No Holiday,1,Summer,61
27/08/2018,20.3,97,0.7,315,0.0,1.0,0.0,No Holiday,2,Summer,44
27/08/2018,20.3,97,0.4,200,0.0,1.5,0.0,No Holiday,3,Summer,22
27/08/2018,20.5,97,0.1,257,0.0,3.5,0.0,No Holiday,4,Summer,27
27/08/2018,20.5,97,0.4,384,0.0,3.0,0.0,No Holiday,5,Summer,38
27/08/2018,20.6,98,0.7,626,0.0,1.0,0.0,No Holiday,6,Summer,47
27/08/2018,20.8,98,0.5,299,0.02,2.0,0.0,No Holiday,7,Summer,103
27/08/2018,21.3,97,1.3,1029,0.17,0.5,0.0,No Holiday,8,Summer,328
27/08/2018,21.5,97,0.9,1543,0.19,0.5,0.0,No Holiday,9,Summer,75
27/08/2018,21.7,97,1.0,1249,0.29,2.5,0.0,No Holiday,10,Summer,104
27/08/2018,22.0,96,1.6,602,0.36,0.5,0.0,No Holiday,11,Summer,148
27/08/2018,22.6,90,1.4,1963,1.02,1.0,0.0,No Holiday,12,Summer,137
27/08/2018,22.9,92,1.2,459,1.09,0.5,0.0,No Holiday,13,Summer,149
27/08/2018,23.3,89,1.5,1435,1.23,0.5,0.0,No Holiday,14,Summer,231
27/08/2018,24.4,87,1.5,1153,1.44,0.0,0.0,No Holiday,15,Summer,580
27/08/2018,24.7,85,1.2,1143,0.99,0.0,0.0,No Holiday,16,Summer,886
27/08/2018,24.9,82,0.9,2000,0.67,0.0,0.0,No Holiday,17,Summer,1356
27/08/2018,24.8,83,0.8,1947,0.26,0.0,0.0,No Holiday,18,Summer,2153
27/08/2018,24.7,83,0.4,2000,0.1,0.0,0.0,No Holiday,19,Summer,1615
27/08/2018,24.4,85,0.7,2000,0.01,0.0,0.0,No Holiday,20,Summer,1560
27/08/2018,23.9,88,0.8,2000,0.0,0.0,0.0,No Holiday,21,Summer,1762
27/08/2018,23.5,88,0.6,2000,0.0,0.0,0.0,No Holiday,22,Summer,1571
27/08/2018,23.6,87,0.6,2000,0.0,0.0,0.0,No Holiday,23,Summer,1113
28/08/2018,23.5,88,0.6,2000,0.0,0.0,0.0,No Holiday,0,Summer,870
28/08/2018,23.1,94,0.6,2000,0.0,0.0,0.0,No Holiday,1,Summer,653
28/08/2018,23.2,88,0.6,2000,0.0,0.0,0.0,No Holiday,2,Summer,482
28/08/2018,22.9,93,0.6,2000,0.0,0.0,0.0,No Holiday,3,Summer,281
28/08/2018,22.6,95,0.4,1919,0.0,0.0,0.0,No Holiday,4,Summer,200
28/08/2018,22.5,96,0.3,1605,0.0,0.0,0.0,No Holiday,5,Summer,218
28/08/2018,22.5,90,0.6,1149,0.0,0.0,0.0,No Holiday,6,Summer,581
28/08/2018,22.6,88,0.8,2000,0.06,0.0,0.0,No Holiday,7,Summer,1182
28/08/2018,23.4,83,0.8,1998,0.32,0.0,0.0,No Holiday,8,Summer,1841
28/08/2018,24.2,80,1.2,1708,0.57,0.0,0.0,No Holiday,9,Summer,865
28/08/2018,25.4,75,0.7,1995,0.96,0.0,0.0,No Holiday,10,Summer,670
28/08/2018,25.9,79,1.7,1900,0.9,0.0,0.0,No Holiday,11,Summer,411
28/08/2018,25.2,89,1.4,340,0.32,2.0,0.0,No Holiday,12,Summer,25
28/08/2018,24.6,97,0.5,765,0.1,9.5,0.0,No Holiday,13,Summer,31
28/08/2018,24.9,97,0.5,766,0.36,4.0,0.0,No Holiday,14,Summer,126
28/08/2018,25.2,96,0.6,1754,0.51,0.5,0.0,No Holiday,15,Summer,122
28/08/2018,25.0,97,0.7,1181,0.17,2.5,0.0,No Holiday,16,Summer,60
28/08/2018,24.8,96,1.8,564,0.14,2.5,0.0,No Holiday,17,Summer,39
28/08/2018,24.3,97,0.8,105,0.01,18.5,0.0,No Holiday,18,Summer,96
28/08/2018,23.9,98,0.8,1792,0.0,7.0,0.0,No Holiday,19,Summer,84
28/08/2018,23.3,97,3.3,183,0.0,15.5,0.0,No Holiday,20,Summer,10
28/08/2018,22.9,98,2.1,1146,0.0,29.5,0.0,No Holiday,21,Summer,122
28/08/2018,22.9,97,1.3,2000,0.0,0.5,0.0,No Holiday,22,Summer,64
28/08/2018,22.8,97,1.0,600,0.0,3.5,0.0,No Holiday,23,Summer,59
29/08/2018,22.7,96,0.3,2000,0.0,1.0,0.0,No Holiday,0,Summer,208
29/08/2018,22.8,97,0.5,2000,0.0,0.5,0.0,No Holiday,1,Summer,334
29/08/2018,24.2,91,3.6,1735,0.0,0.0,0.0,No Holiday,2,Summer,243
29/08/2018,24.5,87,4.3,1985,0.0,0.0,0.0,No Holiday,3,Summer,171
29/08/2018,24.6,86,4.0,1968,0.0,0.0,0.0,No Holiday,4,Summer,128
29/08/2018,24.6,87,3.6,1966,0.0,0.0,0.0,No Holiday,5,Summer,109
29/08/2018,24.7,85,3.8,2000,0.0,0.0,0.0,No Holiday,6,Summer,346
29/08/2018,25.0,85,3.0,2000,0.02,0.0,0.0,No Holiday,7,Summer,862
29/08/2018,25.3,83,3.4,1982,0.14,0.0,0.0,No Holiday,8,Summer,1595
29/08/2018,25.8,79,2.7,1963,0.3,0.0,0.0,No Holiday,9,Summer,867
29/08/2018,26.4,78,2.7,2000,0.44,0.0,0.0,No Holiday,10,Summer,642
29/08/2018,26.9,74,3.2,2000,0.45,0.0,0.0,No Holiday,11,Summer,671
29/08/2018,27.4,72,4.2,1989,0.54,0.0,0.0,No Holiday,12,Summer,648
29/08/2018,27.1,75,3.7,1972,0.28,0.0,0.0,No Holiday,13,Summer,540
29/08/2018,26.8,77,3.5,1965,0.11,0.0,0.0,No Holiday,14,Summer,490
29/08/2018,26.9,77,2.5,1937,0.26,0.0,0.0,No Holiday,15,Summer,583
29/08/2018,27.0,76,3.8,1875,0.21,0.0,0.0,No Holiday,16,Summer,193
29/08/2018,24.6,93,0.9,1451,0.0,1.5,0.0,No Holiday,17,Summer,160
29/08/2018,23.9,96,0.2,991,0.0,1.5,0.0,No Holiday,18,Summer,57
29/08/2018,23.5,97,0.3,323,0.0,6.5,0.0,No Holiday,19,Summer,24
29/08/2018,23.4,98,0.6,70,0.0,21.0,0.0,No Holiday,20,Summer,19
29/08/2018,23.7,98,0.6,410,0.0,5.5,0.0,No Holiday,21,Summer,22
29/08/2018,24.3,97,2.1,1028,0.0,4.5,0.0,No Holiday,22,Summer,74
29/08/2018,24.2,94,0.9,1808,0.0,1.0,0.0,No Holiday,23,Summer,198
30/08/2018,24.7,94,2.8,1270,0.0,0.0,0.0,No Holiday,0,Summer,214
30/08/2018,24.9,92,2.2,1125,0.0,0.5,0.0,No Holiday,1,Summer,99
30/08/2018,24.7,96,1.0,337,0.0,6.5,0.0,No Holiday,2,Summer,80
30/08/2018,24.1,97,2.5,1989,0.0,1.5,0.0,No Holiday,3,Summer,81
30/08/2018,23.9,96,0.4,1797,0.0,0.0,0.0,No Holiday,4,Summer,42
30/08/2018,24.0,97,0.9,1347,0.0,0.5,0.0,No Holiday,5,Summer,73
30/08/2018,24.2,96,1.6,1206,0.0,0.0,0.0,No Holiday,6,Summer,285
30/08/2018,24.3,96,1.4,1025,0.04,0.0,0.0,No Holiday,7,Summer,771
30/08/2018,24.6,96,1.0,883,0.19,0.0,0.0,No Holiday,8,Summer,1330
30/08/2018,25.0,92,1.1,782,0.39,0.0,0.0,No Holiday,9,Summer,846
30/08/2018,26.1,81,1.5,860,1.05,0.0,0.0,No Holiday,10,Summer,589
30/08/2018,26.2,82,2.6,834,0.59,0.0,0.0,No Holiday,11,Summer,716
30/08/2018,27.0,74,2.5,915,0.94,0.0,0.0,No Holiday,12,Summer,768
30/08/2018,28.2,66,2.2,1006,1.81,0.0,0.0,No Holiday,13,Summer,865
30/08/2018,27.5,66,2.8,989,0.76,0.0,0.0,No Holiday,14,Summer,837
30/08/2018,27.2,69,3.5,963,0.95,0.0,0.0,No Holiday,15,Summer,982
30/08/2018,27.6,68,2.1,1038,1.46,0.0,0.0,No Holiday,16,Summer,1142
30/08/2018,26.8,73,2.6,916,0.37,0.0,0.0,No Holiday,17,Summer,1473
30/08/2018,26.1,72,2.4,1066,0.19,0.0,0.0,No Holiday,18,Summer,1887
30/08/2018,25.1,74,2.1,1105,0.0,0.5,0.0,No Holiday,19,Summer,1707
30/08/2018,24.9,70,1.2,1377,0.0,0.0,0.0,No Holiday,20,Summer,1685
30/08/2018,24.8,72,1.4,1298,0.0,0.0,0.0,No Holiday,21,Summer,1732
30/08/2018,24.6,71,1.5,1319,0.0,0.0,0.0,No Holiday,22,Summer,1582
30/08/2018,24.3,71,0.8,1549,0.0,0.0,0.0,No Holiday,23,Summer,1173
31/08/2018,23.9,75,1.7,1192,0.0,0.0,0.0,No Holiday,0,Summer,861
31/08/2018,23.7,77,1.1,1099,0.0,0.0,0.0,No Holiday,1,Summer,652
31/08/2018,23.4,79,0.4,1045,0.0,0.0,0.0,No Holiday,2,Summer,381
31/08/2018,23.3,81,1.7,1068,0.0,0.0,0.0,No Holiday,3,Summer,297
31/08/2018,23.2,83,1.6,1102,0.0,0.0,0.0,No Holiday,4,Summer,170
31/08/2018,23.1,84,0.5,1022,0.0,0.0,0.0,No Holiday,5,Summer,217
31/08/2018,22.9,83,0.0,1239,0.0,0.0,0.0,No Holiday,6,Summer,436
31/08/2018,22.9,83,0.6,1127,0.01,0.0,0.0,No Holiday,7,Summer,828
31/08/2018,23.1,80,0.2,1066,0.27,0.1,0.0,No Holiday,8,Summer,1686
31/08/2018,24.1,69,0.9,1662,0.76,0.0,0.0,No Holiday,9,Summer,1049
31/08/2018,25.5,53,2.3,1843,1.81,0.0,0.0,No Holiday,10,Summer,794
31/08/2018,26.7,51,2.7,1925,2.65,0.0,0.0,No Holiday,11,Summer,868
31/08/2018,27.8,47,2.9,1905,2.99,0.0,0.0,No Holiday,12,Summer,982
31/08/2018,28.7,46,2.6,1815,3.1,0.0,0.0,No Holiday,13,Summer,965
31/08/2018,29.3,41,1.9,1928,3.0,0.0,0.0,No Holiday,14,Summer,987
31/08/2018,30.3,41,2.5,1864,2.72,0.0,0.0,No Holiday,15,Summer,1119
31/08/2018,29.7,51,3.0,2000,2.27,0.0,0.0,No Holiday,16,Summer,1404
31/08/2018,29.1,49,2.8,1969,1.57,0.0,0.0,No Holiday,17,Summer,1869
31/08/2018,28.4,57,2.4,2000,0.84,0.0,0.0,No Holiday,18,Summer,2836
31/08/2018,26.5,69,2.3,2000,0.18,0.0,0.0,No Holiday,19,Summer,2372
31/08/2018,25.4,74,1.6,2000,0.0,0.0,0.0,No Holiday,20,Summer,1995
31/08/2018,24.5,78,1.2,2000,0.0,0.0,0.0,No Holiday,21,Summer,1931
31/08/2018,24.1,80,0.9,1852,0.0,0.0,0.0,No Holiday,22,Summer,1789
31/08/2018,23.8,81,0.6,1893,0.0,0.0,0.0,No Holiday,23,Summer,1329
01/09/2018,23.2,83,0.5,1887,0.0,0.0,0.0,No Holiday,0,Autumn,1075
01/09/2018,22.7,83,0.1,1940,0.0,0.0,0.0,No Holiday,1,Autumn,975
01/09/2018,22.0,86,0.4,1703,0.0,0.0,0.0,No Holiday,2,Autumn,785
01/09/2018,21.6,87,0.3,1579,0.0,0.0,0.0,No Holiday,3,Autumn,514
01/09/2018,21.2,88,0.9,1183,0.0,0.0,0.0,No Holiday,4,Autumn,338
01/09/2018,21.1,87,0.6,1116,0.0,0.0,0.0,No Holiday,5,Autumn,260
01/09/2018,20.9,87,0.7,1198,0.0,0.0,0.0,No Holiday,6,Autumn,362
01/09/2018,21.1,81,1.0,1738,0.14,0.0,0.0,No Holiday,7,Autumn,511
01/09/2018,22.3,64,1.7,2000,0.75,0.0,0.0,No Holiday,8,Autumn,812
01/09/2018,24.1,56,2.1,1956,1.46,0.0,0.0,No Holiday,9,Autumn,925
01/09/2018,26.0,54,1.5,2000,2.13,0.0,0.0,No Holiday,10,Autumn,861
01/09/2018,27.6,47,1.2,2000,2.63,0.0,0.0,No Holiday,11,Autumn,981
01/09/2018,28.9,46,1.6,1966,2.96,0.0,0.0,No Holiday,12,Autumn,1086
01/09/2018,29.4,48,1.9,1942,2.88,0.0,0.0,No Holiday,13,Autumn,1303
01/09/2018,29.7,42,1.4,2000,2.37,0.0,0.0,No Holiday,14,Autumn,1371
01/09/2018,30.0,45,0.9,2000,2.1,0.0,0.0,No Holiday,15,Autumn,1480
01/09/2018,30.5,41,1.4,1930,1.95,0.0,0.0,No Holiday,16,Autumn,1678
01/09/2018,29.6,42,1.3,2000,0.98,0.0,0.0,No Holiday,17,Autumn,1845
01/09/2018,28.8,46,1.3,2000,0.58,0.0,0.0,No Holiday,18,Autumn,1892
01/09/2018,27.8,48,1.1,2000,0.08,0.0,0.0,No Holiday,19,Autumn,1891
01/09/2018,26.9,49,2.1,2000,0.0,0.0,0.0,No Holiday,20,Autumn,1440
01/09/2018,26.0,52,1.4,2000,0.0,0.0,0.0,No Holiday,21,Autumn,1110
01/09/2018,25.1,53,2.0,2000,0.0,0.0,0.0,No Holiday,22,Autumn,992
01/09/2018,24.4,54,1.6,2000,0.0,0.0,0.0,No Holiday,23,Autumn,1523
02/09/2018,23.5,56,1.5,2000,0.0,0.0,0.0,No Holiday,0,Autumn,1336
02/09/2018,22.8,59,1.5,2000,0.0,0.0,0.0,No Holiday,1,Autumn,930
02/09/2018,22.0,60,1.2,2000,0.0,0.0,0.0,No Holiday,2,Autumn,610
02/09/2018,21.5,61,1.3,2000,0.0,0.0,0.0,No Holiday,3,Autumn,440
02/09/2018,21.1,62,1.8,2000,0.0,0.0,0.0,No Holiday,4,Autumn,255
02/09/2018,20.6,65,1.1,2000,0.0,0.0,0.0,No Holiday,5,Autumn,179
02/09/2018,20.2,66,1.0,2000,0.0,0.0,0.0,No Holiday,6,Autumn,249
02/09/2018,20.2,65,1.4,2000,0.16,0.0,0.0,No Holiday,7,Autumn,388
02/09/2018,21.3,57,1.3,2000,0.81,0.0,0.0,No Holiday,8,Autumn,576
02/09/2018,23.4,52,1.3,1997,1.53,0.0,0.0,No Holiday,9,Autumn,721
02/09/2018,25.0,47,1.5,2000,2.17,0.0,0.0,No Holiday,10,Autumn,802
02/09/2018,26.5,44,1.4,1958,2.62,0.0,0.0,No Holiday,11,Autumn,940
02/09/2018,27.5,43,1.4,1959,2.75,0.0,0.0,No Holiday,12,Autumn,1075
02/09/2018,28.5,42,1.7,1990,2.94,0.0,0.0,No Holiday,13,Autumn,1254
02/09/2018,29.1,43,1.4,2000,2.39,0.0,0.0,No Holiday,14,Autumn,1395
02/09/2018,29.3,43,1.5,1958,2.4,0.0,0.0,No Holiday,15,Autumn,1550
02/09/2018,29.3,44,1.4,1997,1.32,0.0,0.0,No Holiday,16,Autumn,1853
02/09/2018,28.8,47,2.0,1998,1.0,0.0,0.0,No Holiday,17,Autumn,2069
02/09/2018,27.9,52,1.7,2000,0.2,0.0,0.0,No Holiday,18,Autumn,2118
02/09/2018,27.3,54,1.5,2000,0.05,0.0,0.0,No Holiday,19,Autumn,1986
02/09/2018,26.9,56,1.6,2000,0.0,0.0,0.0,No Holiday,20,Autumn,1838
02/09/2018,26.2,62,2.3,2000,0.0,0.0,0.0,No Holiday,21,Autumn,1759
02/09/2018,25.7,64,1.1,2000,0.0,0.0,0.0,No Holiday,22,Autumn,1511
02/09/2018,25.1,65,2.2,2000,0.0,0.0,0.0,No Holiday,23,Autumn,1047
03/09/2018,24.7,67,1.2,2000,0.0,0.0,0.0,No Holiday,0,Autumn,763
03/09/2018,24.5,68,0.5,2000,0.0,0.0,0.0,No Holiday,1,Autumn,524
03/09/2018,24.3,68,1.0,2000,0.0,0.0,0.0,No Holiday,2,Autumn,321
03/09/2018,24.2,70,0.3,2000,0.0,0.0,0.0,No Holiday,3,Autumn,211
03/09/2018,24.0,70,1.2,2000,0.0,0.0,0.0,No Holiday,4,Autumn,153
03/09/2018,23.9,70,1.5,2000,0.0,0.0,0.0,No Holiday,5,Autumn,264
03/09/2018,23.8,71,1.2,2000,0.0,0.0,0.0,No Holiday,6,Autumn,656
03/09/2018,23.9,71,0.4,2000,0.02,0.0,0.0,No Holiday,7,Autumn,1287
03/09/2018,24.2,70,1.4,2000,0.16,0.0,0.0,No Holiday,8,Autumn,1580
03/09/2018,23.6,86,1.2,336,0.14,2.0,0.0,No Holiday,9,Autumn,719
03/09/2018,23.3,89,0.7,1716,0.2,0.5,0.0,No Holiday,10,Autumn,434
03/09/2018,23.7,86,0.6,1798,0.31,0.0,0.0,No Holiday,11,Autumn,443
03/09/2018,23.9,83,1.1,1901,0.27,0.0,0.0,No Holiday,12,Autumn,673
03/09/2018,24.9,78,1.5,1910,0.72,0.0,0.0,No Holiday,13,Autumn,731
03/09/2018,25.6,77,0.8,1930,0.78,0.0,0.0,No Holiday,14,Autumn,532
03/09/2018,25.7,81,0.7,1825,0.43,0.0,0.0,No Holiday,15,Autumn,137
03/09/2018,25.5,91,1.3,403,0.23,3.5,0.0,No Holiday,16,Autumn,39
03/09/2018,22.7,96,4.9,452,0.07,13.0,0.0,No Holiday,17,Autumn,23
03/09/2018,21.9,97,1.8,757,0.02,13.0,0.0,No Holiday,18,Autumn,113
03/09/2018,21.7,97,0.2,1154,0.01,1.0,0.0,No Holiday,19,Autumn,73
03/09/2018,21.5,97,0.3,2000,0.0,0.5,0.0,No Holiday,20,Autumn,151
03/09/2018,21.6,97,0.5,646,0.0,0.5,0.0,No Holiday,21,Autumn,110
03/09/2018,21.7,97,0.4,440,0.0,0.5,0.0,No Holiday,22,Autumn,379
03/09/2018,21.7,97,0.8,838,0.0,0.0,0.0,No Holiday,23,Autumn,486
04/09/2018,21.4,97,0.1,404,0.0,0.0,0.0,No Holiday,0,Autumn,500
04/09/2018,21.3,97,1.1,570,0.0,0.0,0.0,No Holiday,1,Autumn,486
04/09/2018,20.9,96,0.4,970,0.0,0.0,0.0,No Holiday,2,Autumn,324
04/09/2018,20.6,97,0.2,500,0.0,0.0,0.0,No Holiday,3,Autumn,223
04/09/2018,20.4,97,2.7,704,0.0,0.0,0.0,No Holiday,4,Autumn,186
04/09/2018,20.2,97,1.2,528,0.0,0.0,0.0,No Holiday,5,Autumn,219
04/09/2018,20.0,97,0.0,647,0.0,0.0,0.0,No Holiday,6,Autumn,602
04/09/2018,20.1,97,1.9,443,0.03,0.0,0.0,No Holiday,7,Autumn,1289
04/09/2018,20.5,90,1.9,490,0.53,0.0,0.0,No Holiday,8,Autumn,2059
04/09/2018,21.6,81,2.3,1669,1.2,0.0,0.0,No Holiday,9,Autumn,1083
04/09/2018,23.1,73,3.1,2000,2.24,0.0,0.0,No Holiday,10,Autumn,822
04/09/2018,24.5,64,2.7,2000,2.7,0.0,0.0,No Holiday,11,Autumn,940
04/09/2018,25.8,57,2.8,2000,3.02,0.0,0.0,No Holiday,12,Autumn,995
04/09/2018,26.5,58,2.8,2000,2.87,0.0,0.0,No Holiday,13,Autumn,997
04/09/2018,27.4,52,3.8,1998,2.67,0.0,0.0,No Holiday,14,Autumn,987
04/09/2018,26.7,51,3.4,2000,2.09,0.0,0.0,No Holiday,15,Autumn,1178
04/09/2018,27.1,47,4.3,2000,1.82,0.0,0.0,No Holiday,16,Autumn,1429
04/09/2018,27.6,47,3.3,2000,1.49,0.0,0.0,No Holiday,17,Autumn,1993
04/09/2018,26.8,53,2.6,2000,0.8,0.0,0.0,No Holiday,18,Autumn,3166
04/09/2018,25.1,49,3.1,2000,0.18,0.0,0.0,No Holiday,19,Autumn,2491
04/09/2018,23.7,49,3.3,2000,0.0,0.0,0.0,No Holiday,20,Autumn,2259
04/09/2018,22.9,55,3.0,2000,0.0,0.0,0.0,No Holiday,21,Autumn,2212
04/09/2018,22.2,58,1.5,2000,0.0,0.0,0.0,No Holiday,22,Autumn,1856
04/09/2018,21.7,60,0.5,2000,0.0,0.0,0.0,No Holiday,23,Autumn,1233
05/09/2018,21.1,64,1.5,2000,0.0,0.0,0.0,No Holiday,0,Autumn,983
05/09/2018,20.9,66,1.1,2000,0.0,0.0,0.0,No Holiday,1,Autumn,748
05/09/2018,20.6,72,0.9,2000,0.0,0.0,0.0,No Holiday,2,Autumn,493
05/09/2018,20.2,77,0.4,2000,0.0,0.0,0.0,No Holiday,3,Autumn,376
05/09/2018,19.9,81,0.2,2000,0.0,0.0,0.0,No Holiday,4,Autumn,220
05/09/2018,19.7,82,0.5,2000,0.0,0.0,0.0,No Holiday,5,Autumn,249
05/09/2018,19.8,82,0.5,2000,0.0,0.0,0.0,No Holiday,6,Autumn,676
05/09/2018,19.8,79,0.9,2000,0.13,0.0,0.0,No Holiday,7,Autumn,1487
05/09/2018,21.2,69,1.9,2000,0.74,0.0,0.0,No Holiday,8,Autumn,2312
05/09/2018,23.4,59,3.0,1974,1.46,0.0,0.0,No Holiday,9,Autumn,1195
05/09/2018,25.4,49,3.9,1996,2.13,0.0,0.0,No Holiday,10,Autumn,847
05/09/2018,26.4,47,2.9,2000,2.38,0.0,0.0,No Holiday,11,Autumn,937
05/09/2018,27.1,44,5.0,2000,2.8,0.0,0.0,No Holiday,12,Autumn,1072
05/09/2018,27.3,46,4.8,1983,2.92,0.0,0.0,No Holiday,13,Autumn,1039
05/09/2018,27.9,42,5.0,1914,2.79,0.0,0.0,No Holiday,14,Autumn,989
05/09/2018,28.1,43,5.1,1929,2.65,0.0,0.0,No Holiday,15,Autumn,1131
05/09/2018,28.2,37,4.0,1987,2.03,0.0,0.0,No Holiday,16,Autumn,1446
05/09/2018,27.7,40,5.0,2000,1.51,0.0,0.0,No Holiday,17,Autumn,2068
05/09/2018,27.0,45,2.4,2000,0.77,0.0,0.0,No Holiday,18,Autumn,3160
05/09/2018,25.4,55,3.2,2000,0.15,0.0,0.0,No Holiday,19,Autumn,2468
05/09/2018,24.5,64,2.0,2000,0.0,0.0,0.0,No Holiday,20,Autumn,2177
05/09/2018,23.9,75,2.3,1975,0.0,0.0,0.0,No Holiday,21,Autumn,2024
05/09/2018,23.6,82,1.8,1673,0.0,0.0,0.0,No Holiday,22,Autumn,1798
05/09/2018,23.0,83,1.8,1469,0.0,0.0,0.0,No Holiday,23,Autumn,1219
06/09/2018,22.5,83,0.5,1593,0.0,0.0,0.0,No Holiday,0,Autumn,963
06/09/2018,21.9,85,0.2,1410,0.0,0.0,0.0,No Holiday,1,Autumn,743
06/09/2018,21.6,86,0.2,1353,0.0,0.0,0.0,No Holiday,2,Autumn,531
06/09/2018,21.5,85,0.1,1282,0.0,0.0,0.0,No Holiday,3,Autumn,320
06/09/2018,21.6,87,0.4,951,0.0,0.0,0.0,No Holiday,4,Autumn,215
06/09/2018,21.7,87,0.6,846,0.0,0.0,0.0,No Holiday,5,Autumn,247
06/09/2018,21.4,84,0.8,1506,0.0,0.0,0.0,No Holiday,6,Autumn,680
06/09/2018,20.9,83,0.4,1388,0.09,0.0,0.0,No Holiday,7,Autumn,1438
06/09/2018,21.8,77,0.9,1419,0.43,0.0,0.0,No Holiday,8,Autumn,2270
06/09/2018,23.5,72,0.5,1485,0.95,0.0,0.0,No Holiday,9,Autumn,1186
06/09/2018,24.6,70,1.2,1454,0.96,0.0,0.0,No Holiday,10,Autumn,835
06/09/2018,25.9,63,2.5,1693,1.32,0.0,0.0,No Holiday,11,Autumn,941
06/09/2018,26.9,60,2.3,1592,1.67,0.0,0.0,No Holiday,12,Autumn,1041
06/09/2018,28.0,52,2.3,1642,1.85,0.0,0.0,No Holiday,13,Autumn,1049
06/09/2018,27.9,47,3.2,1869,1.65,0.0,0.0,No Holiday,14,Autumn,1032
06/09/2018,27.8,48,3.0,1880,0.93,0.0,0.0,No Holiday,15,Autumn,1089
06/09/2018,26.9,55,3.9,1909,0.54,0.0,0.0,No Holiday,16,Autumn,1292
06/09/2018,26.6,63,3.0,2000,0.43,0.0,0.0,No Holiday,17,Autumn,1525
06/09/2018,25.8,58,2.9,2000,0.16,0.0,0.0,No Holiday,18,Autumn,2497
06/09/2018,25.3,71,3.3,2000,0.05,0.0,0.0,No Holiday,19,Autumn,1990
06/09/2018,25.1,71,3.6,2000,0.0,0.0,0.0,No Holiday,20,Autumn,1900
06/09/2018,24.6,70,2.5,2000,0.0,0.0,0.0,No Holiday,21,Autumn,1851
06/09/2018,24.3,71,2.5,1992,0.0,0.0,0.0,No Holiday,22,Autumn,1641
06/09/2018,23.9,71,4.7,1982,0.0,0.0,0.0,No Holiday,23,Autumn,562
07/09/2018,21.3,82,3.5,1933,0.0,1.0,0.0,No Holiday,0,Autumn,556
07/09/2018,21.6,77,2.6,1777,0.0,0.0,0.0,No Holiday,1,Autumn,345
07/09/2018,21.3,76,2.2,1559,0.0,0.5,0.0,No Holiday,2,Autumn,259
07/09/2018,21.1,75,1.8,1551,0.0,0.0,0.0,No Holiday,3,Autumn,259
07/09/2018,20.8,66,1.5,1719,0.0,0.0,0.0,No Holiday,4,Autumn,185
07/09/2018,20.5,67,1.2,1649,0.0,0.0,0.0,No Holiday,5,Autumn,247
07/09/2018,20.2,70,1.6,1690,0.0,0.0,0.0,No Holiday,6,Autumn,624
07/09/2018,20.3,74,1.8,1372,0.07,0.0,0.0,No Holiday,7,Autumn,1346
07/09/2018,20.5,78,2.5,1250,0.32,0.0,0.0,No Holiday,8,Autumn,2260
07/09/2018,21.3,63,2.7,1969,1.15,0.0,0.0,No Holiday,9,Autumn,1194
07/09/2018,22.6,58,1.8,1962,2.02,0.0,0.0,No Holiday,10,Autumn,896
07/09/2018,23.8,51,3.5,1970,2.62,0.0,0.0,No Holiday,11,Autumn,988
07/09/2018,24.2,50,3.8,2000,2.85,0.0,0.0,No Holiday,12,Autumn,1213
07/09/2018,24.3,50,2.9,2000,2.37,0.0,0.0,No Holiday,13,Autumn,1119
07/09/2018,25.2,43,3.2,1981,2.59,0.0,0.0,No Holiday,14,Autumn,1187
07/09/2018,24.7,44,4.2,2000,1.92,0.0,0.0,No Holiday,15,Autumn,1391
07/09/2018,25.2,39,2.8,1987,1.65,0.0,0.0,No Holiday,16,Autumn,1577
07/09/2018,24.5,37,3.2,2000,1.04,0.0,0.0,No Holiday,17,Autumn,2183
07/09/2018,24.4,34,2.4,2000,0.84,0.0,0.0,No Holiday,18,Autumn,3154
07/09/2018,22.6,39,2.8,2000,0.14,0.0,0.0,No Holiday,19,Autumn,2365
07/09/2018,21.6,43,1.4,2000,0.0,0.0,0.0,No Holiday,20,Autumn,1959
07/09/2018,20.6,48,2.1,2000,0.0,0.0,0.0,No Holiday,21,Autumn,1915
07/09/2018,19.8,51,1.2,2000,0.0,0.0,0.0,No Holiday,22,Autumn,1796
07/09/2018,19.4,50,2.8,2000,0.0,0.0,0.0,No Holiday,23,Autumn,1363
08/09/2018,19.2,53,3.7,2000,0.0,0.0,0.0,No Holiday,0,Autumn,1107
08/09/2018,18.9,55,2.3,2000,0.0,0.0,0.0,No Holiday,1,Autumn,1001
08/09/2018,18.5,57,2.3,2000,0.0,0.0,0.0,No Holiday,2,Autumn,692
08/09/2018,17.8,60,0.2,2000,0.0,0.0,0.0,No Holiday,3,Autumn,504
08/09/2018,17.2,66,0.6,2000,0.0,0.0,0.0,No Holiday,4,Autumn,285
08/09/2018,16.7,70,0.8,2000,0.0,0.0,0.0,No Holiday,5,Autumn,227
08/09/2018,16.2,70,0.3,2000,0.0,0.0,0.0,No Holiday,6,Autumn,322
08/09/2018,16.0,70,1.1,2000,0.11,0.0,0.0,No Holiday,7,Autumn,511
08/09/2018,17.1,57,1.0,1979,0.76,0.0,0.0,No Holiday,8,Autumn,827
08/09/2018,19.9,51,0.6,1906,1.46,0.0,0.0,No Holiday,9,Autumn,956
08/09/2018,22.2,43,0.9,1891,2.09,0.0,0.0,No Holiday,10,Autumn,1096
08/09/2018,24.2,41,1.5,1818,2.62,0.0,0.0,No Holiday,11,Autumn,1179
08/09/2018,25.2,36,2.4,1995,2.93,0.0,0.0,No Holiday,12,Autumn,1273
08/09/2018,26.1,32,3.0,1985,3.06,0.0,0.0,No Holiday,13,Autumn,1505
08/09/2018,26.8,31,2.8,2000,2.96,0.0,0.0,No Holiday,14,Autumn,1554
08/09/2018,26.9,33,2.9,1997,2.65,0.0,0.0,No Holiday,15,Autumn,1792
08/09/2018,27.7,32,1.4,2000,2.05,0.0,0.0,No Holiday,16,Autumn,1943
08/09/2018,27.2,35,1.7,2000,1.32,0.0,0.0,No Holiday,17,Autumn,2167
08/09/2018,25.7,38,1.5,2000,0.64,0.0,0.0,No Holiday,18,Autumn,2255
08/09/2018,24.0,41,1.9,2000,0.1,0.0,0.0,No Holiday,19,Autumn,1978
08/09/2018,22.8,45,2.0,2000,0.0,0.0,0.0,No Holiday,20,Autumn,1944
08/09/2018,22.1,49,1.7,2000,0.0,0.0,0.0,No Holiday,21,Autumn,1878
08/09/2018,21.5,51,2.0,2000,0.0,0.0,0.0,No Holiday,22,Autumn,1675
08/09/2018,20.7,52,1.4,2000,0.0,0.0,0.0,No Holiday,23,Autumn,1142
09/09/2018,19.6,53,1.5,2000,0.0,0.0,0.0,No Holiday,0,Autumn,1185
09/09/2018,18.8,54,0.1,2000,0.0,0.0,0.0,No Holiday,1,Autumn,835
09/09/2018,18.1,57,0.3,2000,0.0,0.0,0.0,No Holiday,2,Autumn,589
09/09/2018,17.4,57,0.6,2000,0.0,0.0,0.0,No Holiday,3,Autumn,395
09/09/2018,17.0,59,0.0,2000,0.0,0.0,0.0,No Holiday,4,Autumn,264
09/09/2018,16.3,66,0.5,2000,0.0,0.0,0.0,No Holiday,5,Autumn,165
09/09/2018,15.8,69,0.9,2000,0.0,0.0,0.0,No Holiday,6,Autumn,255
09/09/2018,15.7,68,0.9,2000,0.05,0.0,0.0,No Holiday,7,Autumn,366
09/09/2018,17.4,56,0.8,2000,0.49,0.0,0.0,No Holiday,8,Autumn,644
09/09/2018,20.4,51,1.8,2000,1.43,0.0,0.0,No Holiday,9,Autumn,803
09/09/2018,22.9,45,1.5,2000,2.1,0.0,0.0,No Holiday,10,Autumn,928
09/09/2018,24.4,41,1.3,1982,2.61,0.0,0.0,No Holiday,11,Autumn,1051
09/09/2018,25.9,39,1.2,1950,2.89,0.0,0.0,No Holiday,12,Autumn,1220
09/09/2018,27.2,32,1.7,2000,3.12,0.0,0.0,No Holiday,13,Autumn,1432
09/09/2018,28.2,29,2.0,2000,3.09,0.0,0.0,No Holiday,14,Autumn,1662
09/09/2018,28.9,27,1.8,2000,2.9,0.0,0.0,No Holiday,15,Autumn,1877
09/09/2018,27.1,35,0.9,2000,1.27,0.0,0.0,No Holiday,16,Autumn,2099
09/09/2018,27.7,33,1.1,2000,1.21,0.0,0.0,No Holiday,17,Autumn,2201
09/09/2018,26.0,35,0.3,2000,0.2,0.0,0.0,No Holiday,18,Autumn,2368
09/09/2018,24.1,56,2.5,2000,0.04,0.0,0.0,No Holiday,19,Autumn,2033
09/09/2018,22.9,58,2.6,2000,0.0,0.0,0.0,No Holiday,20,Autumn,1930
09/09/2018,22.2,57,1.2,2000,0.0,0.0,0.0,No Holiday,21,Autumn,1820
09/09/2018,21.8,54,1.6,2000,0.0,0.0,0.0,No Holiday,22,Autumn,1291
09/09/2018,21.2,56,2.5,2000,0.0,0.0,0.0,No Holiday,23,Autumn,941
10/09/2018,20.7,57,1.8,2000,0.0,0.0,0.0,No Holiday,0,Autumn,792
10/09/2018,20.5,58,1.7,2000,0.0,0.0,0.0,No Holiday,1,Autumn,487
10/09/2018,20.0,59,1.5,2000,0.0,0.0,0.0,No Holiday,2,Autumn,332
10/09/2018,19.7,60,1.9,2000,0.0,0.0,0.0,No Holiday,3,Autumn,176
10/09/2018,19.4,61,1.6,2000,0.0,0.0,0.0,No Holiday,4,Autumn,188
10/09/2018,19.1,62,1.6,2000,0.0,0.0,0.0,No Holiday,5,Autumn,226
10/09/2018,18.7,64,0.9,2000,0.0,0.0,0.0,No Holiday,6,Autumn,691
10/09/2018,18.9,63,1.8,2000,0.09,0.0,0.0,No Holiday,7,Autumn,1463
10/09/2018,20.1,57,1.6,2000,0.73,0.0,0.0,No Holiday,8,Autumn,2278
10/09/2018,22.3,52,1.9,2000,1.43,0.0,0.0,No Holiday,9,Autumn,1125
10/09/2018,24.0,47,1.6,1996,2.08,0.0,0.0,No Holiday,10,Autumn,862
10/09/2018,25.3,44,1.2,1948,2.59,0.0,0.0,No Holiday,11,Autumn,934
10/09/2018,26.7,40,1.4,2000,2.92,0.0,0.0,No Holiday,12,Autumn,1095
10/09/2018,27.1,38,1.7,2000,2.56,0.0,0.0,No Holiday,13,Autumn,1057
10/09/2018,27.8,37,1.4,1983,2.67,0.0,0.0,No Holiday,14,Autumn,1064
10/09/2018,27.6,38,1.4,2000,2.09,0.0,0.0,No Holiday,15,Autumn,1249
10/09/2018,27.5,39,1.5,2000,1.46,0.0,0.0,No Holiday,16,Autumn,1467
10/09/2018,26.6,40,1.4,2000,0.69,0.0,0.0,No Holiday,17,Autumn,2147
10/09/2018,25.9,42,1.1,2000,0.48,0.0,0.0,No Holiday,18,Autumn,3298
10/09/2018,24.4,47,2.0,2000,0.05,0.0,0.0,No Holiday,19,Autumn,2518
10/09/2018,23.4,48,1.8,2000,0.0,0.0,0.0,No Holiday,20,Autumn,2240
10/09/2018,22.5,48,1.4,2000,0.0,0.0,0.0,No Holiday,21,Autumn,2090
10/09/2018,21.7,50,1.6,2000,0.0,0.0,0.0,No Holiday,22,Autumn,1779
10/09/2018,20.8,51,1.7,2000,0.0,0.0,0.0,No Holiday,23,Autumn,1223
11/09/2018,20.1,52,1.5,2000,0.0,0.0,0.0,No Holiday,0,Autumn,910
11/09/2018,19.5,52,1.3,2000,0.0,0.0,0.0,No Holiday,1,Autumn,662
11/09/2018,18.9,52,1.1,2000,0.0,0.0,0.0,No Holiday,2,Autumn,435
11/09/2018,18.2,52,1.5,2000,0.0,0.0,0.0,No Holiday,3,Autumn,261
11/09/2018,17.7,52,1.5,2000,0.0,0.0,0.0,No Holiday,4,Autumn,193
11/09/2018,17.2,54,1.3,2000,0.0,0.0,0.0,No Holiday,5,Autumn,258
11/09/2018,17.0,55,1.2,2000,0.0,0.0,0.0,No Holiday,6,Autumn,678
11/09/2018,16.9,55,1.4,2000,0.07,0.0,0.0,No Holiday,7,Autumn,1556
11/09/2018,17.8,53,1.4,2000,0.51,0.0,0.0,No Holiday,8,Autumn,2369
11/09/2018,19.8,49,1.9,2000,1.24,0.0,0.0,No Holiday,9,Autumn,1234
11/09/2018,21.9,43,1.1,2000,1.89,0.0,0.0,No Holiday,10,Autumn,922
11/09/2018,23.7,40,2.0,2000,2.6,0.0,0.0,No Holiday,11,Autumn,1012
11/09/2018,24.5,40,1.3,1973,2.64,0.0,0.0,No Holiday,12,Autumn,1192
11/09/2018,25.7,40,2.2,1997,2.98,0.0,0.0,No Holiday,13,Autumn,1102
11/09/2018,25.8,37,1.5,1995,2.22,0.0,0.0,No Holiday,14,Autumn,1115
11/09/2018,26.0,40,1.9,2000,1.53,0.0,0.0,No Holiday,15,Autumn,1222
11/09/2018,25.5,44,1.4,2000,1.0,0.0,0.0,No Holiday,16,Autumn,1527
11/09/2018,25.4,44,1.2,2000,0.84,0.0,0.0,No Holiday,17,Autumn,2171
11/09/2018,24.7,45,0.7,2000,0.3,0.0,0.0,No Holiday,18,Autumn,3222
11/09/2018,23.7,49,1.8,2000,0.03,0.0,0.0,No Holiday,19,Autumn,2455
11/09/2018,22.9,48,1.2,2000,0.0,0.0,0.0,No Holiday,20,Autumn,2072
11/09/2018,22.2,50,1.3,2000,0.0,0.0,0.0,No Holiday,21,Autumn,2018
11/09/2018,21.6,52,1.9,2000,0.0,0.0,0.0,No Holiday,22,Autumn,1868
11/09/2018,20.9,53,1.8,2000,0.0,0.0,0.0,No Holiday,23,Autumn,1240
12/09/2018,20.2,54,1.2,2000,0.0,0.0,0.0,No Holiday,0,Autumn,949
12/09/2018,19.6,56,1.2,2000,0.0,0.0,0.0,No Holiday,1,Autumn,691
12/09/2018,19.0,56,0.9,2000,0.0,0.0,0.0,No Holiday,2,Autumn,462
12/09/2018,18.4,57,1.3,2000,0.0,0.0,0.0,No Holiday,3,Autumn,297
12/09/2018,18.0,59,1.5,2000,0.0,0.0,0.0,No Holiday,4,Autumn,215
12/09/2018,17.5,60,1.6,2000,0.0,0.0,0.0,No Holiday,5,Autumn,241
12/09/2018,17.0,63,1.3,2000,0.0,0.0,0.0,No Holiday,6,Autumn,656
12/09/2018,16.8,61,1.3,2000,0.06,0.0,0.0,No Holiday,7,Autumn,1551
12/09/2018,18.2,56,1.5,1994,0.62,0.0,0.0,No Holiday,8,Autumn,2391
12/09/2018,20.8,48,1.1,2000,1.38,0.0,0.0,No Holiday,9,Autumn,1234
12/09/2018,22.7,45,1.5,2000,2.08,0.0,0.0,No Holiday,10,Autumn,923
12/09/2018,24.8,44,2.1,1955,2.55,0.0,0.0,No Holiday,11,Autumn,1017
12/09/2018,26.3,44,1.2,1966,2.91,0.0,0.0,No Holiday,12,Autumn,1165
12/09/2018,26.8,45,1.8,1984,2.6,0.0,0.0,No Holiday,13,Autumn,1066
12/09/2018,26.9,45,1.6,2000,2.27,0.0,0.0,No Holiday,14,Autumn,1087
12/09/2018,27.7,41,1.6,1969,1.98,0.0,0.0,No Holiday,15,Autumn,1251
12/09/2018,27.8,42,1.7,1974,1.98,0.0,0.0,No Holiday,16,Autumn,1494
12/09/2018,27.8,41,1.9,1999,1.27,0.0,0.0,No Holiday,17,Autumn,2129
12/09/2018,27.0,44,1.4,2000,0.62,0.0,0.0,No Holiday,18,Autumn,3256
12/09/2018,25.4,50,0.6,2000,0.07,0.0,0.0,No Holiday,19,Autumn,2443
12/09/2018,24.0,56,0.5,1890,0.0,0.0,0.0,No Holiday,20,Autumn,2146
12/09/2018,23.2,57,1.1,2000,0.0,0.0,0.0,No Holiday,21,Autumn,2012
12/09/2018,22.6,60,1.0,2000,0.0,0.0,0.0,No Holiday,22,Autumn,1824
12/09/2018,22.2,62,0.8,2000,0.0,0.0,0.0,No Holiday,23,Autumn,1309
13/09/2018,21.9,62,1.0,1822,0.0,0.0,0.0,No Holiday,0,Autumn,968
13/09/2018,21.5,65,1.0,2000,0.0,0.0,0.0,No Holiday,1,Autumn,736
13/09/2018,21.2,66,0.8,2000,0.0,0.0,0.0,No Holiday,2,Autumn,437
13/09/2018,20.9,68,1.7,2000,0.0,0.0,0.0,No Holiday,3,Autumn,304
13/09/2018,20.7,69,1.3,2000,0.0,0.0,0.0,No Holiday,4,Autumn,240
13/09/2018,20.5,70,1.2,2000,0.0,0.0,0.0,No Holiday,5,Autumn,248
13/09/2018,20.3,71,1.6,2000,0.0,0.0,0.0,No Holiday,6,Autumn,655
13/09/2018,20.5,69,1.4,2000,0.03,0.0,0.0,No Holiday,7,Autumn,1448
13/09/2018,20.9,68,1.3,2000,0.18,0.0,0.0,No Holiday,8,Autumn,2329
13/09/2018,21.8,64,1.6,2000,0.52,0.0,0.0,No Holiday,9,Autumn,1322
13/09/2018,22.7,61,0.9,2000,0.82,0.0,0.0,No Holiday,10,Autumn,915
13/09/2018,23.5,61,1.2,2000,0.95,0.0,0.0,No Holiday,11,Autumn,972
13/09/2018,24.3,59,1.5,2000,1.12,0.0,0.0,No Holiday,12,Autumn,1119
13/09/2018,25.1,56,2.0,1964,1.41,0.0,0.0,No Holiday,13,Autumn,1014
13/09/2018,27.2,49,1.5,1945,2.54,0.0,0.0,No Holiday,14,Autumn,1097
13/09/2018,27.8,49,1.4,1963,1.97,0.0,0.0,No Holiday,15,Autumn,1200
13/09/2018,28.2,48,1.4,1995,1.7,0.0,0.0,No Holiday,16,Autumn,1436
13/09/2018,27.9,51,1.4,2000,1.19,0.0,0.0,No Holiday,17,Autumn,2021
13/09/2018,26.7,56,1.8,2000,0.47,0.0,0.0,No Holiday,18,Autumn,3146
13/09/2018,25.4,61,0.6,2000,0.03,0.0,0.0,No Holiday,19,Autumn,2365
13/09/2018,24.6,62,0.9,2000,0.0,0.0,0.0,No Holiday,20,Autumn,2003
13/09/2018,23.8,67,0.6,2000,0.0,0.0,0.0,No Holiday,21,Autumn,2000
13/09/2018,22.8,70,1.0,2000,0.0,0.0,0.0,No Holiday,22,Autumn,1713
13/09/2018,22.4,73,0.3,1980,0.0,0.0,0.0,No Holiday,23,Autumn,1303
14/09/2018,22.1,74,1.1,1962,0.0,0.0,0.0,No Holiday,0,Autumn,971
14/09/2018,21.6,75,1.1,1671,0.0,0.0,0.0,No Holiday,1,Autumn,775
14/09/2018,21.3,75,1.1,2000,0.0,0.0,0.0,No Holiday,2,Autumn,482
14/09/2018,21.0,76,0.7,1995,0.0,0.0,0.0,No Holiday,3,Autumn,349
14/09/2018,20.7,76,1.0,2000,0.0,0.0,0.0,No Holiday,4,Autumn,223
14/09/2018,20.7,77,0.9,2000,0.0,0.0,0.0,No Holiday,5,Autumn,249
14/09/2018,20.4,78,1.0,2000,0.0,0.0,0.0,No Holiday,6,Autumn,644
14/09/2018,20.5,76,1.3,2000,0.06,0.0,0.0,No Holiday,7,Autumn,1456
14/09/2018,21.4,70,1.5,1986,0.38,0.0,0.0,No Holiday,8,Autumn,2253
14/09/2018,22.3,69,1.3,2000,0.61,0.0,0.0,No Holiday,9,Autumn,1201
14/09/2018,23.3,65,1.4,1996,0.76,0.0,0.0,No Holiday,10,Autumn,936
14/09/2018,24.0,64,1.3,2000,0.95,0.0,0.0,No Holiday,11,Autumn,982
14/09/2018,25.3,56,1.2,1960,1.35,0.0,0.0,No Holiday,12,Autumn,1088
14/09/2018,26.4,57,1.2,2000,1.8,0.0,0.0,No Holiday,13,Autumn,1155
14/09/2018,26.3,58,1.5,1986,1.37,0.0,0.0,No Holiday,14,Autumn,1199
14/09/2018,26.6,55,1.8,2000,1.1,0.0,0.0,No Holiday,15,Autumn,1347
14/09/2018,26.3,57,1.6,2000,0.72,0.0,0.0,No Holiday,16,Autumn,1503
14/09/2018,25.9,56,1.7,2000,0.42,0.0,0.0,No Holiday,17,Autumn,2059
14/09/2018,25.7,57,1.5,2000,0.24,0.0,0.0,No Holiday,18,Autumn,2826
14/09/2018,25.3,60,1.2,2000,0.04,0.0,0.0,No Holiday,19,Autumn,1996
14/09/2018,25.0,61,1.1,2000,0.0,0.0,0.0,No Holiday,20,Autumn,1869
14/09/2018,24.7,61,1.6,2000,0.0,0.0,0.0,No Holiday,21,Autumn,1259
14/09/2018,24.0,73,2.1,1541,0.0,0.0,0.0,No Holiday,22,Autumn,567
14/09/2018,22.3,87,1.1,1810,0.0,0.5,0.0,No Holiday,23,Autumn,810
15/09/2018,21.8,83,1.5,2000,0.0,0.0,0.0,No Holiday,0,Autumn,906
15/09/2018,21.8,79,1.4,2000,0.0,0.0,0.0,No Holiday,1,Autumn,881
15/09/2018,21.7,78,1.0,2000,0.0,0.0,0.0,No Holiday,2,Autumn,580
15/09/2018,21.6,80,1.2,2000,0.0,0.0,0.0,No Holiday,3,Autumn,302
15/09/2018,21.2,83,0.6,2000,0.0,0.1,0.0,No Holiday,4,Autumn,234
15/09/2018,21.1,82,0.8,2000,0.0,0.0,0.0,No Holiday,5,Autumn,169
15/09/2018,21.0,84,0.9,2000,0.0,0.1,0.0,No Holiday,6,Autumn,272
15/09/2018,21.2,84,0.3,2000,0.05,0.0,0.0,No Holiday,7,Autumn,453
15/09/2018,21.7,78,0.3,2000,0.21,0.0,0.0,No Holiday,8,Autumn,829
15/09/2018,22.7,72,1.2,2000,0.59,0.0,0.0,No Holiday,9,Autumn,934
15/09/2018,24.4,65,1.6,1972,1.42,0.0,0.0,No Holiday,10,Autumn,1017
15/09/2018,25.2,64,1.2,1938,1.31,0.0,0.0,No Holiday,11,Autumn,1212
15/09/2018,25.4,63,0.9,2000,1.01,0.0,0.0,No Holiday,12,Autumn,1284
15/09/2018,25.8,65,1.0,1996,1.12,0.0,0.0,No Holiday,13,Autumn,1465
15/09/2018,25.7,67,1.2,2000,0.9,0.0,0.0,No Holiday,14,Autumn,1474
15/09/2018,25.2,71,0.2,2000,0.41,0.0,0.0,No Holiday,15,Autumn,1077
15/09/2018,24.4,74,0.6,1996,0.13,0.0,0.0,No Holiday,16,Autumn,1273
15/09/2018,24.4,75,0.6,2000,0.17,0.0,0.0,No Holiday,17,Autumn,1474
15/09/2018,24.2,76,1.2,2000,0.12,0.0,0.0,No Holiday,18,Autumn,1566
15/09/2018,23.8,78,2.2,1991,0.0,0.0,0.0,No Holiday,19,Autumn,1578
15/09/2018,23.5,80,1.7,1621,0.0,0.0,0.0,No Holiday,20,Autumn,1613
15/09/2018,23.3,80,0.7,1877,0.0,0.0,0.0,No Holiday,21,Autumn,1710
15/09/2018,23.1,79,0.6,1891,0.0,0.0,0.0,No Holiday,22,Autumn,1566
15/09/2018,22.9,81,0.9,1550,0.0,0.0,0.0,No Holiday,23,Autumn,1210
16/09/2018,22.8,82,1.5,935,0.0,0.0,0.0,No Holiday,0,Autumn,1014
16/09/2018,22.8,84,0.9,827,0.0,0.0,0.0,No Holiday,1,Autumn,764
16/09/2018,22.8,85,0.8,708,0.0,0.0,0.0,No Holiday,2,Autumn,432
16/09/2018,22.6,89,0.6,578,0.0,0.2,0.0,No Holiday,3,Autumn,258
16/09/2018,22.5,89,0.7,444,0.0,0.3,0.0,No Holiday,4,Autumn,188
16/09/2018,22.2,90,1.4,514,0.0,0.0,0.0,No Holiday,5,Autumn,123
16/09/2018,22.0,90,1.3,471,0.0,0.0,0.0,No Holiday,6,Autumn,137
16/09/2018,21.9,95,1.3,424,0.02,0.0,0.0,No Holiday,7,Autumn,258
16/09/2018,21.9,88,1.6,601,0.17,0.0,0.0,No Holiday,8,Autumn,464
16/09/2018,22.3,84,1.9,751,0.47,0.0,0.0,No Holiday,9,Autumn,725
16/09/2018,22.9,74,1.3,1162,0.84,0.0,0.0,No Holiday,10,Autumn,813
16/09/2018,23.4,61,2.1,1964,0.91,0.0,0.0,No Holiday,11,Autumn,1014
16/09/2018,23.7,64,1.9,1474,0.79,0.0,0.0,No Holiday,12,Autumn,989
16/09/2018,23.6,66,2.1,1689,0.87,0.0,0.0,No Holiday,13,Autumn,754
16/09/2018,23.4,72,2.2,682,0.73,0.0,0.0,No Holiday,14,Autumn,409
16/09/2018,23.2,83,1.5,349,0.77,0.5,0.0,No Holiday,15,Autumn,222
16/09/2018,22.5,86,2.5,342,0.47,0.0,0.0,No Holiday,16,Autumn,142
16/09/2018,22.0,89,2.2,285,0.21,1.0,0.0,No Holiday,17,Autumn,322
16/09/2018,21.5,89,3.0,350,0.18,0.0,0.0,No Holiday,18,Autumn,520
16/09/2018,21.2,87,2.7,479,0.01,0.0,0.0,No Holiday,19,Autumn,852
16/09/2018,21.1,88,1.7,404,0.0,0.0,0.0,No Holiday,20,Autumn,1073
16/09/2018,21.2,88,1.7,373,0.0,0.0,0.0,No Holiday,21,Autumn,1146
16/09/2018,21.4,87,2.4,540,0.0,0.0,0.0,No Holiday,22,Autumn,988
16/09/2018,21.3,80,2.6,1203,0.0,0.0,0.0,No Holiday,23,Autumn,571
17/09/2018,21.0,82,1.8,958,0.0,0.0,0.0,No Holiday,0,Autumn,531
17/09/2018,20.5,73,1.9,1693,0.0,0.0,0.0,No Holiday,1,Autumn,337
17/09/2018,20.3,81,1.9,1234,0.0,0.1,0.0,No Holiday,2,Autumn,227
17/09/2018,20.2,82,1.4,1202,0.0,0.0,0.0,No Holiday,3,Autumn,186
17/09/2018,20.0,81,2.0,1313,0.0,0.0,0.0,No Holiday,4,Autumn,160
17/09/2018,19.4,84,1.6,1252,0.0,0.0,0.0,No Holiday,5,Autumn,246
17/09/2018,18.8,88,1.2,798,0.0,0.0,0.0,No Holiday,6,Autumn,625
17/09/2018,18.5,88,1.4,695,0.08,0.0,0.0,No Holiday,7,Autumn,1487
17/09/2018,18.9,77,0.6,1109,0.56,0.0,0.0,No Holiday,8,Autumn,2276
17/09/2018,20.5,66,1.1,1711,1.12,0.0,0.0,No Holiday,9,Autumn,1185
17/09/2018,21.7,60,1.7,1540,1.44,0.0,0.0,No Holiday,10,Autumn,868
17/09/2018,23.8,54,2.1,1626,2.55,0.0,0.0,No Holiday,11,Autumn,954
17/09/2018,25.2,50,1.7,1710,2.83,0.0,0.0,No Holiday,12,Autumn,1083
17/09/2018,25.6,50,3.8,1876,2.82,0.0,0.0,No Holiday,13,Autumn,1069
17/09/2018,26.7,40,3.3,1822,2.8,0.0,0.0,No Holiday,14,Autumn,1092
17/09/2018,27.4,33,2.7,1955,2.5,0.0,0.0,No Holiday,15,Autumn,1207
17/09/2018,27.6,37,2.8,1935,1.9,0.0,0.0,No Holiday,16,Autumn,1445
17/09/2018,27.3,43,2.6,2000,1.25,0.0,0.0,No Holiday,17,Autumn,2056
17/09/2018,25.3,56,2.8,1992,0.54,0.0,0.0,No Holiday,18,Autumn,3277
17/09/2018,23.0,63,3.1,2000,0.03,0.0,0.0,No Holiday,19,Autumn,2489
17/09/2018,21.9,65,2.5,1986,0.0,0.0,0.0,No Holiday,20,Autumn,2232
17/09/2018,21.3,66,2.3,1989,0.0,0.0,0.0,No Holiday,21,Autumn,2100
17/09/2018,20.8,65,0.9,2000,0.0,0.0,0.0,No Holiday,22,Autumn,1865
17/09/2018,20.2,68,1.2,1963,0.0,0.0,0.0,No Holiday,23,Autumn,1293
18/09/2018,19.5,73,1.2,1916,0.0,0.0,0.0,No Holiday,0,Autumn,0
18/09/2018,19.3,71,0.4,1912,0.0,0.0,0.0,No Holiday,1,Autumn,0
18/09/2018,18.8,74,0.2,1866,0.0,0.0,0.0,No Holiday,2,Autumn,0
18/09/2018,18.7,76,0.5,1916,0.0,0.0,0.0,No Holiday,3,Autumn,0
18/09/2018,18.3,78,0.4,1906,0.0,0.0,0.0,No Holiday,4,Autumn,0
18/09/2018,17.9,77,0.5,1658,0.0,0.0,0.0,No Holiday,5,Autumn,0
18/09/2018,17.7,77,0.2,1757,0.0,0.0,0.0,No Holiday,6,Autumn,0
18/09/2018,17.8,76,0.5,1729,0.08,0.0,0.0,No Holiday,7,Autumn,0
18/09/2018,18.7,73,0.9,1501,0.34,0.0,0.0,No Holiday,8,Autumn,0
18/09/2018,20.8,64,1.1,1205,1.13,0.0,0.0,No Holiday,9,Autumn,0
18/09/2018,22.7,54,1.0,1619,1.74,0.0,0.0,No Holiday,10,Autumn,0
18/09/2018,24.1,46,2.1,1678,2.03,0.0,0.0,No Holiday,11,Autumn,0
18/09/2018,24.7,43,1.8,1809,1.75,0.0,0.0,No Holiday,12,Autumn,0
18/09/2018,25.6,40,2.5,1704,2.18,0.0,0.0,No Holiday,13,Autumn,0
18/09/2018,26.1,37,2.3,1749,1.92,0.0,0.0,No Holiday,14,Autumn,0
18/09/2018,26.1,43,2.8,1785,1.62,0.0,0.0,No Holiday,15,Autumn,0
18/09/2018,26.4,34,2.5,1953,1.6,0.0,0.0,No Holiday,16,Autumn,0
18/09/2018,25.5,38,2.9,1997,0.92,0.0,0.0,No Holiday,17,Autumn,0
18/09/2018,24.8,48,1.4,2000,0.51,0.0,0.0,No Holiday,18,Autumn,0
18/09/2018,23.2,57,2.2,2000,0.03,0.0,0.0,No Holiday,19,Autumn,0
18/09/2018,22.6,58,1.4,2000,0.0,0.0,0.0,No Holiday,20,Autumn,0
18/09/2018,22.1,61,1.5,2000,0.0,0.0,0.0,No Holiday,21,Autumn,0
18/09/2018,21.8,65,0.3,2000,0.0,0.0,0.0,No Holiday,22,Autumn,0
18/09/2018,21.2,69,1.3,1999,0.0,0.0,0.0,No Holiday,23,Autumn,0
19/09/2018,21.0,66,0.4,2000,0.0,0.0,0.0,No Holiday,0,Autumn,0
19/09/2018,20.5,64,0.4,2000,0.0,0.0,0.0,No Holiday,1,Autumn,0
19/09/2018,20.0,70,0.2,2000,0.0,0.0,0.0,No Holiday,2,Autumn,0
19/09/2018,19.7,70,0.5,2000,0.0,0.0,0.0,No Holiday,3,Autumn,0
19/09/2018,19.5,70,0.5,2000,0.0,0.0,0.0,No Holiday,4,Autumn,0
19/09/2018,19.3,73,0.9,1782,0.0,0.0,0.0,No Holiday,5,Autumn,0
19/09/2018,19.0,76,0.3,1488,0.0,0.0,0.0,No Holiday,6,Autumn,0
19/09/2018,19.0,74,0.8,1650,0.03,0.0,0.0,No Holiday,7,Autumn,0
19/09/2018,19.8,71,1.1,1534,0.26,0.0,0.0,No Holiday,8,Autumn,0
19/09/2018,21.5,61,0.8,1774,0.92,0.0,0.0,No Holiday,9,Autumn,0
19/09/2018,22.9,59,1.1,1819,1.49,0.0,0.0,No Holiday,10,Autumn,0
19/09/2018,23.6,55,0.6,1723,1.01,0.0,0.0,No Holiday,11,Autumn,0
19/09/2018,24.9,51,1.2,1619,1.56,0.0,0.0,No Holiday,12,Autumn,0
19/09/2018,26.5,39,1.7,1560,2.15,0.0,0.0,No Holiday,13,Autumn,0
19/09/2018,26.1,40,1.2,1840,1.21,0.0,0.0,No Holiday,14,Autumn,0
19/09/2018,25.9,39,1.4,1836,0.9,0.0,0.0,No Holiday,15,Autumn,0
19/09/2018,25.6,41,1.2,1594,0.65,0.0,0.0,No Holiday,16,Autumn,0
19/09/2018,25.0,44,1.3,1883,0.36,0.0,0.0,No Holiday,17,Autumn,0
19/09/2018,24.0,55,2.2,1691,0.12,0.0,0.0,No Holiday,18,Autumn,0
19/09/2018,23.5,58,0.4,1836,0.0,0.0,0.0,No Holiday,19,Autumn,0
19/09/2018,22.6,67,0.3,1737,0.0,0.0,0.0,No Holiday,20,Autumn,0
19/09/2018,21.7,63,1.8,1078,0.0,0.1,0.0,No Holiday,21,Autumn,0
19/09/2018,20.9,71,1.6,1057,0.0,0.1,0.0,No Holiday,22,Autumn,0
19/09/2018,20.4,57,0.9,2000,0.0,0.0,0.0,No Holiday,23,Autumn,0
20/09/2018,20.1,58,0.3,2000,0.0,0.0,0.0,No Holiday,0,Autumn,886
20/09/2018,20.0,59,1.1,1999,0.0,0.0,0.0,No Holiday,1,Autumn,761
20/09/2018,19.9,64,1.5,1755,0.0,0.0,0.0,No Holiday,2,Autumn,524
20/09/2018,19.6,72,1.7,1140,0.0,0.0,0.0,No Holiday,3,Autumn,294
20/09/2018,19.6,74,1.4,847,0.0,0.0,0.0,No Holiday,4,Autumn,241
20/09/2018,19.5,74,1.8,1421,0.0,0.0,0.0,No Holiday,5,Autumn,137
20/09/2018,18.8,85,1.4,412,0.0,0.5,0.0,No Holiday,6,Autumn,47
20/09/2018,18.0,95,1.6,375,0.0,1.5,0.0,No Holiday,7,Autumn,130
20/09/2018,18.0,91,1.3,896,0.11,0.5,0.0,No Holiday,8,Autumn,299
20/09/2018,18.2,93,1.4,572,0.18,1.0,0.0,No Holiday,9,Autumn,89
20/09/2018,18.4,91,1.2,394,0.25,0.5,0.0,No Holiday,10,Autumn,87
20/09/2018,18.8,95,1.5,597,0.46,0.0,0.0,No Holiday,11,Autumn,111
20/09/2018,19.0,91,1.7,965,0.67,0.5,0.0,No Holiday,12,Autumn,180
20/09/2018,18.9,89,2.6,586,0.58,0.0,0.0,No Holiday,13,Autumn,301
20/09/2018,19.3,83,2.3,2000,0.83,0.5,0.0,No Holiday,14,Autumn,573
20/09/2018,19.4,79,1.4,2000,0.33,0.0,0.0,No Holiday,15,Autumn,696
20/09/2018,19.5,75,2.1,2000,0.38,0.0,0.0,No Holiday,16,Autumn,912
20/09/2018,19.3,76,2.1,2000,0.21,0.0,0.0,No Holiday,17,Autumn,1290
20/09/2018,19.1,77,2.5,2000,0.08,0.0,0.0,No Holiday,18,Autumn,1786
20/09/2018,18.9,78,2.2,2000,0.0,0.0,0.0,No Holiday,19,Autumn,1272
20/09/2018,19.1,77,2.2,1834,0.0,0.0,0.0,No Holiday,20,Autumn,898
20/09/2018,18.7,84,2.7,1744,0.0,0.0,0.0,No Holiday,21,Autumn,784
20/09/2018,18.4,85,2.1,1772,0.0,0.0,0.0,No Holiday,22,Autumn,1049
20/09/2018,18.7,80,1.7,2000,0.0,0.0,0.0,No Holiday,23,Autumn,935
21/09/2018,18.9,78,2.1,2000,0.0,0.0,0.0,No Holiday,0,Autumn,809
21/09/2018,19.0,78,1.6,2000,0.0,0.0,0.0,No Holiday,1,Autumn,674
21/09/2018,19.1,78,1.3,2000,0.0,0.0,0.0,No Holiday,2,Autumn,122
21/09/2018,18.5,88,1.2,659,0.0,1.5,0.0,No Holiday,3,Autumn,28
21/09/2018,17.9,95,1.7,1298,0.0,2.5,0.0,No Holiday,4,Autumn,24
21/09/2018,17.8,93,1.8,2000,0.0,0.5,0.0,No Holiday,5,Autumn,24
21/09/2018,17.6,95,1.7,974,0.0,1.5,0.0,No Holiday,6,Autumn,23
21/09/2018,17.6,96,1.7,310,0.0,5.0,0.0,No Holiday,7,Autumn,45
21/09/2018,17.8,97,2.0,1284,0.09,4.0,0.0,No Holiday,8,Autumn,127
21/09/2018,18.2,96,1.3,1251,0.21,1.0,0.0,No Holiday,9,Autumn,47
21/09/2018,18.4,96,2.0,1124,0.32,1.0,0.0,No Holiday,10,Autumn,78
21/09/2018,18.9,91,1.8,1938,0.64,0.5,0.0,No Holiday,11,Autumn,98
21/09/2018,19.1,91,2.0,1971,0.63,0.0,0.0,No Holiday,12,Autumn,143
21/09/2018,19.8,88,0.9,1796,0.65,0.0,0.0,No Holiday,13,Autumn,600
21/09/2018,21.4,76,1.4,2000,1.5,0.5,0.0,No Holiday,14,Autumn,972
21/09/2018,21.8,76,1.4,2000,1.2,0.0,0.0,No Holiday,15,Autumn,1288
21/09/2018,21.5,78,1.2,2000,0.51,0.0,0.0,No Holiday,16,Autumn,1550
21/09/2018,21.2,77,1.2,2000,0.31,0.0,0.0,No Holiday,17,Autumn,1904
21/09/2018,20.9,77,0.6,2000,0.23,0.0,0.0,No Holiday,18,Autumn,2235
21/09/2018,20.3,81,1.0,2000,0.02,0.0,0.0,No Holiday,19,Autumn,1720
21/09/2018,20.0,82,0.4,2000,0.0,0.0,0.0,No Holiday,20,Autumn,1551
21/09/2018,19.9,82,0.6,2000,0.0,0.0,0.0,No Holiday,21,Autumn,1540
21/09/2018,19.7,82,0.5,2000,0.0,0.0,0.0,No Holiday,22,Autumn,1493
21/09/2018,19.5,82,0.6,2000,0.0,0.0,0.0,No Holiday,23,Autumn,1171
22/09/2018,19.5,81,1.1,2000,0.0,0.0,0.0,No Holiday,0,Autumn,953
22/09/2018,19.5,83,1.5,1459,0.0,0.0,0.0,No Holiday,1,Autumn,875
22/09/2018,19.4,85,0.0,1533,0.0,0.0,0.0,No Holiday,2,Autumn,655
22/09/2018,18.8,90,1.0,1191,0.0,0.0,0.0,No Holiday,3,Autumn,458
22/09/2018,18.9,88,0.8,1226,0.0,0.0,0.0,No Holiday,4,Autumn,96
22/09/2018,18.8,96,0.2,973,0.0,6.5,0.0,No Holiday,5,Autumn,93
22/09/2018,18.4,95,0.1,752,0.0,0.0,0.0,No Holiday,6,Autumn,215
22/09/2018,18.1,96,0.9,557,0.04,0.0,0.0,No Holiday,7,Autumn,363
22/09/2018,18.2,86,0.0,858,0.48,0.0,0.0,No Holiday,8,Autumn,654
22/09/2018,19.7,78,1.3,740,1.17,0.0,0.0,No Holiday,9,Autumn,810
22/09/2018,21.8,67,1.9,878,1.88,0.0,0.0,No Holiday,10,Autumn,925
22/09/2018,22.7,55,2.7,1297,1.86,0.0,0.0,No Holiday,11,Autumn,1062
22/09/2018,24.2,43,2.2,1798,2.31,0.0,0.0,No Holiday,12,Autumn,1273
22/09/2018,24.9,32,3.9,2000,2.57,0.0,0.0,No Holiday,13,Autumn,1409
22/09/2018,25.2,28,4.4,2000,2.76,0.0,0.0,No Holiday,14,Autumn,1532
22/09/2018,25.4,32,3.8,1980,2.42,0.0,0.0,No Holiday,15,Autumn,1814
22/09/2018,25.3,38,3.0,2000,1.88,0.0,0.0,No Holiday,16,Autumn,1840
22/09/2018,24.6,35,3.6,1990,1.2,0.0,0.0,No Holiday,17,Autumn,2045
22/09/2018,23.2,36,2.8,2000,0.47,0.0,0.0,No Holiday,18,Autumn,1939
22/09/2018,21.3,43,2.8,2000,0.02,0.0,0.0,No Holiday,19,Autumn,1743
22/09/2018,20.4,52,1.2,2000,0.0,0.0,0.0,No Holiday,20,Autumn,1604
22/09/2018,19.4,55,0.8,2000,0.0,0.0,0.0,No Holiday,21,Autumn,1502
22/09/2018,18.6,62,0.6,2000,0.0,0.0,0.0,No Holiday,22,Autumn,1430
22/09/2018,17.9,66,1.0,2000,0.0,0.0,0.0,No Holiday,23,Autumn,1108
23/09/2018,17.2,69,0.6,2000,0.0,0.0,0.0,Holiday,0,Autumn,880
23/09/2018,16.4,66,0.1,2000,0.0,0.0,0.0,Holiday,1,Autumn,644
23/09/2018,16.0,72,1.3,2000,0.0,0.0,0.0,Holiday,2,Autumn,489
23/09/2018,15.8,70,0.8,2000,0.0,0.0,0.0,Holiday,3,Autumn,334
23/09/2018,16.2,69,0.7,2000,0.0,0.0,0.0,Holiday,4,Autumn,202
23/09/2018,16.3,67,0.8,2000,0.0,0.0,0.0,Holiday,5,Autumn,106
23/09/2018,16.5,73,1.2,2000,0.0,0.0,0.0,Holiday,6,Autumn,144
23/09/2018,16.5,74,0.4,2000,0.0,0.0,0.0,Holiday,7,Autumn,261
23/09/2018,17.0,69,1.2,2000,0.3,0.0,0.0,Holiday,8,Autumn,439
23/09/2018,18.4,59,1.0,1951,0.86,0.0,0.0,Holiday,9,Autumn,534
23/09/2018,19.3,59,0.2,2000,0.94,0.0,0.0,Holiday,10,Autumn,620
23/09/2018,20.1,57,3.0,1929,1.29,0.0,0.0,Holiday,11,Autumn,764
23/09/2018,20.8,52,1.2,1984,1.25,0.0,0.0,Holiday,12,Autumn,915
23/09/2018,22.7,44,1.4,1913,1.77,0.0,0.0,Holiday,13,Autumn,1031
23/09/2018,24.2,40,1.2,1953,2.62,0.0,0.0,Holiday,14,Autumn,1136
23/09/2018,25.0,28,2.2,2000,2.39,0.0,0.0,Holiday,15,Autumn,1366
23/09/2018,24.6,29,4.0,1988,1.73,0.0,0.0,Holiday,16,Autumn,1502
23/09/2018,24.1,41,2.4,2000,1.17,0.0,0.0,Holiday,17,Autumn,1591
23/09/2018,22.3,53,2.7,2000,0.44,0.0,0.0,Holiday,18,Autumn,1492
23/09/2018,21.0,54,2.9,2000,0.01,0.0,0.0,Holiday,19,Autumn,1333
23/09/2018,20.2,48,3.3,2000,0.0,0.0,0.0,Holiday,20,Autumn,1287
23/09/2018,19.1,38,2.1,2000,0.0,0.0,0.0,Holiday,21,Autumn,1148
23/09/2018,18.5,40,2.5,2000,0.0,0.0,0.0,Holiday,22,Autumn,1074
23/09/2018,17.7,45,1.1,2000,0.0,0.0,0.0,Holiday,23,Autumn,768
24/09/2018,17.2,50,1.7,2000,0.0,0.0,0.0,Holiday,0,Autumn,620
24/09/2018,16.8,53,2.0,2000,0.0,0.0,0.0,Holiday,1,Autumn,426
24/09/2018,16.1,57,0.7,2000,0.0,0.0,0.0,Holiday,2,Autumn,302
24/09/2018,15.5,63,0.3,2000,0.0,0.0,0.0,Holiday,3,Autumn,216
24/09/2018,14.9,68,0.9,2000,0.0,0.0,0.0,Holiday,4,Autumn,141
24/09/2018,14.4,66,0.3,2000,0.0,0.0,0.0,Holiday,5,Autumn,105
24/09/2018,14.3,66,0.5,2000,0.0,0.0,0.0,Holiday,6,Autumn,141
24/09/2018,14.7,61,2.1,2000,0.02,0.0,0.0,Holiday,7,Autumn,205
24/09/2018,15.4,52,2.2,1985,0.49,0.0,0.0,Holiday,8,Autumn,296
24/09/2018,17.0,43,2.1,1993,1.36,0.0,0.0,Holiday,9,Autumn,310
24/09/2018,18.5,38,3.3,2000,2.02,0.0,0.0,Holiday,10,Autumn,426
24/09/2018,19.4,31,4.1,1966,2.55,0.0,0.0,Holiday,11,Autumn,588
24/09/2018,20.3,34,2.6,2000,2.85,0.0,0.0,Holiday,12,Autumn,754
24/09/2018,20.9,30,3.5,2000,2.93,0.0,0.0,Holiday,13,Autumn,885
24/09/2018,21.3,30,4.3,2000,2.78,0.0,0.0,Holiday,14,Autumn,1099
24/09/2018,21.8,32,3.3,2000,2.42,0.0,0.0,Holiday,15,Autumn,1273
24/09/2018,22.0,31,2.7,2000,1.87,0.0,0.0,Holiday,16,Autumn,1433
24/09/2018,21.6,32,3.1,2000,1.2,0.0,0.0,Holiday,17,Autumn,1442
24/09/2018,20.3,35,2.4,2000,0.46,0.0,0.0,Holiday,18,Autumn,1237
24/09/2018,18.6,54,2.7,2000,0.01,0.0,0.0,Holiday,19,Autumn,1280
24/09/2018,17.6,57,1.4,2000,0.0,0.0,0.0,Holiday,20,Autumn,1227
24/09/2018,16.8,58,1.2,2000,0.0,0.0,0.0,Holiday,21,Autumn,1145
24/09/2018,16.6,47,3.9,2000,0.0,0.0,0.0,Holiday,22,Autumn,958
24/09/2018,15.7,51,0.4,2000,0.0,0.0,0.0,Holiday,23,Autumn,750
25/09/2018,14.7,55,1.6,2000,0.0,0.0,0.0,Holiday,0,Autumn,558
25/09/2018,13.8,60,0.8,2000,0.0,0.0,0.0,Holiday,1,Autumn,408
25/09/2018,13.4,62,0.2,2000,0.0,0.0,0.0,Holiday,2,Autumn,292
25/09/2018,12.7,67,0.5,2000,0.0,0.0,0.0,Holiday,3,Autumn,222
25/09/2018,12.0,69,0.5,2000,0.0,0.0,0.0,Holiday,4,Autumn,157
25/09/2018,11.5,70,0.5,2000,0.0,0.0,0.0,Holiday,5,Autumn,105
25/09/2018,11.2,70,0.9,2000,0.0,0.0,0.0,Holiday,6,Autumn,132
25/09/2018,10.8,72,0.9,2000,0.03,0.0,0.0,Holiday,7,Autumn,262
25/09/2018,12.0,61,1.3,1988,0.6,0.0,0.0,Holiday,8,Autumn,440
25/09/2018,15.3,49,1.0,2000,1.34,0.0,0.0,Holiday,9,Autumn,542
25/09/2018,18.0,44,1.3,1984,1.99,0.0,0.0,Holiday,10,Autumn,667
25/09/2018,20.1,40,1.6,1985,2.47,0.0,0.0,Holiday,11,Autumn,853
25/09/2018,21.7,36,2.0,2000,2.78,0.0,0.0,Holiday,12,Autumn,1045
25/09/2018,22.9,30,2.0,2000,2.9,0.0,0.0,Holiday,13,Autumn,1309
25/09/2018,23.7,28,1.4,2000,2.77,0.0,0.0,Holiday,14,Autumn,1522
25/09/2018,24.1,26,1.6,2000,2.38,0.0,0.0,Holiday,15,Autumn,1747
25/09/2018,24.2,28,1.7,2000,1.86,0.0,0.0,Holiday,16,Autumn,1955
25/09/2018,22.9,33,1.4,2000,0.83,0.0,0.0,Holiday,17,Autumn,2033
25/09/2018,21.6,37,1.0,2000,0.24,0.0,0.0,Holiday,18,Autumn,1885
25/09/2018,20.3,39,0.6,2000,0.0,0.0,0.0,Holiday,19,Autumn,1608
25/09/2018,19.3,45,0.4,2000,0.0,0.0,0.0,Holiday,20,Autumn,1583
25/09/2018,18.5,48,1.0,2000,0.0,0.0,0.0,Holiday,21,Autumn,1565
25/09/2018,17.7,52,1.0,2000,0.0,0.0,0.0,Holiday,22,Autumn,1418
25/09/2018,17.4,49,1.2,2000,0.0,0.0,0.0,Holiday,23,Autumn,1042
26/09/2018,17.0,51,1.5,2000,0.0,0.0,0.0,No Holiday,0,Autumn,880
26/09/2018,16.6,53,1.7,2000,0.0,0.0,0.0,No Holiday,1,Autumn,594
26/09/2018,16.6,54,1.5,2000,0.0,0.0,0.0,No Holiday,2,Autumn,453
26/09/2018,16.5,57,1.6,2000,0.0,0.0,0.0,No Holiday,3,Autumn,355
26/09/2018,16.4,59,1.7,2000,0.0,0.0,0.0,No Holiday,4,Autumn,222
26/09/2018,16.3,61,1.5,2000,0.0,0.0,0.0,No Holiday,5,Autumn,150
26/09/2018,16.3,62,2.1,2000,0.0,0.0,0.0,No Holiday,6,Autumn,230
26/09/2018,16.3,62,2.0,2000,0.01,0.0,0.0,No Holiday,7,Autumn,335
26/09/2018,16.7,60,2.0,2000,0.2,0.0,0.0,No Holiday,8,Autumn,598
26/09/2018,17.7,54,1.8,2000,0.63,0.0,0.0,No Holiday,9,Autumn,680
26/09/2018,19.4,47,2.3,2000,1.45,0.0,0.0,No Holiday,10,Autumn,923
26/09/2018,20.5,42,2.1,1981,1.59,0.0,0.0,No Holiday,11,Autumn,1152
26/09/2018,22.5,37,1.8,2000,2.5,0.0,0.0,No Holiday,12,Autumn,1358
26/09/2018,23.4,34,2.1,2000,2.84,0.0,0.0,No Holiday,13,Autumn,1686
26/09/2018,24.1,33,1.3,2000,2.52,0.0,0.0,No Holiday,14,Autumn,1972
26/09/2018,24.7,35,1.2,2000,2.28,0.0,0.0,No Holiday,15,Autumn,2170
26/09/2018,24.4,35,1.8,2000,1.71,0.0,0.0,No Holiday,16,Autumn,2270
26/09/2018,23.6,38,1.4,2000,1.04,0.0,0.0,No Holiday,17,Autumn,2349
26/09/2018,22.1,45,1.5,2000,0.27,0.0,0.0,No Holiday,18,Autumn,2339
26/09/2018,20.7,46,1.0,2000,0.02,0.0,0.0,No Holiday,19,Autumn,1937
26/09/2018,20.0,46,2.0,2000,0.0,0.0,0.0,No Holiday,20,Autumn,1653
26/09/2018,18.9,43,2.0,2000,0.0,0.0,0.0,No Holiday,21,Autumn,1529
26/09/2018,18.1,43,1.7,2000,0.0,0.0,0.0,No Holiday,22,Autumn,1249
26/09/2018,17.4,46,2.1,2000,0.0,0.0,0.0,No Holiday,23,Autumn,934
27/09/2018,16.7,50,1.7,2000,0.0,0.0,0.0,No Holiday,0,Autumn,770
27/09/2018,16.1,53,1.4,2000,0.0,0.0,0.0,No Holiday,1,Autumn,488
27/09/2018,15.7,53,1.4,2000,0.0,0.0,0.0,No Holiday,2,Autumn,326
27/09/2018,14.9,57,1.1,2000,0.0,0.0,0.0,No Holiday,3,Autumn,178
27/09/2018,14.4,58,1.1,2000,0.0,0.0,0.0,No Holiday,4,Autumn,151
27/09/2018,13.9,60,0.6,2000,0.0,0.0,0.0,No Holiday,5,Autumn,207
27/09/2018,13.4,61,0.8,2000,0.0,0.0,0.0,No Holiday,6,Autumn,589
27/09/2018,13.2,60,0.5,2000,0.02,0.0,0.0,No Holiday,7,Autumn,1364
27/09/2018,14.8,51,1.1,2000,0.59,0.0,0.0,No Holiday,8,Autumn,2129
27/09/2018,17.7,48,1.5,2000,1.3,0.0,0.0,No Holiday,9,Autumn,1120
27/09/2018,19.9,47,1.8,1989,1.93,0.0,0.0,No Holiday,10,Autumn,907
27/09/2018,21.3,43,1.7,1998,2.42,0.0,0.0,No Holiday,11,Autumn,1019
27/09/2018,23.2,42,1.4,2000,2.73,0.0,0.0,No Holiday,12,Autumn,1189
27/09/2018,23.0,39,1.7,2000,2.28,0.0,0.0,No Holiday,13,Autumn,1191
27/09/2018,24.6,34,1.5,2000,2.74,0.0,0.0,No Holiday,14,Autumn,1305
27/09/2018,23.4,35,1.4,2000,1.39,0.0,0.0,No Holiday,15,Autumn,1404
27/09/2018,23.6,31,1.1,2000,1.37,0.0,0.0,No Holiday,16,Autumn,1636
27/09/2018,24.3,31,1.5,2000,1.17,0.0,0.0,No Holiday,17,Autumn,2189
27/09/2018,22.5,38,0.8,2000,0.31,0.0,0.0,No Holiday,18,Autumn,3154
27/09/2018,20.6,44,0.7,2000,0.01,0.0,0.0,No Holiday,19,Autumn,2422
27/09/2018,19.5,47,1.2,2000,0.0,0.0,0.0,No Holiday,20,Autumn,2098
27/09/2018,18.7,48,1.3,2000,0.0,0.0,0.0,No Holiday,21,Autumn,1930
27/09/2018,17.9,50,1.0,2000,0.0,0.0,0.0,No Holiday,22,Autumn,1801
27/09/2018,17.7,51,1.4,2000,0.0,0.0,0.0,No Holiday,23,Autumn,1222
28/09/2018,17.1,52,1.4,2000,0.0,0.0,0.0,No Holiday,0,Autumn,0
28/09/2018,16.5,53,1.5,2000,0.0,0.0,0.0,No Holiday,1,Autumn,0
28/09/2018,16.0,56,1.5,2000,0.0,0.0,0.0,No Holiday,2,Autumn,0
28/09/2018,15.3,59,1.6,2000,0.0,0.0,0.0,No Holiday,3,Autumn,0
28/09/2018,14.7,62,1.5,2000,0.0,0.0,0.0,No Holiday,4,Autumn,0
28/09/2018,14.5,60,1.4,2000,0.0,0.0,0.0,No Holiday,5,Autumn,0
28/09/2018,14.4,61,1.2,2000,0.0,0.0,0.0,No Holiday,6,Autumn,0
28/09/2018,14.5,62,1.5,2000,0.03,0.0,0.0,No Holiday,7,Autumn,0
28/09/2018,15.2,58,1.7,2000,0.29,0.0,0.0,No Holiday,8,Autumn,0
28/09/2018,16.5,50,1.2,2000,0.66,0.0,0.0,No Holiday,9,Autumn,0
28/09/2018,17.4,51,1.3,1989,0.81,0.0,0.0,No Holiday,10,Autumn,0
28/09/2018,17.9,54,1.4,2000,0.73,0.0,0.0,No Holiday,11,Autumn,0
28/09/2018,19.0,52,1.2,2000,0.98,0.0,0.0,No Holiday,12,Autumn,0
28/09/2018,19.1,53,1.4,2000,0.76,0.0,0.0,No Holiday,13,Autumn,0
28/09/2018,19.4,53,1.4,2000,0.68,0.0,0.0,No Holiday,14,Autumn,0
28/09/2018,20.3,52,1.3,2000,1.15,0.0,0.0,No Holiday,15,Autumn,0
28/09/2018,21.9,46,1.2,1995,1.67,0.0,0.0,No Holiday,16,Autumn,0
28/09/2018,21.7,52,1.1,2000,0.79,0.0,0.0,No Holiday,17,Autumn,0
28/09/2018,20.4,56,1.7,2000,0.2,0.0,0.0,No Holiday,18,Autumn,0
28/09/2018,19.3,61,0.8,2000,0.01,0.0,0.0,No Holiday,19,Autumn,0
28/09/2018,18.0,67,0.7,2000,0.0,0.0,0.0,No Holiday,20,Autumn,0
28/09/2018,17.8,66,1.1,2000,0.0,0.0,0.0,No Holiday,21,Autumn,0
28/09/2018,17.1,70,1.0,2000,0.0,0.0,0.0,No Holiday,22,Autumn,0
28/09/2018,16.6,69,1.0,2000,0.0,0.0,0.0,No Holiday,23,Autumn,0
29/09/2018,16.6,69,1.0,2000,0.0,0.0,0.0,No Holiday,0,Autumn,1037
29/09/2018,16.2,71,0.9,2000,0.0,0.0,0.0,No Holiday,1,Autumn,982
29/09/2018,15.8,71,1.1,2000,0.0,0.0,0.0,No Holiday,2,Autumn,690
29/09/2018,15.5,73,1.0,2000,0.0,0.0,0.0,No Holiday,3,Autumn,493
29/09/2018,15.4,74,0.9,2000,0.0,0.0,0.0,No Holiday,4,Autumn,301
29/09/2018,15.0,77,0.5,2000,0.0,0.0,0.0,No Holiday,5,Autumn,208
29/09/2018,14.6,81,1.0,2000,0.0,0.0,0.0,No Holiday,6,Autumn,290
29/09/2018,14.7,76,0.8,2000,0.02,0.0,0.0,No Holiday,7,Autumn,513
29/09/2018,15.7,65,1.2,2000,0.54,0.0,0.0,No Holiday,8,Autumn,848
29/09/2018,18.3,58,1.4,1958,1.24,0.0,0.0,No Holiday,9,Autumn,1076
29/09/2018,20.8,52,1.5,2000,1.88,0.0,0.0,No Holiday,10,Autumn,1071
29/09/2018,22.3,50,1.3,2000,2.36,0.0,0.0,No Holiday,11,Autumn,1284
29/09/2018,23.8,44,1.7,2000,2.66,0.0,0.0,No Holiday,12,Autumn,1495
29/09/2018,24.9,40,1.4,2000,2.75,0.0,0.0,No Holiday,13,Autumn,1752
29/09/2018,26.2,33,1.8,2000,2.62,0.0,0.0,No Holiday,14,Autumn,1892
29/09/2018,26.5,33,1.4,2000,2.25,0.0,0.0,No Holiday,15,Autumn,2065
29/09/2018,26.6,34,1.3,2000,1.69,0.0,0.0,No Holiday,16,Autumn,2254
29/09/2018,26.3,31,1.0,2000,1.03,0.0,0.0,No Holiday,17,Autumn,2432
29/09/2018,24.8,41,0.5,2000,0.33,0.0,0.0,No Holiday,18,Autumn,2397
29/09/2018,22.5,43,0.4,2000,0.0,0.0,0.0,No Holiday,19,Autumn,2021
29/09/2018,21.3,46,0.1,2000,0.0,0.0,0.0,No Holiday,20,Autumn,1835
29/09/2018,20.1,54,1.2,2000,0.0,0.0,0.0,No Holiday,21,Autumn,1781
29/09/2018,19.3,55,0.5,2000,0.0,0.0,0.0,No Holiday,22,Autumn,1501
29/09/2018,18.6,59,0.7,2000,0.0,0.0,0.0,No Holiday,23,Autumn,1229
30/09/2018,18.1,60,0.2,2000,0.0,0.0,0.0,No Holiday,0,Autumn,0
30/09/2018,17.5,66,0.5,2000,0.0,0.0,0.0,No Holiday,1,Autumn,0
30/09/2018,17.3,68,0.7,2000,0.0,0.0,0.0,No Holiday,2,Autumn,0
30/09/2018,17.0,70,0.9,2000,0.0,0.0,0.0,No Holiday,3,Autumn,0
30/09/2018,16.6,73,0.3,2000,0.0,0.0,0.0,No Holiday,4,Autumn,0
30/09/2018,16.1,78,0.4,2000,0.0,0.0,0.0,No Holiday,5,Autumn,0
30/09/2018,15.5,80,0.4,2000,0.0,0.0,0.0,No Holiday,6,Autumn,0
30/09/2018,15.1,81,0.8,1939,0.03,0.0,0.0,No Holiday,7,Autumn,0
30/09/2018,16.2,69,1.1,2000,0.54,0.0,0.0,No Holiday,8,Autumn,0
30/09/2018,18.5,62,0.5,1847,1.0,0.0,0.0,No Holiday,9,Autumn,0
30/09/2018,20.7,62,1.3,1679,1.41,0.0,0.0,No Holiday,10,Autumn,0
30/09/2018,20.2,63,2.8,1195,1.25,0.0,0.0,No Holiday,11,Autumn,0
30/09/2018,20.8,47,3.1,1665,2.0,0.0,0.0,No Holiday,12,Autumn,0
30/09/2018,21.1,42,4.6,1954,2.74,0.0,0.0,No Holiday,13,Autumn,0
30/09/2018,21.1,32,4.4,1999,2.48,0.0,0.0,No Holiday,14,Autumn,0
30/09/2018,21.3,32,3.8,2000,2.31,0.0,0.0,No Holiday,15,Autumn,0
30/09/2018,21.2,28,3.2,2000,1.77,0.0,0.0,No Holiday,16,Autumn,0
30/09/2018,20.4,31,3.2,2000,1.06,0.0,0.0,No Holiday,17,Autumn,0
30/09/2018,18.3,34,3.3,2000,0.36,0.0,0.0,No Holiday,18,Autumn,0
30/09/2018,17.1,35,2.9,2000,0.0,0.0,0.0,No Holiday,19,Autumn,0
30/09/2018,16.0,39,2.9,2000,0.0,0.0,0.0,No Holiday,20,Autumn,0
30/09/2018,15.2,40,3.0,2000,0.0,0.0,0.0,No Holiday,21,Autumn,0
30/09/2018,14.6,46,2.2,2000,0.0,0.0,0.0,No Holiday,22,Autumn,0
30/09/2018,14.1,53,2.1,2000,0.0,0.0,0.0,No Holiday,23,Autumn,0
01/10/2018,14.1,55,2.6,2000,0.0,0.0,0.0,No Holiday,0,Autumn,680
01/10/2018,13.9,57,2.0,2000,0.0,0.0,0.0,No Holiday,1,Autumn,402
01/10/2018,13.9,56,2.4,2000,0.0,0.0,0.0,No Holiday,2,Autumn,262
01/10/2018,13.6,56,1.6,2000,0.0,0.0,0.0,No Holiday,3,Autumn,179
01/10/2018,13.7,56,1.9,2000,0.0,0.0,0.0,No Holiday,4,Autumn,143
01/10/2018,13.7,57,1.8,1999,0.0,0.0,0.0,No Holiday,5,Autumn,246
01/10/2018,13.3,56,2.3,2000,0.0,0.0,0.0,No Holiday,6,Autumn,632
01/10/2018,13.1,58,2.1,1997,0.03,0.0,0.0,No Holiday,7,Autumn,1429
01/10/2018,13.7,54,2.4,1960,0.39,0.0,0.0,No Holiday,8,Autumn,2101
01/10/2018,14.9,50,3.4,1989,1.08,0.0,0.0,No Holiday,9,Autumn,1106
01/10/2018,16.3,47,3.6,1815,1.93,0.0,0.0,No Holiday,10,Autumn,856
01/10/2018,17.0,45,4.5,1966,2.04,0.0,0.0,No Holiday,11,Autumn,959
01/10/2018,18.4,40,3.5,1958,2.28,0.0,0.0,No Holiday,12,Autumn,1138
01/10/2018,17.6,49,4.7,2000,1.89,0.0,0.0,No Holiday,13,Autumn,1087
01/10/2018,19.3,36,3.5,1986,2.28,0.0,0.0,No Holiday,14,Autumn,1137
01/10/2018,19.0,40,3.8,1983,1.96,0.0,0.0,No Holiday,15,Autumn,1258
01/10/2018,17.7,47,3.4,2000,0.81,0.0,0.0,No Holiday,16,Autumn,1357
01/10/2018,17.2,53,2.9,2000,0.25,0.0,0.0,No Holiday,17,Autumn,1799
01/10/2018,16.6,61,2.9,2000,0.16,0.0,0.0,No Holiday,18,Autumn,2857
01/10/2018,16.2,62,2.2,2000,0.0,0.0,0.0,No Holiday,19,Autumn,2122
01/10/2018,15.4,63,2.1,2000,0.0,0.0,0.0,No Holiday,20,Autumn,1824
01/10/2018,14.6,66,4.0,2000,0.0,0.0,0.0,No Holiday,21,Autumn,1777
01/10/2018,13.9,69,0.5,2000,0.0,0.0,0.0,No Holiday,22,Autumn,1501
01/10/2018,13.4,69,3.7,2000,0.0,0.0,0.0,No Holiday,23,Autumn,1057
02/10/2018,13.0,72,1.8,1987,0.0,0.0,0.0,No Holiday,0,Autumn,0
02/10/2018,12.5,74,1.9,1992,0.0,0.0,0.0,No Holiday,1,Autumn,0
02/10/2018,12.3,75,1.6,1840,0.0,0.0,0.0,No Holiday,2,Autumn,0
02/10/2018,11.8,78,0.3,1843,0.0,0.0,0.0,No Holiday,3,Autumn,0
02/10/2018,11.2,80,0.3,1236,0.0,0.0,0.0,No Holiday,4,Autumn,0
02/10/2018,10.8,82,0.3,1778,0.0,0.0,0.0,No Holiday,5,Autumn,0
02/10/2018,10.6,81,0.0,1798,0.0,0.0,0.0,No Holiday,6,Autumn,0
02/10/2018,10.4,81,0.3,1956,0.02,0.0,0.0,No Holiday,7,Autumn,0
02/10/2018,11.2,69,0.9,1714,0.49,0.0,0.0,No Holiday,8,Autumn,0
02/10/2018,13.9,66,1.6,1427,1.11,0.0,0.0,No Holiday,9,Autumn,0
02/10/2018,16.7,58,2.4,1554,1.81,0.0,0.0,No Holiday,10,Autumn,0
02/10/2018,18.3,44,3.0,1878,2.35,0.0,0.0,No Holiday,11,Autumn,0
02/10/2018,19.4,41,3.1,1956,2.67,0.0,0.0,No Holiday,12,Autumn,0
02/10/2018,20.4,36,2.6,1776,2.71,0.0,0.0,No Holiday,13,Autumn,0
02/10/2018,21.5,39,2.5,1691,2.56,0.0,0.0,No Holiday,14,Autumn,0
02/10/2018,21.8,38,2.6,1913,2.22,0.0,0.0,No Holiday,15,Autumn,0
02/10/2018,21.7,36,3.2,1929,1.64,0.0,0.0,No Holiday,16,Autumn,0
02/10/2018,21.2,40,2.4,2000,0.98,0.0,0.0,No Holiday,17,Autumn,0
02/10/2018,19.2,48,2.2,2000,0.28,0.0,0.0,No Holiday,18,Autumn,0
02/10/2018,17.6,57,1.7,2000,0.0,0.0,0.0,No Holiday,19,Autumn,0
02/10/2018,16.8,62,2.0,2000,0.0,0.0,0.0,No Holiday,20,Autumn,0
02/10/2018,16.2,65,1.5,2000,0.0,0.0,0.0,No Holiday,21,Autumn,0
02/10/2018,15.5,69,0.8,1987,0.0,0.0,0.0,No Holiday,22,Autumn,0
02/10/2018,14.8,68,0.1,1994,0.0,0.0,0.0,No Holiday,23,Autumn,0
03/10/2018,14.5,74,0.4,2000,0.0,0.0,0.0,Holiday,0,Autumn,1040
03/10/2018,13.8,75,0.5,2000,0.0,0.0,0.0,Holiday,1,Autumn,882
03/10/2018,13.2,77,1.2,1972,0.0,0.0,0.0,Holiday,2,Autumn,685
03/10/2018,12.6,78,0.6,1907,0.0,0.0,0.0,Holiday,3,Autumn,497
03/10/2018,12.1,80,1.2,1834,0.0,0.0,0.0,Holiday,4,Autumn,284
03/10/2018,11.8,82,1.1,1878,0.0,0.0,0.0,Holiday,5,Autumn,173
03/10/2018,11.4,84,0.3,1742,0.0,0.0,0.0,Holiday,6,Autumn,278
03/10/2018,11.2,85,0.3,1593,0.02,0.0,0.0,Holiday,7,Autumn,440
03/10/2018,11.8,73,1.0,1649,0.49,0.0,0.0,Holiday,8,Autumn,762
03/10/2018,14.4,61,0.7,1340,1.21,0.0,0.0,Holiday,9,Autumn,966
03/10/2018,17.3,53,0.7,1406,1.83,0.0,0.0,Holiday,10,Autumn,1113
03/10/2018,20.3,46,1.6,1409,2.29,0.0,0.0,Holiday,11,Autumn,1248
03/10/2018,21.4,40,1.4,1973,2.53,0.0,0.0,Holiday,12,Autumn,1634
03/10/2018,22.5,40,2.6,1854,2.64,0.0,0.0,Holiday,13,Autumn,1849
03/10/2018,23.4,35,1.6,1972,2.51,0.0,0.0,Holiday,14,Autumn,1995
03/10/2018,24.1,34,2.0,1996,2.14,0.0,0.0,Holiday,15,Autumn,2200
03/10/2018,24.0,34,2.7,2000,1.62,0.0,0.0,Holiday,16,Autumn,2112
03/10/2018,23.3,36,1.7,1960,0.95,0.0,0.0,Holiday,17,Autumn,2400
03/10/2018,21.5,43,1.8,2000,0.26,0.0,0.0,Holiday,18,Autumn,2235
03/10/2018,20.0,49,1.5,2000,0.0,0.0,0.0,Holiday,19,Autumn,1792
03/10/2018,18.6,55,1.5,2000,0.0,0.0,0.0,Holiday,20,Autumn,1744
03/10/2018,17.6,59,1.6,2000,0.0,0.0,0.0,Holiday,21,Autumn,1594
03/10/2018,16.9,63,0.2,2000,0.0,0.0,0.0,Holiday,22,Autumn,1393
03/10/2018,16.1,63,0.6,2000,0.0,0.0,0.0,Holiday,23,Autumn,1033
04/10/2018,15.5,65,0.8,2000,0.0,0.0,0.0,No Holiday,0,Autumn,0
04/10/2018,14.7,69,0.6,2000,0.0,0.0,0.0,No Holiday,1,Autumn,0
04/10/2018,14.0,73,0.5,1992,0.0,0.0,0.0,No Holiday,2,Autumn,0
04/10/2018,13.6,75,0.8,1960,0.0,0.0,0.0,No Holiday,3,Autumn,0
04/10/2018,13.3,75,0.4,1792,0.0,0.0,0.0,No Holiday,4,Autumn,0
04/10/2018,13.2,73,0.9,1857,0.0,0.0,0.0,No Holiday,5,Autumn,0
04/10/2018,13.2,73,1.1,1900,0.0,0.0,0.0,No Holiday,6,Autumn,0
04/10/2018,13.2,75,0.8,1780,0.01,0.0,0.0,No Holiday,7,Autumn,0
04/10/2018,13.9,68,0.9,1912,0.34,0.0,0.0,No Holiday,8,Autumn,0
04/10/2018,16.7,58,1.8,1821,1.22,0.0,0.0,No Holiday,9,Autumn,0
04/10/2018,19.0,49,1.7,1980,1.73,0.0,0.0,No Holiday,10,Autumn,0
04/10/2018,21.3,41,1.9,1963,2.36,0.0,0.0,No Holiday,11,Autumn,0
04/10/2018,23.2,38,1.7,1990,2.44,0.0,0.0,No Holiday,12,Autumn,0
04/10/2018,23.4,39,1.4,2000,1.72,0.0,0.0,No Holiday,13,Autumn,0
04/10/2018,24.3,39,1.7,2000,2.18,0.0,0.0,No Holiday,14,Autumn,0
04/10/2018,25.3,39,1.6,2000,1.88,0.0,0.0,No Holiday,15,Autumn,0
04/10/2018,25.1,41,1.0,2000,1.22,0.0,0.0,No Holiday,16,Autumn,0
04/10/2018,24.2,44,1.5,2000,0.58,0.0,0.0,No Holiday,17,Autumn,0
04/10/2018,23.1,48,1.3,2000,0.2,0.0,0.0,No Holiday,18,Autumn,0
04/10/2018,22.3,50,1.4,2000,0.0,0.0,0.0,No Holiday,19,Autumn,0
04/10/2018,21.3,53,1.8,2000,0.0,0.0,0.0,No Holiday,20,Autumn,0
04/10/2018,20.5,57,2.0,2000,0.0,0.0,0.0,No Holiday,21,Autumn,0
04/10/2018,19.8,60,1.6,2000,0.0,0.0,0.0,No Holiday,22,Autumn,0
04/10/2018,19.4,62,1.7,2000,0.0,0.0,0.0,No Holiday,23,Autumn,0
05/10/2018,19.0,64,1.9,2000,0.0,0.0,0.0,No Holiday,0,Autumn,973
05/10/2018,18.6,66,1.7,2000,0.0,0.0,0.0,No Holiday,1,Autumn,735
05/10/2018,18.2,64,2.0,2000,0.0,0.0,0.0,No Holiday,2,Autumn,515
05/10/2018,18.0,61,1.8,2000,0.0,0.0,0.0,No Holiday,3,Autumn,329
05/10/2018,17.7,57,1.3,2000,0.0,0.0,0.0,No Holiday,4,Autumn,221
05/10/2018,17.6,57,1.1,2000,0.0,0.0,0.0,No Holiday,5,Autumn,223
05/10/2018,17.7,55,1.5,2000,0.0,0.0,0.0,No Holiday,6,Autumn,531
05/10/2018,17.7,56,1.3,2000,0.0,0.0,0.0,No Holiday,7,Autumn,282
05/10/2018,16.9,72,1.3,2000,0.04,0.3,0.0,No Holiday,8,Autumn,208
05/10/2018,16.3,85,1.8,942,0.13,1.2,0.0,No Holiday,9,Autumn,47
05/10/2018,15.8,89,1.8,742,0.18,1.5,0.0,No Holiday,10,Autumn,33
05/10/2018,16.1,89,2.4,1112,0.4,1.5,0.0,No Holiday,11,Autumn,29
05/10/2018,16.6,90,1.7,518,0.51,2.0,0.0,No Holiday,12,Autumn,23
05/10/2018,16.9,95,1.6,325,0.48,4.0,0.0,No Holiday,13,Autumn,22
05/10/2018,17.2,95,1.6,553,0.48,2.5,0.0,No Holiday,14,Autumn,17
05/10/2018,17.2,96,0.6,213,0.26,4.0,0.0,No Holiday,15,Autumn,8
05/10/2018,17.1,97,1.7,382,0.15,6.0,0.0,No Holiday,16,Autumn,28
05/10/2018,16.9,97,2.1,728,0.08,5.5,0.0,No Holiday,17,Autumn,66
05/10/2018,16.7,96,1.6,1461,0.03,1.0,0.0,No Holiday,18,Autumn,74
05/10/2018,16.6,96,2.4,1072,0.0,1.5,0.0,No Holiday,19,Autumn,55
05/10/2018,16.5,96,2.7,1047,0.0,1.0,0.0,No Holiday,20,Autumn,44
05/10/2018,16.5,96,2.2,963,0.0,1.5,0.0,No Holiday,21,Autumn,32
05/10/2018,16.2,92,2.6,1771,0.0,1.5,0.0,No Holiday,22,Autumn,23
05/10/2018,16.3,91,1.8,1811,0.0,0.5,0.0,No Holiday,23,Autumn,4
06/10/2018,16.4,94,1.8,1744,0.0,1.0,0.0,No Holiday,0,Autumn,0
06/10/2018,16.7,89,2.4,1814,0.0,1.0,0.0,No Holiday,1,Autumn,0
06/10/2018,16.9,88,2.5,2000,0.0,1.5,0.0,No Holiday,2,Autumn,0
06/10/2018,16.8,90,3.3,1601,0.0,2.0,0.0,No Holiday,3,Autumn,0
06/10/2018,16.9,89,2.7,1577,0.0,2.5,0.0,No Holiday,4,Autumn,0
06/10/2018,16.7,93,2.8,360,0.0,4.5,0.0,No Holiday,5,Autumn,0
06/10/2018,16.5,96,2.3,417,0.0,8.5,0.0,No Holiday,6,Autumn,0
06/10/2018,16.5,97,2.3,364,0.0,9.5,0.0,No Holiday,7,Autumn,5
06/10/2018,16.6,97,2.0,457,0.01,9.0,0.0,No Holiday,8,Autumn,6
06/10/2018,16.7,97,2.9,550,0.05,6.0,0.0,No Holiday,9,Autumn,5
06/10/2018,17.0,97,1.5,676,0.15,6.0,0.0,No Holiday,10,Autumn,2
06/10/2018,17.5,95,2.0,1214,0.35,3.5,0.0,No Holiday,11,Autumn,20
06/10/2018,18.0,92,2.9,1999,0.45,1.0,0.0,No Holiday,12,Autumn,130
06/10/2018,17.7,89,5.0,2000,0.62,0.5,0.0,No Holiday,13,Autumn,529
06/10/2018,19.3,79,3.6,2000,1.36,0.0,0.0,No Holiday,14,Autumn,941
06/10/2018,21.0,67,4.1,2000,2.05,0.0,0.0,No Holiday,15,Autumn,1236
06/10/2018,21.5,62,3.4,2000,1.26,0.0,0.0,No Holiday,16,Autumn,1601
06/10/2018,21.1,64,1.2,2000,0.4,0.0,0.0,No Holiday,17,Autumn,1870
06/10/2018,20.5,66,1.2,2000,0.16,0.0,0.0,No Holiday,18,Autumn,2012
06/10/2018,19.7,72,0.6,2000,0.0,0.0,0.0,No Holiday,19,Autumn,1761
06/10/2018,19.4,67,0.8,2000,0.0,0.0,0.0,No Holiday,20,Autumn,1567
06/10/2018,18.5,78,0.1,2000,0.0,0.0,0.0,No Holiday,21,Autumn,1731
06/10/2018,17.7,78,0.3,2000,0.0,0.0,0.0,No Holiday,22,Autumn,1459
06/10/2018,16.9,84,0.9,2000,0.0,0.0,0.0,No Holiday,23,Autumn,1162
07/10/2018,16.3,86,0.3,2000,0.0,0.0,0.0,No Holiday,0,Autumn,1049
07/10/2018,16.0,88,1.2,2000,0.0,0.0,0.0,No Holiday,1,Autumn,768
07/10/2018,15.7,88,0.4,2000,0.0,0.0,0.0,No Holiday,2,Autumn,538
07/10/2018,15.5,88,1.7,1998,0.0,0.0,0.0,No Holiday,3,Autumn,372
07/10/2018,15.1,90,1.2,850,0.0,0.0,0.0,No Holiday,4,Autumn,255
07/10/2018,15.1,89,1.1,1615,0.0,0.0,0.0,No Holiday,5,Autumn,146
07/10/2018,14.8,89,0.2,1490,0.0,0.0,0.0,No Holiday,6,Autumn,189
07/10/2018,14.3,89,0.6,1165,0.03,0.0,0.0,No Holiday,7,Autumn,345
07/10/2018,14.6,71,1.0,1896,0.43,0.0,0.0,No Holiday,8,Autumn,589
07/10/2018,16.2,60,1.9,1899,1.16,0.0,0.0,No Holiday,9,Autumn,753
07/10/2018,18.1,56,2.6,1720,1.79,0.0,0.0,No Holiday,10,Autumn,932
07/10/2018,19.1,56,2.4,1802,2.15,0.0,0.0,No Holiday,11,Autumn,1188
07/10/2018,19.8,46,2.5,1837,2.3,0.0,0.0,No Holiday,12,Autumn,1516
07/10/2018,20.1,41,3.0,1963,2.34,0.0,0.0,No Holiday,13,Autumn,1714
07/10/2018,20.2,42,2.8,1832,1.87,0.0,0.0,No Holiday,14,Autumn,1987
07/10/2018,20.4,36,2.8,2000,1.56,0.0,0.0,No Holiday,15,Autumn,2167
07/10/2018,20.7,34,2.0,2000,1.23,0.0,0.0,No Holiday,16,Autumn,2270
07/10/2018,19.4,32,3.2,2000,0.63,0.0,0.0,No Holiday,17,Autumn,2255
07/10/2018,17.9,29,2.8,2000,0.16,0.0,0.0,No Holiday,18,Autumn,2069
07/10/2018,16.6,36,1.4,2000,0.0,0.0,0.0,No Holiday,19,Autumn,1608
07/10/2018,15.5,37,1.9,2000,0.0,0.0,0.0,No Holiday,20,Autumn,1519
07/10/2018,14.4,36,1.0,2000,0.0,0.0,0.0,No Holiday,21,Autumn,1385
07/10/2018,13.6,38,1.5,2000,0.0,0.0,0.0,No Holiday,22,Autumn,1160
07/10/2018,12.9,38,1.5,2000,0.0,0.0,0.0,No Holiday,23,Autumn,840
08/10/2018,12.3,44,0.8,2000,0.0,0.0,0.0,No Holiday,0,Autumn,711
08/10/2018,11.7,52,1.1,2000,0.0,0.0,0.0,No Holiday,1,Autumn,390
08/10/2018,11.1,56,1.4,2000,0.0,0.0,0.0,No Holiday,2,Autumn,265
08/10/2018,10.8,59,0.5,2000,0.0,0.0,0.0,No Holiday,3,Autumn,192
08/10/2018,10.4,61,0.6,2000,0.0,0.0,0.0,No Holiday,4,Autumn,123
08/10/2018,9.8,63,0.5,2000,0.0,0.0,0.0,No Holiday,5,Autumn,215
08/10/2018,9.5,68,0.9,2000,0.0,0.0,0.0,No Holiday,6,Autumn,503
08/10/2018,9.2,72,1.0,2000,0.01,0.0,0.0,No Holiday,7,Autumn,1206
08/10/2018,9.9,66,1.2,2000,0.35,0.0,0.0,No Holiday,8,Autumn,2005
08/10/2018,12.2,51,0.7,1918,1.02,0.0,0.0,No Holiday,9,Autumn,1166
08/10/2018,15.0,44,0.5,1839,1.48,0.0,0.0,No Holiday,10,Autumn,943
08/10/2018,17.9,39,1.3,1873,2.06,0.0,0.0,No Holiday,11,Autumn,1117
08/10/2018,19.2,31,0.5,1994,2.4,0.0,0.0,No Holiday,12,Autumn,1238
08/10/2018,20.2,28,1.3,2000,2.25,0.0,0.0,No Holiday,13,Autumn,1303
08/10/2018,20.2,24,1.5,2000,1.8,0.0,0.0,No Holiday,14,Autumn,1358
08/10/2018,20.6,26,1.2,2000,1.76,0.0,0.0,No Holiday,15,Autumn,1502
08/10/2018,20.3,25,1.8,2000,1.15,0.0,0.0,No Holiday,16,Autumn,1603
08/10/2018,20.0,28,0.7,2000,0.79,0.0,0.0,No Holiday,17,Autumn,2127
08/10/2018,18.1,39,1.0,2000,0.21,0.0,0.0,No Holiday,18,Autumn,2787
08/10/2018,16.4,42,1.8,2000,0.0,0.0,0.0,No Holiday,19,Autumn,2150
08/10/2018,15.5,45,2.2,2000,0.0,0.0,0.0,No Holiday,20,Autumn,1838
08/10/2018,15.1,48,2.6,2000,0.0,0.0,0.0,No Holiday,21,Autumn,1788
08/10/2018,14.4,49,1.1,2000,0.0,0.0,0.0,No Holiday,22,Autumn,1636
08/10/2018,13.5,55,0.5,2000,0.0,0.0,0.0,No Holiday,23,Autumn,1196
09/10/2018,12.6,54,0.2,2000,0.0,0.0,0.0,Holiday,0,Autumn,0
09/10/2018,12.0,58,0.7,2000,0.0,0.0,0.0,Holiday,1,Autumn,0
09/10/2018,11.4,65,1.1,2000,0.0,0.0,0.0,Holiday,2,Autumn,0
09/10/2018,11.0,66,0.9,2000,0.0,0.0,0.0,Holiday,3,Autumn,0
09/10/2018,11.0,63,0.8,2000,0.0,0.0,0.0,Holiday,4,Autumn,0
09/10/2018,10.8,64,0.8,2000,0.0,0.0,0.0,Holiday,5,Autumn,0
09/10/2018,10.8,69,0.8,2000,0.0,0.0,0.0,Holiday,6,Autumn,0
09/10/2018,10.9,70,0.7,2000,0.0,0.0,0.0,Holiday,7,Autumn,0
09/10/2018,11.4,66,0.8,1991,0.18,0.0,0.0,Holiday,8,Autumn,0
09/10/2018,12.8,57,1.2,1838,0.55,0.0,0.0,Holiday,9,Autumn,0
09/10/2018,14.8,51,1.0,1998,1.07,0.0,0.0,Holiday,10,Autumn,0
09/10/2018,16.4,45,0.7,2000,1.22,0.0,0.0,Holiday,11,Autumn,0
09/10/2018,18.3,40,0.6,1995,1.82,0.0,0.0,Holiday,12,Autumn,0
09/10/2018,19.2,39,1.0,2000,1.66,0.0,0.0,Holiday,13,Autumn,0
09/10/2018,18.8,39,1.6,2000,0.67,0.0,0.0,Holiday,14,Autumn,0
09/10/2018,18.3,40,1.2,2000,0.33,0.0,0.0,Holiday,15,Autumn,0
09/10/2018,19.0,39,1.4,2000,0.89,0.0,0.0,Holiday,16,Autumn,0
09/10/2018,18.4,39,2.1,2000,0.45,0.0,0.0,Holiday,17,Autumn,0
09/10/2018,17.7,43,1.5,2000,0.05,0.0,0.0,Holiday,18,Autumn,0
09/10/2018,17.3,47,2.2,2000,0.0,0.0,0.0,Holiday,19,Autumn,0
09/10/2018,17.0,49,1.4,2000,0.0,0.0,0.0,Holiday,20,Autumn,0
09/10/2018,16.8,52,1.6,2000,0.0,0.0,0.0,Holiday,21,Autumn,0
09/10/2018,16.7,55,1.9,2000,0.0,0.0,0.0,Holiday,22,Autumn,0
09/10/2018,16.6,53,1.1,2000,0.0,0.0,0.0,Holiday,23,Autumn,0
10/10/2018,16.6,53,0.9,2000,0.0,0.0,0.0,No Holiday,0,Autumn,643
10/10/2018,16.6,57,1.5,2000,0.0,0.0,0.0,No Holiday,1,Autumn,144
10/10/2018,14.4,91,0.4,402,0.0,4.5,0.0,No Holiday,2,Autumn,55
10/10/2018,14.3,95,1.0,967,0.0,2.5,0.0,No Holiday,3,Autumn,90
10/10/2018,14.3,92,2.0,714,0.0,0.0,0.0,No Holiday,4,Autumn,82
10/10/2018,13.6,89,2.7,990,0.0,0.0,0.0,No Holiday,5,Autumn,152
10/10/2018,12.6,86,1.9,1430,0.0,0.0,0.0,No Holiday,6,Autumn,441
10/10/2018,12.3,84,3.2,1220,0.0,0.0,0.0,No Holiday,7,Autumn,1220
10/10/2018,11.8,80,3.7,1518,0.16,0.0,0.0,No Holiday,8,Autumn,2082
10/10/2018,12.0,72,3.3,1650,0.68,0.0,0.0,No Holiday,9,Autumn,1097
10/10/2018,12.0,61,4.1,1981,0.86,0.0,0.0,No Holiday,10,Autumn,792
10/10/2018,12.7,50,3.3,1999,1.61,0.0,0.0,No Holiday,11,Autumn,914
10/10/2018,13.7,43,3.4,1980,1.65,0.0,0.0,No Holiday,12,Autumn,1006
10/10/2018,14.3,43,3.6,1995,1.86,0.0,0.0,No Holiday,13,Autumn,1015
10/10/2018,14.0,43,2.8,2000,1.13,0.0,0.0,No Holiday,14,Autumn,1041
10/10/2018,13.7,44,3.9,2000,0.83,0.0,0.0,No Holiday,15,Autumn,1171
10/10/2018,13.8,43,3.7,2000,0.74,0.0,0.0,No Holiday,16,Autumn,1363
10/10/2018,13.1,45,3.1,2000,0.62,0.0,0.0,No Holiday,17,Autumn,1775
10/10/2018,12.2,45,3.1,2000,0.16,0.0,0.0,No Holiday,18,Autumn,2514
10/10/2018,11.3,50,1.1,2000,0.0,0.0,0.0,No Holiday,19,Autumn,1723
10/10/2018,10.6,48,2.0,2000,0.0,0.0,0.0,No Holiday,20,Autumn,1489
10/10/2018,9.9,50,1.2,2000,0.0,0.0,0.0,No Holiday,21,Autumn,1445
10/10/2018,9.2,55,0.9,2000,0.0,0.0,0.0,No Holiday,22,Autumn,1255
10/10/2018,8.5,52,0.6,2000,0.0,0.0,0.0,No Holiday,23,Autumn,901
11/10/2018,7.9,53,0.9,2000,0.0,0.0,0.0,No Holiday,0,Autumn,707
11/10/2018,7.3,59,0.1,2000,0.0,0.0,0.0,No Holiday,1,Autumn,541
11/10/2018,7.1,64,0.9,2000,0.0,0.0,0.0,No Holiday,2,Autumn,341
11/10/2018,6.7,71,1.0,2000,0.0,0.0,0.0,No Holiday,3,Autumn,218
11/10/2018,6.6,69,0.9,2000,0.0,0.0,0.0,No Holiday,4,Autumn,145
11/10/2018,6.6,73,1.1,2000,0.0,0.0,0.0,No Holiday,5,Autumn,197
11/10/2018,6.6,65,1.6,2000,0.0,0.0,0.0,No Holiday,6,Autumn,518
11/10/2018,6.3,65,1.0,2000,0.01,0.0,0.0,No Holiday,7,Autumn,1233
11/10/2018,7.0,56,3.1,1971,0.44,0.0,0.0,No Holiday,8,Autumn,2000
11/10/2018,8.4,49,2.6,2000,1.17,0.0,0.0,No Holiday,9,Autumn,1070
11/10/2018,10.2,44,2.3,1986,1.8,0.0,0.0,No Holiday,10,Autumn,792
11/10/2018,11.7,36,4.3,2000,2.28,0.0,0.0,No Holiday,11,Autumn,926
11/10/2018,13.2,31,3.8,2000,2.58,0.0,0.0,No Holiday,12,Autumn,967
11/10/2018,13.5,32,5.0,1990,2.56,0.0,0.0,No Holiday,13,Autumn,1000
11/10/2018,13.4,32,4.9,2000,1.78,0.0,0.0,No Holiday,14,Autumn,991
11/10/2018,13.0,39,3.7,2000,1.09,0.0,0.0,No Holiday,15,Autumn,1054
11/10/2018,13.8,36,2.9,2000,0.98,0.0,0.0,No Holiday,16,Autumn,1284
11/10/2018,13.2,36,3.6,2000,0.55,0.0,0.0,No Holiday,17,Autumn,1685
11/10/2018,12.1,40,2.4,1854,0.18,0.0,0.0,No Holiday,18,Autumn,2378
11/10/2018,11.1,43,2.0,2000,0.0,0.0,0.0,No Holiday,19,Autumn,1614
11/10/2018,10.2,46,0.2,2000,0.0,0.0,0.0,No Holiday,20,Autumn,1389
11/10/2018,9.3,52,1.5,2000,0.0,0.0,0.0,No Holiday,21,Autumn,1398
11/10/2018,8.8,55,1.6,2000,0.0,0.0,0.0,No Holiday,22,Autumn,1221
11/10/2018,8.4,60,1.5,2000,0.0,0.0,0.0,No Holiday,23,Autumn,857
12/10/2018,8.2,61,1.3,2000,0.0,0.0,0.0,No Holiday,0,Autumn,706
12/10/2018,7.6,63,1.2,2000,0.0,0.0,0.0,No Holiday,1,Autumn,531
12/10/2018,7.1,61,0.6,2000,0.0,0.0,0.0,No Holiday,2,Autumn,409
12/10/2018,6.5,69,0.3,1981,0.0,0.0,0.0,No Holiday,3,Autumn,225
12/10/2018,6.2,71,1.1,2000,0.0,0.0,0.0,No Holiday,4,Autumn,168
12/10/2018,6.0,72,1.3,2000,0.0,0.0,0.0,No Holiday,5,Autumn,183
12/10/2018,5.8,67,1.1,2000,0.0,0.0,0.0,No Holiday,6,Autumn,412
12/10/2018,5.3,73,0.7,2000,0.01,0.0,0.0,No Holiday,7,Autumn,1142
12/10/2018,6.0,64,1.1,1920,0.42,0.0,0.0,No Holiday,8,Autumn,1996
12/10/2018,8.6,50,0.8,1785,1.13,0.0,0.0,No Holiday,9,Autumn,1106
12/10/2018,11.6,40,1.7,1991,1.77,0.0,0.0,No Holiday,10,Autumn,877
12/10/2018,13.0,38,2.7,2000,2.3,0.0,0.0,No Holiday,11,Autumn,959
12/10/2018,14.7,38,1.0,1884,2.55,0.0,0.0,No Holiday,12,Autumn,1073
12/10/2018,15.8,36,1.5,1888,2.59,0.0,0.0,No Holiday,13,Autumn,1110
12/10/2018,16.5,32,1.4,1841,2.43,0.0,0.0,No Holiday,14,Autumn,1187
12/10/2018,17.1,33,2.1,1929,2.04,0.0,0.0,No Holiday,15,Autumn,1322
12/10/2018,16.9,34,1.2,1942,1.47,0.0,0.0,No Holiday,16,Autumn,1488
12/10/2018,16.3,39,1.7,1969,0.8,0.0,0.0,No Holiday,17,Autumn,1902
12/10/2018,14.3,46,1.3,2000,0.16,0.0,0.0,No Holiday,18,Autumn,2618
12/10/2018,12.9,50,1.4,2000,0.0,0.0,0.0,No Holiday,19,Autumn,1804
12/10/2018,11.8,53,1.5,2000,0.0,0.0,0.0,No Holiday,20,Autumn,1440
12/10/2018,11.0,60,1.1,1995,0.0,0.0,0.0,No Holiday,21,Autumn,1292
12/10/2018,10.5,62,1.2,2000,0.0,0.0,0.0,No Holiday,22,Autumn,1347
12/10/2018,9.8,66,0.5,1979,0.0,0.0,0.0,No Holiday,23,Autumn,940
13/10/2018,9.1,69,0.9,1885,0.0,0.0,0.0,No Holiday,0,Autumn,835
13/10/2018,8.5,70,0.2,1856,0.0,0.0,0.0,No Holiday,1,Autumn,739
13/10/2018,8.0,74,0.5,1786,0.0,0.0,0.0,No Holiday,2,Autumn,512
13/10/2018,7.6,78,0.7,1614,0.0,0.0,0.0,No Holiday,3,Autumn,374
13/10/2018,7.1,79,1.2,1567,0.0,0.0,0.0,No Holiday,4,Autumn,226
13/10/2018,6.7,81,1.1,1467,0.0,0.0,0.0,No Holiday,5,Autumn,148
13/10/2018,6.6,80,1.0,1424,0.0,0.0,0.0,No Holiday,6,Autumn,209
13/10/2018,6.2,83,0.8,1100,0.01,0.0,0.0,No Holiday,7,Autumn,412
13/10/2018,7.4,70,0.5,1373,0.36,0.0,0.0,No Holiday,8,Autumn,728
13/10/2018,10.0,56,1.0,1761,1.03,0.0,0.0,No Holiday,9,Autumn,853
13/10/2018,12.6,50,1.4,1712,1.68,0.0,0.0,No Holiday,10,Autumn,1037
13/10/2018,15.2,44,1.2,1301,2.16,0.0,0.0,No Holiday,11,Autumn,1179
13/10/2018,16.6,36,0.7,1442,2.45,0.0,0.0,No Holiday,12,Autumn,1402
13/10/2018,18.3,33,1.9,1324,2.53,0.0,0.0,No Holiday,13,Autumn,1652
13/10/2018,19.3,27,1.3,1384,2.38,0.0,0.0,No Holiday,14,Autumn,1712
13/10/2018,19.8,29,2.0,1246,1.97,0.0,0.0,No Holiday,15,Autumn,1846
13/10/2018,19.4,29,1.2,1154,1.37,0.0,0.0,No Holiday,16,Autumn,1916
13/10/2018,18.7,33,1.1,1164,0.7,0.0,0.0,No Holiday,17,Autumn,1995
13/10/2018,16.5,38,1.6,1246,0.14,0.0,0.0,No Holiday,18,Autumn,1695
13/10/2018,14.8,47,1.3,1111,0.0,0.0,0.0,No Holiday,19,Autumn,1381
13/10/2018,13.8,52,1.6,1088,0.0,0.0,0.0,No Holiday,20,Autumn,1261
13/10/2018,12.6,56,1.1,1053,0.0,0.0,0.0,No Holiday,21,Autumn,1312
13/10/2018,11.7,60,0.5,1002,0.0,0.0,0.0,No Holiday,22,Autumn,1147
13/10/2018,11.0,62,0.3,946,0.0,0.0,0.0,No Holiday,23,Autumn,971
14/10/2018,10.4,59,0.0,971,0.0,0.0,0.0,No Holiday,0,Autumn,811
14/10/2018,9.5,65,0.9,990,0.0,0.0,0.0,No Holiday,1,Autumn,584
14/10/2018,9.1,68,0.3,921,0.0,0.0,0.0,No Holiday,2,Autumn,429
14/10/2018,8.4,73,0.4,820,0.0,0.0,0.0,No Holiday,3,Autumn,308
14/10/2018,7.9,76,1.3,771,0.0,0.0,0.0,No Holiday,4,Autumn,185
14/10/2018,7.6,79,0.3,765,0.0,0.0,0.0,No Holiday,5,Autumn,110
14/10/2018,7.2,80,0.7,729,0.0,0.0,0.0,No Holiday,6,Autumn,150
14/10/2018,6.9,81,0.8,665,0.01,0.0,0.0,No Holiday,7,Autumn,304
14/10/2018,7.5,72,1.1,697,0.34,0.0,0.0,No Holiday,8,Autumn,556
14/10/2018,10.1,60,0.8,726,1.02,0.0,0.0,No Holiday,9,Autumn,775
14/10/2018,13.3,47,0.5,818,1.67,0.0,0.0,No Holiday,10,Autumn,847
14/10/2018,16.2,41,1.0,878,2.11,0.0,0.0,No Holiday,11,Autumn,1056
14/10/2018,17.2,33,1.1,1258,2.28,0.0,0.0,No Holiday,12,Autumn,1394
14/10/2018,18.1,32,1.5,1684,2.21,0.0,0.0,No Holiday,13,Autumn,1593
14/10/2018,18.9,31,2.6,1936,2.37,0.0,0.0,No Holiday,14,Autumn,1767
14/10/2018,20.1,32,2.4,1893,2.0,0.0,0.0,No Holiday,15,Autumn,1948
14/10/2018,19.1,31,2.1,1960,1.27,0.0,0.0,No Holiday,16,Autumn,2097
14/10/2018,18.2,43,2.3,1925,0.68,0.0,0.0,No Holiday,17,Autumn,1990
14/10/2018,16.2,58,2.4,1991,0.12,0.0,0.0,No Holiday,18,Autumn,1662
14/10/2018,15.1,60,2.9,1979,0.0,0.0,0.0,No Holiday,19,Autumn,1377
14/10/2018,14.4,61,2.3,1945,0.0,0.0,0.0,No Holiday,20,Autumn,1306
14/10/2018,13.8,66,2.4,1897,0.0,0.0,0.0,No Holiday,21,Autumn,1261
14/10/2018,13.5,71,1.7,1711,0.0,0.0,0.0,No Holiday,22,Autumn,1029
14/10/2018,13.2,73,1.2,1639,0.0,0.0,0.0,No Holiday,23,Autumn,810
15/10/2018,12.6,78,1.3,1427,0.0,0.0,0.0,No Holiday,0,Autumn,638
15/10/2018,12.2,80,1.4,1283,0.0,0.0,0.0,No Holiday,1,Autumn,393
15/10/2018,11.8,82,0.7,1262,0.0,0.0,0.0,No Holiday,2,Autumn,272
15/10/2018,11.3,85,0.0,907,0.0,0.0,0.0,No Holiday,3,Autumn,171
15/10/2018,11.0,82,0.1,951,0.0,0.0,0.0,No Holiday,4,Autumn,152
15/10/2018,11.1,79,0.3,1140,0.0,0.0,0.0,No Holiday,5,Autumn,209
15/10/2018,11.2,81,0.2,1071,0.0,0.0,0.0,No Holiday,6,Autumn,504
15/10/2018,11.5,81,0.8,960,0.0,0.0,0.0,No Holiday,7,Autumn,1271
15/10/2018,12.0,77,0.4,891,0.12,0.0,0.0,No Holiday,8,Autumn,2070
15/10/2018,12.8,74,0.5,831,0.31,0.0,0.0,No Holiday,9,Autumn,1119
15/10/2018,14.1,66,0.6,827,0.58,0.0,0.0,No Holiday,10,Autumn,837
15/10/2018,16.7,65,1.5,675,1.42,0.0,0.0,No Holiday,11,Autumn,910
15/10/2018,19.0,60,1.8,513,2.11,0.0,0.0,No Holiday,12,Autumn,1052
15/10/2018,19.7,52,2.1,512,1.83,0.0,0.0,No Holiday,13,Autumn,1058
15/10/2018,20.0,48,2.1,586,1.72,0.0,0.0,No Holiday,14,Autumn,1121
15/10/2018,20.4,43,1.7,690,1.43,0.0,0.0,No Holiday,15,Autumn,1183
15/10/2018,20.3,44,2.2,793,1.09,0.0,0.0,No Holiday,16,Autumn,1413
15/10/2018,19.3,49,2.8,966,0.55,0.0,0.0,No Holiday,17,Autumn,1773
15/10/2018,18.0,66,2.3,554,0.1,0.0,0.0,No Holiday,18,Autumn,2635
15/10/2018,16.9,74,1.8,366,0.0,0.0,0.0,No Holiday,19,Autumn,1911
15/10/2018,15.9,81,2.8,250,0.0,0.0,0.0,No Holiday,20,Autumn,1659
15/10/2018,15.5,86,1.3,178,0.0,0.0,0.0,No Holiday,21,Autumn,1556
15/10/2018,14.8,83,1.5,227,0.0,0.0,0.0,No Holiday,22,Autumn,1377
15/10/2018,14.1,74,1.5,486,0.0,0.0,0.0,No Holiday,23,Autumn,914
16/10/2018,13.3,64,1.7,860,0.0,0.0,0.0,No Holiday,0,Autumn,726
16/10/2018,12.4,65,1.1,1099,0.0,0.0,0.0,No Holiday,1,Autumn,568
16/10/2018,11.7,70,1.0,1012,0.0,0.0,0.0,No Holiday,2,Autumn,427
16/10/2018,11.5,61,1.4,1399,0.0,0.0,0.0,No Holiday,3,Autumn,253
16/10/2018,11.0,69,0.6,1510,0.0,0.0,0.0,No Holiday,4,Autumn,145
16/10/2018,10.2,70,1.5,1519,0.0,0.0,0.0,No Holiday,5,Autumn,202
16/10/2018,10.1,71,0.2,1474,0.0,0.0,0.0,No Holiday,6,Autumn,491
16/10/2018,10.2,68,0.4,1493,0.0,0.0,0.0,No Holiday,7,Autumn,1216
16/10/2018,10.4,63,0.6,1367,0.19,0.0,0.0,No Holiday,8,Autumn,2134
16/10/2018,11.8,55,0.7,1182,0.55,0.0,0.0,No Holiday,9,Autumn,1177
16/10/2018,14.4,45,0.6,1206,1.28,0.0,0.0,No Holiday,10,Autumn,854
16/10/2018,16.5,39,0.7,1351,1.68,0.0,0.0,No Holiday,11,Autumn,914
16/10/2018,18.8,35,1.2,1057,2.06,0.0,0.0,No Holiday,12,Autumn,1063
16/10/2018,19.4,31,2.0,1862,2.02,0.0,0.0,No Holiday,13,Autumn,1108
16/10/2018,19.9,29,1.9,1833,2.09,0.0,0.0,No Holiday,14,Autumn,1113
16/10/2018,19.9,31,2.0,1613,1.57,0.0,0.0,No Holiday,15,Autumn,1203
16/10/2018,19.5,32,2.1,1436,1.1,0.0,0.0,No Holiday,16,Autumn,1407
16/10/2018,18.4,38,1.8,1565,0.5,0.0,0.0,No Holiday,17,Autumn,1811
16/10/2018,16.9,47,1.4,1637,0.11,0.0,0.0,No Holiday,18,Autumn,2716
16/10/2018,15.5,63,1.7,1774,0.0,0.0,0.0,No Holiday,19,Autumn,1867
16/10/2018,14.8,68,2.0,1502,0.0,0.0,0.0,No Holiday,20,Autumn,1568
16/10/2018,14.3,72,1.0,1374,0.0,0.0,0.0,No Holiday,21,Autumn,1618
16/10/2018,13.6,71,0.6,1457,0.0,0.0,0.0,No Holiday,22,Autumn,1425
16/10/2018,12.9,78,0.6,1201,0.0,0.0,0.0,No Holiday,23,Autumn,950
17/10/2018,12.3,75,1.2,1332,0.0,0.0,0.0,No Holiday,0,Autumn,739
17/10/2018,11.5,74,1.2,1305,0.0,0.0,0.0,No Holiday,1,Autumn,600
17/10/2018,10.8,77,0.3,1268,0.0,0.0,0.0,No Holiday,2,Autumn,381
17/10/2018,10.2,80,0.3,1191,0.0,0.0,0.0,No Holiday,3,Autumn,239
17/10/2018,9.7,76,0.0,1308,0.0,0.0,0.0,No Holiday,4,Autumn,157
17/10/2018,9.2,77,0.0,1278,0.0,0.0,0.0,No Holiday,5,Autumn,210
17/10/2018,8.8,77,0.2,1077,0.0,0.0,0.0,No Holiday,6,Autumn,503
17/10/2018,8.6,77,0.7,965,0.0,0.0,0.0,No Holiday,7,Autumn,1213
17/10/2018,9.2,68,0.2,952,0.28,0.0,0.0,No Holiday,8,Autumn,2202
17/10/2018,11.2,63,1.1,656,0.88,0.0,0.0,No Holiday,9,Autumn,1200
17/10/2018,14.0,58,1.6,841,1.53,0.0,0.0,No Holiday,10,Autumn,842
17/10/2018,15.5,25,2.5,1727,2.1,0.0,0.0,No Holiday,11,Autumn,961
17/10/2018,16.2,29,2.5,1935,2.45,0.0,0.0,No Holiday,12,Autumn,1088
17/10/2018,17.7,25,2.1,1917,2.48,0.0,0.0,No Holiday,13,Autumn,1115
17/10/2018,18.3,24,1.7,1983,2.4,0.0,0.0,No Holiday,14,Autumn,1083
17/10/2018,18.3,21,2.7,2000,2.02,0.0,0.0,No Holiday,15,Autumn,1175
17/10/2018,18.0,26,2.1,2000,1.45,0.0,0.0,No Holiday,16,Autumn,1409
17/10/2018,16.9,34,2.5,2000,0.74,0.0,0.0,No Holiday,17,Autumn,1896
17/10/2018,14.6,39,2.3,2000,0.11,0.0,0.0,No Holiday,18,Autumn,2445
17/10/2018,13.2,42,1.3,2000,0.0,0.0,0.0,No Holiday,19,Autumn,1819
17/10/2018,12.2,47,1.1,2000,0.0,0.0,0.0,No Holiday,20,Autumn,1558
17/10/2018,10.8,53,0.9,2000,0.0,0.0,0.0,No Holiday,21,Autumn,1493
17/10/2018,9.9,50,0.1,2000,0.0,0.0,0.0,No Holiday,22,Autumn,1278
17/10/2018,9.7,56,0.7,2000,0.0,0.0,0.0,No Holiday,23,Autumn,896
18/10/2018,9.2,64,0.7,2000,0.0,0.0,0.0,No Holiday,0,Autumn,694
18/10/2018,9.0,66,0.7,2000,0.0,0.0,0.0,No Holiday,1,Autumn,579
18/10/2018,8.7,71,0.8,2000,0.0,0.0,0.0,No Holiday,2,Autumn,385
18/10/2018,8.6,74,0.6,1985,0.0,0.0,0.0,No Holiday,3,Autumn,244
18/10/2018,8.1,78,0.6,2000,0.0,0.0,0.0,No Holiday,4,Autumn,165
18/10/2018,7.8,81,1.1,2000,0.0,0.0,0.0,No Holiday,5,Autumn,185
18/10/2018,7.6,82,0.3,1933,0.0,0.0,0.0,No Holiday,6,Autumn,458
18/10/2018,7.7,81,0.4,1992,0.0,0.0,0.0,No Holiday,7,Autumn,1191
18/10/2018,8.5,77,0.5,1995,0.21,0.0,0.0,No Holiday,8,Autumn,2154
18/10/2018,10.9,60,0.9,1997,0.93,0.0,0.0,No Holiday,9,Autumn,1165
18/10/2018,13.7,57,1.2,2000,1.33,0.0,0.0,No Holiday,10,Autumn,864
18/10/2018,15.0,52,1.4,2000,1.5,0.0,0.0,No Holiday,11,Autumn,917
18/10/2018,16.8,50,1.6,2000,1.94,0.0,0.0,No Holiday,12,Autumn,1132
18/10/2018,18.1,43,2.2,2000,2.3,0.0,0.0,No Holiday,13,Autumn,1152
18/10/2018,18.7,39,1.3,2000,1.66,0.0,0.0,No Holiday,14,Autumn,1122
18/10/2018,19.0,38,1.9,2000,1.72,0.0,0.0,No Holiday,15,Autumn,1203
18/10/2018,18.5,40,1.8,2000,1.28,0.0,0.0,No Holiday,16,Autumn,1473
18/10/2018,16.9,44,1.6,2000,0.44,0.0,0.0,No Holiday,17,Autumn,1804
18/10/2018,15.7,45,2.5,2000,0.06,0.0,0.0,No Holiday,18,Autumn,2499
18/10/2018,14.9,49,2.1,2000,0.0,0.0,0.0,No Holiday,19,Autumn,1878
18/10/2018,13.8,56,1.9,2000,0.0,0.0,0.0,No Holiday,20,Autumn,1528
18/10/2018,12.6,60,0.5,2000,0.0,0.0,0.0,No Holiday,21,Autumn,1466
18/10/2018,11.6,61,0.2,2000,0.0,0.0,0.0,No Holiday,22,Autumn,1302
18/10/2018,10.9,64,0.2,2000,0.0,0.0,0.0,No Holiday,23,Autumn,944
19/10/2018,10.3,67,1.5,2000,0.0,0.0,0.0,No Holiday,0,Autumn,783
19/10/2018,9.8,68,1.7,2000,0.0,0.0,0.0,No Holiday,1,Autumn,653
19/10/2018,9.2,72,1.5,2000,0.0,0.0,0.0,No Holiday,2,Autumn,433
19/10/2018,8.5,74,1.3,2000,0.0,0.0,0.0,No Holiday,3,Autumn,262
19/10/2018,8.1,76,0.3,2000,0.0,0.0,0.0,No Holiday,4,Autumn,184
19/10/2018,7.7,73,0.0,2000,0.0,0.0,0.0,No Holiday,5,Autumn,162
19/10/2018,7.2,77,0.5,2000,0.0,0.0,0.0,No Holiday,6,Autumn,491
19/10/2018,7.3,72,0.4,2000,0.0,0.0,0.0,No Holiday,7,Autumn,1188
19/10/2018,7.9,63,0.6,2000,0.3,0.0,0.0,No Holiday,8,Autumn,2113
19/10/2018,11.1,53,1.0,2000,1.05,0.0,0.0,No Holiday,9,Autumn,1191
19/10/2018,13.8,44,1.5,1953,1.66,0.0,0.0,No Holiday,10,Autumn,850
19/10/2018,16.4,35,1.1,2000,2.13,0.0,0.0,No Holiday,11,Autumn,981
19/10/2018,17.4,33,1.1,2000,2.39,0.0,0.0,No Holiday,12,Autumn,1161
19/10/2018,18.9,33,1.8,2000,2.43,0.0,0.0,No Holiday,13,Autumn,1190
19/10/2018,19.8,32,2.3,1978,2.25,0.0,0.0,No Holiday,14,Autumn,1221
19/10/2018,19.7,30,3.0,1971,1.89,0.0,0.0,No Holiday,15,Autumn,1390
19/10/2018,19.3,29,2.8,2000,1.34,0.0,0.0,No Holiday,16,Autumn,1527
19/10/2018,18.5,35,2.2,2000,0.68,0.0,0.0,No Holiday,17,Autumn,1939
19/10/2018,16.6,40,2.4,2000,0.11,0.0,0.0,No Holiday,18,Autumn,2631
19/10/2018,15.3,53,2.4,2000,0.0,0.0,0.0,No Holiday,19,Autumn,1769
19/10/2018,14.2,56,1.8,2000,0.0,0.0,0.0,No Holiday,20,Autumn,1512
19/10/2018,13.3,56,1.1,2000,0.0,0.0,0.0,No Holiday,21,Autumn,1457
19/10/2018,12.3,65,1.7,2000,0.0,0.0,0.0,No Holiday,22,Autumn,1331
19/10/2018,11.7,70,1.7,2000,0.0,0.0,0.0,No Holiday,23,Autumn,1018
20/10/2018,11.3,71,1.2,1997,0.0,0.0,0.0,No Holiday,0,Autumn,891
20/10/2018,10.9,72,0.0,1966,0.0,0.0,0.0,No Holiday,1,Autumn,774
20/10/2018,10.1,78,0.1,1887,0.0,0.0,0.0,No Holiday,2,Autumn,522
20/10/2018,9.5,77,0.4,1611,0.0,0.0,0.0,No Holiday,3,Autumn,386
20/10/2018,8.9,75,0.4,1877,0.0,0.0,0.0,No Holiday,4,Autumn,246
20/10/2018,8.1,76,0.6,1309,0.0,0.0,0.0,No Holiday,5,Autumn,154
20/10/2018,7.5,79,0.6,1025,0.0,0.0,0.0,No Holiday,6,Autumn,219
20/10/2018,7.0,82,0.5,867,0.0,0.0,0.0,No Holiday,7,Autumn,427
20/10/2018,7.8,70,1.4,1034,0.29,0.0,0.0,No Holiday,8,Autumn,784
20/10/2018,10.4,60,1.3,1326,0.99,0.0,0.0,No Holiday,9,Autumn,921
20/10/2018,13.0,49,0.5,1685,1.61,0.0,0.0,No Holiday,10,Autumn,997
20/10/2018,16.2,39,1.6,1580,2.05,0.0,0.0,No Holiday,11,Autumn,1175
20/10/2018,17.7,33,2.2,1556,2.37,0.0,0.0,No Holiday,12,Autumn,1407
20/10/2018,19.4,26,1.1,1942,2.45,0.0,0.0,No Holiday,13,Autumn,1585
20/10/2018,20.0,22,1.6,1950,2.29,0.0,0.0,No Holiday,14,Autumn,1649
20/10/2018,21.3,24,1.5,1832,1.91,0.0,0.0,No Holiday,15,Autumn,1760
20/10/2018,20.9,20,2.0,1976,1.35,0.0,0.0,No Holiday,16,Autumn,1813
20/10/2018,19.2,23,1.5,2000,0.62,0.0,0.0,No Holiday,17,Autumn,1949
20/10/2018,16.6,41,2.4,1811,0.04,0.0,0.0,No Holiday,18,Autumn,1707
20/10/2018,14.6,48,1.9,1998,0.0,0.0,0.0,No Holiday,19,Autumn,1407
20/10/2018,13.7,51,1.0,1954,0.0,0.0,0.0,No Holiday,20,Autumn,1270
20/10/2018,13.3,55,2.0,1554,0.0,0.0,0.0,No Holiday,21,Autumn,1249
20/10/2018,12.7,58,0.0,1480,0.0,0.0,0.0,No Holiday,22,Autumn,1141
20/10/2018,11.7,58,0.0,1567,0.0,0.0,0.0,No Holiday,23,Autumn,922
21/10/2018,11.2,62,0.0,1613,0.0,0.0,0.0,No Holiday,0,Autumn,848
21/10/2018,10.6,60,0.5,1642,0.0,0.0,0.0,No Holiday,1,Autumn,622
21/10/2018,9.8,63,0.6,1591,0.0,0.0,0.0,No Holiday,2,Autumn,428
21/10/2018,9.2,68,0.4,1538,0.0,0.0,0.0,No Holiday,3,Autumn,342
21/10/2018,8.8,71,0.9,1516,0.0,0.0,0.0,No Holiday,4,Autumn,206
21/10/2018,8.2,73,1.3,1305,0.0,0.0,0.0,No Holiday,5,Autumn,146
21/10/2018,7.6,75,0.6,1181,0.0,0.0,0.0,No Holiday,6,Autumn,172
21/10/2018,7.2,76,0.5,1113,0.0,0.0,0.0,No Holiday,7,Autumn,315
21/10/2018,7.9,67,1.1,1210,0.28,0.0,0.0,No Holiday,8,Autumn,534
21/10/2018,10.5,56,1.2,1741,0.98,0.0,0.0,No Holiday,9,Autumn,679
21/10/2018,13.4,46,0.8,1718,1.61,0.0,0.0,No Holiday,10,Autumn,936
21/10/2018,16.8,38,1.5,1326,2.07,0.0,0.0,No Holiday,11,Autumn,1055
21/10/2018,18.4,28,1.9,1690,2.33,0.0,0.0,No Holiday,12,Autumn,1417
21/10/2018,19.3,24,1.5,1745,2.4,0.0,0.0,No Holiday,13,Autumn,1519
21/10/2018,20.1,23,2.3,1896,2.23,0.0,0.0,No Holiday,14,Autumn,1642
21/10/2018,20.9,23,1.5,1892,1.87,0.0,0.0,No Holiday,15,Autumn,1891
21/10/2018,20.2,24,2.5,1881,1.31,0.0,0.0,No Holiday,16,Autumn,1976
21/10/2018,18.8,24,2.1,2000,0.63,0.0,0.0,No Holiday,17,Autumn,1883
21/10/2018,16.2,41,1.4,1907,0.06,0.0,0.0,No Holiday,18,Autumn,1618
21/10/2018,14.9,46,1.4,1455,0.0,0.0,0.0,No Holiday,19,Autumn,1464
21/10/2018,13.8,52,1.6,1341,0.0,0.0,0.0,No Holiday,20,Autumn,1306
21/10/2018,13.0,49,1.0,1702,0.0,0.0,0.0,No Holiday,21,Autumn,1158
21/10/2018,12.2,57,0.0,1544,0.0,0.0,0.0,No Holiday,22,Autumn,1025
21/10/2018,11.8,56,0.0,1655,0.0,0.0,0.0,No Holiday,23,Autumn,724
22/10/2018,11.4,56,0.2,1778,0.0,0.0,0.0,No Holiday,0,Autumn,623
22/10/2018,10.7,57,0.9,1828,0.0,0.0,0.0,No Holiday,1,Autumn,372
22/10/2018,10.5,57,0.2,1837,0.0,0.0,0.0,No Holiday,2,Autumn,253
22/10/2018,10.2,60,1.0,1796,0.0,0.0,0.0,No Holiday,3,Autumn,175
22/10/2018,10.0,62,0.6,1759,0.0,0.0,0.0,No Holiday,4,Autumn,110
22/10/2018,9.4,65,0.8,1659,0.0,0.0,0.0,No Holiday,5,Autumn,202
22/10/2018,9.2,65,0.8,1689,0.0,0.0,0.0,No Holiday,6,Autumn,513
22/10/2018,8.9,67,0.8,1557,0.0,0.0,0.0,No Holiday,7,Autumn,1244
22/10/2018,9.7,58,0.6,1559,0.22,0.0,0.0,No Holiday,8,Autumn,2111
22/10/2018,11.9,50,1.1,1529,0.75,0.0,0.0,No Holiday,9,Autumn,1104
22/10/2018,14.6,43,0.7,1339,1.35,0.0,0.0,No Holiday,10,Autumn,817
22/10/2018,16.7,37,0.7,1074,1.74,0.0,0.0,No Holiday,11,Autumn,941
22/10/2018,18.2,34,1.0,758,2.03,0.0,0.0,No Holiday,12,Autumn,1034
22/10/2018,19.4,35,1.2,678,1.73,0.0,0.0,No Holiday,13,Autumn,1064
22/10/2018,20.6,30,2.2,839,1.69,0.0,0.0,No Holiday,14,Autumn,1122
22/10/2018,20.2,31,1.6,855,1.25,0.0,0.0,No Holiday,15,Autumn,1167
22/10/2018,19.7,34,1.6,688,0.88,0.0,0.0,No Holiday,16,Autumn,1464
22/10/2018,18.9,35,1.7,720,0.41,0.0,0.0,No Holiday,17,Autumn,1904
22/10/2018,17.3,43,0.9,783,0.08,0.0,0.0,No Holiday,18,Autumn,2613
22/10/2018,15.6,44,1.5,828,0.0,0.0,0.0,No Holiday,19,Autumn,1860
22/10/2018,14.5,51,1.4,751,0.0,0.0,0.0,No Holiday,20,Autumn,1593
22/10/2018,13.4,56,0.7,758,0.0,0.0,0.0,No Holiday,21,Autumn,1513
22/10/2018,12.7,60,0.0,680,0.0,0.0,0.0,No Holiday,22,Autumn,1360
22/10/2018,12.0,59,0.4,685,0.0,0.0,0.0,No Holiday,23,Autumn,916
23/10/2018,11.6,61,0.7,673,0.0,0.0,0.0,No Holiday,0,Autumn,726
23/10/2018,11.1,62,0.2,666,0.0,0.0,0.0,No Holiday,1,Autumn,547
23/10/2018,10.6,68,0.9,603,0.0,0.0,0.0,No Holiday,2,Autumn,356
23/10/2018,10.1,70,1.1,606,0.0,0.0,0.0,No Holiday,3,Autumn,243
23/10/2018,10.0,73,0.9,622,0.0,0.0,0.0,No Holiday,4,Autumn,170
23/10/2018,10.0,73,0.5,593,0.0,0.0,0.0,No Holiday,5,Autumn,193
23/10/2018,9.9,75,1.0,560,0.0,0.0,0.0,No Holiday,6,Autumn,456
23/10/2018,10.4,71,0.6,557,0.0,0.0,0.0,No Holiday,7,Autumn,839
23/10/2018,11.0,78,0.8,412,0.03,0.0,0.0,No Holiday,8,Autumn,1423
23/10/2018,11.7,77,0.8,394,0.25,0.0,0.0,No Holiday,9,Autumn,1026
23/10/2018,13.8,65,1.1,475,1.06,0.0,0.0,No Holiday,10,Autumn,735
23/10/2018,13.0,70,5.0,989,0.5,0.0,0.0,No Holiday,11,Autumn,81
23/10/2018,11.5,90,1.2,973,0.06,5.0,0.0,No Holiday,12,Autumn,363
23/10/2018,13.5,82,0.8,962,1.33,0.0,0.0,No Holiday,13,Autumn,652
23/10/2018,15.1,71,0.9,973,1.62,0.0,0.0,No Holiday,14,Autumn,837
23/10/2018,16.6,68,1.5,955,1.55,0.0,0.0,No Holiday,15,Autumn,1010
23/10/2018,16.1,70,1.3,898,0.83,0.0,0.0,No Holiday,16,Autumn,1294
23/10/2018,15.7,63,3.2,1118,0.39,0.0,0.0,No Holiday,17,Autumn,1604
23/10/2018,14.5,71,2.1,1235,0.06,0.0,0.0,No Holiday,18,Autumn,2415
23/10/2018,14.0,70,1.6,1265,0.0,0.0,0.0,No Holiday,19,Autumn,1685
23/10/2018,13.6,70,1.4,1392,0.0,0.0,0.0,No Holiday,20,Autumn,1433
23/10/2018,12.6,70,1.2,1425,0.0,0.0,0.0,No Holiday,21,Autumn,1380
23/10/2018,12.3,73,0.9,1392,0.0,0.0,0.0,No Holiday,22,Autumn,1257
23/10/2018,11.2,78,0.5,802,0.0,0.0,0.0,No Holiday,23,Autumn,876
24/10/2018,10.8,80,1.0,1151,0.0,0.0,0.0,No Holiday,0,Autumn,708
24/10/2018,10.2,84,1.2,1036,0.0,0.0,0.0,No Holiday,1,Autumn,573
24/10/2018,9.5,87,1.0,919,0.0,0.0,0.0,No Holiday,2,Autumn,371
24/10/2018,9.4,85,1.6,983,0.0,0.0,0.0,No Holiday,3,Autumn,249
24/10/2018,9.0,87,0.6,972,0.0,0.0,0.0,No Holiday,4,Autumn,162
24/10/2018,8.5,87,1.2,1046,0.0,0.0,0.0,No Holiday,5,Autumn,164
24/10/2018,8.1,88,0.9,831,0.0,0.0,0.0,No Holiday,6,Autumn,453
24/10/2018,7.8,90,0.6,763,0.0,0.0,0.0,No Holiday,7,Autumn,1165
24/10/2018,8.1,85,1.2,772,0.26,0.0,0.0,No Holiday,8,Autumn,2108
24/10/2018,10.1,72,1.1,728,0.9,0.0,0.0,No Holiday,9,Autumn,1151
24/10/2018,13.0,63,0.9,854,1.5,0.0,0.0,No Holiday,10,Autumn,811
24/10/2018,15.7,53,1.0,1172,1.99,0.0,0.0,No Holiday,11,Autumn,940
24/10/2018,16.8,48,1.6,1673,2.1,0.0,0.0,No Holiday,12,Autumn,1126
24/10/2018,17.2,43,2.3,1835,1.68,0.0,0.0,No Holiday,13,Autumn,1106
24/10/2018,17.6,39,2.5,1964,1.63,0.0,0.0,No Holiday,14,Autumn,1150
24/10/2018,18.0,40,3.0,1808,1.71,0.0,0.0,No Holiday,15,Autumn,1161
24/10/2018,18.2,42,1.3,1976,1.22,0.0,0.0,No Holiday,16,Autumn,1492
24/10/2018,17.0,47,2.2,1989,0.59,0.0,0.0,No Holiday,17,Autumn,1904
24/10/2018,15.1,53,1.7,2000,0.06,0.0,0.0,No Holiday,18,Autumn,2612
24/10/2018,13.9,61,1.9,2000,0.0,0.0,0.0,No Holiday,19,Autumn,1827
24/10/2018,13.1,63,0.4,2000,0.0,0.0,0.0,No Holiday,20,Autumn,1556
24/10/2018,12.1,67,1.0,1977,0.0,0.0,0.0,No Holiday,21,Autumn,1464
24/10/2018,11.6,71,0.2,1858,0.0,0.0,0.0,No Holiday,22,Autumn,1281
24/10/2018,11.0,74,0.1,1817,0.0,0.0,0.0,No Holiday,23,Autumn,884
25/10/2018,10.5,75,0.3,1800,0.0,0.0,0.0,No Holiday,0,Autumn,729
25/10/2018,10.0,78,0.4,1669,0.0,0.0,0.0,No Holiday,1,Autumn,572
25/10/2018,9.1,79,0.5,1625,0.0,0.0,0.0,No Holiday,2,Autumn,421
25/10/2018,9.1,79,0.2,1689,0.0,0.0,0.0,No Holiday,3,Autumn,266
25/10/2018,8.5,83,1.2,1577,0.0,0.0,0.0,No Holiday,4,Autumn,161
25/10/2018,7.8,85,0.9,1542,0.0,0.0,0.0,No Holiday,5,Autumn,193
25/10/2018,7.5,86,1.3,1301,0.0,0.0,0.0,No Holiday,6,Autumn,450
25/10/2018,7.3,85,1.4,1039,0.0,0.0,0.0,No Holiday,7,Autumn,1251
25/10/2018,7.9,76,1.2,1290,0.25,0.0,0.0,No Holiday,8,Autumn,2070
25/10/2018,10.3,64,1.0,1544,0.91,0.0,0.0,No Holiday,9,Autumn,1168
25/10/2018,13.4,53,1.1,1768,1.53,0.0,0.0,No Holiday,10,Autumn,779
25/10/2018,16.4,43,0.7,1713,1.96,0.0,0.0,No Holiday,11,Autumn,956
25/10/2018,18.2,37,1.4,1861,2.25,0.0,0.0,No Holiday,12,Autumn,1188
25/10/2018,19.4,32,1.1,1787,2.31,0.0,0.0,No Holiday,13,Autumn,1154
25/10/2018,20.6,31,1.4,1562,1.7,0.0,0.0,No Holiday,14,Autumn,1192
25/10/2018,20.6,32,1.4,1651,1.4,0.0,0.0,No Holiday,15,Autumn,1275
25/10/2018,20.4,32,0.9,1720,0.84,0.0,0.0,No Holiday,16,Autumn,1528
25/10/2018,19.2,36,0.7,1643,0.38,0.0,0.0,No Holiday,17,Autumn,1961
25/10/2018,17.3,39,1.3,1641,0.03,0.0,0.0,No Holiday,18,Autumn,2632
25/10/2018,16.4,47,1.0,1694,0.0,0.0,0.0,No Holiday,19,Autumn,1968
25/10/2018,15.3,50,0.5,1647,0.0,0.0,0.0,No Holiday,20,Autumn,1596
25/10/2018,14.5,50,0.7,1741,0.0,0.0,0.0,No Holiday,21,Autumn,1513
25/10/2018,13.6,56,1.0,1611,0.0,0.0,0.0,No Holiday,22,Autumn,1316
25/10/2018,12.5,59,0.8,1602,0.0,0.0,0.0,No Holiday,23,Autumn,919
26/10/2018,12.5,57,0.9,1877,0.0,0.0,0.0,No Holiday,0,Autumn,753
26/10/2018,12.7,56,1.2,1952,0.0,0.0,0.0,No Holiday,1,Autumn,629
26/10/2018,12.8,59,0.9,1804,0.0,0.0,0.0,No Holiday,2,Autumn,434
26/10/2018,12.8,57,0.5,1715,0.0,0.0,0.0,No Holiday,3,Autumn,327
26/10/2018,12.6,60,0.6,1648,0.0,0.0,0.0,No Holiday,4,Autumn,185
26/10/2018,12.4,60,0.8,1563,0.0,0.0,0.0,No Holiday,5,Autumn,178
26/10/2018,12.6,64,1.3,1348,0.0,0.0,0.0,No Holiday,6,Autumn,376
26/10/2018,12.6,63,0.8,1265,0.0,0.0,0.0,No Holiday,7,Autumn,556
26/10/2018,12.1,81,0.8,706,0.0,0.5,0.0,No Holiday,8,Autumn,556
26/10/2018,12.0,86,0.8,405,0.07,0.5,0.0,No Holiday,9,Autumn,144
26/10/2018,12.9,84,1.0,534,0.27,0.0,0.0,No Holiday,10,Autumn,191
26/10/2018,12.4,87,1.0,317,0.24,1.0,0.0,No Holiday,11,Autumn,54
26/10/2018,12.4,90,1.1,297,0.19,1.0,0.0,No Holiday,12,Autumn,29
26/10/2018,12.6,87,2.3,539,0.13,1.5,0.0,No Holiday,13,Autumn,18
26/10/2018,12.7,95,1.9,255,0.09,5.5,0.0,No Holiday,14,Autumn,147
26/10/2018,14.0,87,1.2,1482,0.68,1.0,0.0,No Holiday,15,Autumn,576
26/10/2018,14.5,81,1.8,1588,0.78,0.0,0.0,No Holiday,16,Autumn,900
26/10/2018,14.3,77,2.9,1966,0.5,0.0,0.0,No Holiday,17,Autumn,1386
26/10/2018,13.1,74,1.6,1989,0.05,0.0,0.0,No Holiday,18,Autumn,1882
26/10/2018,12.9,66,2.5,1997,0.0,0.0,0.0,No Holiday,19,Autumn,1228
26/10/2018,12.2,67,5.4,1956,0.0,0.0,0.0,No Holiday,20,Autumn,1003
26/10/2018,10.6,70,2.4,2000,0.0,0.0,0.0,No Holiday,21,Autumn,542
26/10/2018,10.5,72,2.4,2000,0.0,0.0,0.0,No Holiday,22,Autumn,680
26/10/2018,10.2,64,3.9,2000,0.0,0.0,0.0,No Holiday,23,Autumn,603
27/10/2018,9.9,65,3.2,2000,0.0,0.0,0.0,No Holiday,0,Autumn,640
27/10/2018,9.9,62,3.5,2000,0.0,0.0,0.0,No Holiday,1,Autumn,585
27/10/2018,9.5,58,3.0,2000,0.0,0.0,0.0,No Holiday,2,Autumn,478
27/10/2018,9.1,60,2.8,2000,0.0,0.0,0.0,No Holiday,3,Autumn,346
27/10/2018,8.8,61,2.8,2000,0.0,0.0,0.0,No Holiday,4,Autumn,233
27/10/2018,8.0,65,1.6,2000,0.0,0.0,0.0,No Holiday,5,Autumn,146
27/10/2018,7.4,66,2.3,2000,0.0,0.0,0.0,No Holiday,6,Autumn,197
27/10/2018,7.3,65,3.2,2000,0.0,0.0,0.0,No Holiday,7,Autumn,388
27/10/2018,7.7,62,2.4,1985,0.23,0.0,0.0,No Holiday,8,Autumn,713
27/10/2018,8.3,55,4.0,1853,0.89,0.0,0.0,No Holiday,9,Autumn,785
27/10/2018,9.5,46,3.7,1871,1.49,0.0,0.0,No Holiday,10,Autumn,898
27/10/2018,10.4,42,4.1,1988,2.01,0.0,0.0,No Holiday,11,Autumn,996
27/10/2018,10.4,41,4.9,1966,1.33,0.0,0.0,No Holiday,12,Autumn,1076
27/10/2018,10.6,38,4.6,2000,1.63,0.0,0.0,No Holiday,13,Autumn,1118
27/10/2018,10.8,37,4.4,2000,1.29,0.0,0.0,No Holiday,14,Autumn,1183
27/10/2018,11.4,32,3.8,2000,1.21,0.0,0.0,No Holiday,15,Autumn,1254
27/10/2018,10.6,35,3.3,2000,1.02,0.0,0.0,No Holiday,16,Autumn,1308
27/10/2018,9.5,34,5.7,2000,0.45,0.0,0.0,No Holiday,17,Autumn,1176
27/10/2018,8.9,39,3.5,2000,0.05,0.0,0.0,No Holiday,18,Autumn,1054
27/10/2018,8.0,42,2.9,2000,0.0,0.0,0.0,No Holiday,19,Autumn,864
27/10/2018,7.6,44,4.2,2000,0.0,0.0,0.0,No Holiday,20,Autumn,775
27/10/2018,7.3,49,3.4,2000,0.0,0.0,0.0,No Holiday,21,Autumn,775
27/10/2018,6.6,51,1.8,2000,0.0,0.0,0.0,No Holiday,22,Autumn,752
27/10/2018,6.3,52,1.8,2000,0.0,0.0,0.0,No Holiday,23,Autumn,658
28/10/2018,6.7,55,1.5,2000,0.0,0.0,0.0,No Holiday,0,Autumn,699
28/10/2018,6.9,55,1.8,2000,0.0,0.0,0.0,No Holiday,1,Autumn,531
28/10/2018,6.6,59,0.4,2000,0.0,0.0,0.0,No Holiday,2,Autumn,450
28/10/2018,6.2,59,0.6,2000,0.0,0.0,0.0,No Holiday,3,Autumn,299
28/10/2018,6.8,65,1.1,2000,0.0,0.0,0.0,No Holiday,4,Autumn,148
28/10/2018,7.2,68,2.5,1740,0.0,0.0,0.0,No Holiday,5,Autumn,27
28/10/2018,6.9,86,1.7,1988,0.0,1.5,0.0,No Holiday,6,Autumn,55
28/10/2018,6.9,88,0.9,1991,0.0,0.0,0.0,No Holiday,7,Autumn,134
28/10/2018,6.8,89,1.4,1856,0.05,0.0,0.0,No Holiday,8,Autumn,74
28/10/2018,7.3,90,1.1,1889,0.12,2.5,0.0,No Holiday,9,Autumn,195
28/10/2018,8.2,89,0.4,1365,0.39,0.0,0.0,No Holiday,10,Autumn,330
28/10/2018,9.4,86,1.2,1220,0.75,0.0,0.0,No Holiday,11,Autumn,544
28/10/2018,11.9,74,1.6,1801,1.84,0.0,0.0,No Holiday,12,Autumn,630
28/10/2018,12.1,75,1.2,1775,0.99,0.0,0.0,No Holiday,13,Autumn,916
28/10/2018,12.4,72,1.9,1860,1.06,0.0,0.0,No Holiday,14,Autumn,962
28/10/2018,12.2,67,3.3,2000,0.86,0.0,0.0,No Holiday,15,Autumn,948
28/10/2018,12.2,65,1.9,2000,0.52,0.0,0.0,No Holiday,16,Autumn,385
28/10/2018,9.4,85,1.2,2000,0.07,1.5,0.0,No Holiday,17,Autumn,535
28/10/2018,8.9,85,1.8,2000,0.01,0.0,0.0,No Holiday,18,Autumn,651
28/10/2018,8.4,85,1.2,2000,0.0,0.0,0.0,No Holiday,19,Autumn,645
28/10/2018,8.2,82,2.8,2000,0.0,0.0,0.0,No Holiday,20,Autumn,624
28/10/2018,7.6,75,1.1,2000,0.0,0.0,0.0,No Holiday,21,Autumn,670
28/10/2018,6.7,76,0.6,2000,0.0,0.0,0.0,No Holiday,22,Autumn,625
28/10/2018,6.0,74,1.1,2000,0.0,0.0,0.0,No Holiday,23,Autumn,512
29/10/2018,5.3,81,1.7,1993,0.0,0.0,0.0,No Holiday,0,Autumn,434
29/10/2018,5.1,83,1.1,1989,0.0,0.0,0.0,No Holiday,1,Autumn,326
29/10/2018,4.7,81,1.0,1918,0.0,0.0,0.0,No Holiday,2,Autumn,184
29/10/2018,5.0,67,0.8,2000,0.0,0.0,0.0,No Holiday,3,Autumn,123
29/10/2018,5.6,66,0.7,2000,0.0,0.0,0.0,No Holiday,4,Autumn,117
29/10/2018,5.1,76,0.7,2000,0.0,0.0,0.0,No Holiday,5,Autumn,161
29/10/2018,4.7,76,0.6,2000,0.0,0.0,0.0,No Holiday,6,Autumn,436
29/10/2018,4.6,76,0.7,2000,0.0,0.0,0.0,No Holiday,7,Autumn,1070
29/10/2018,5.1,67,0.3,1981,0.24,0.0,0.0,No Holiday,8,Autumn,1888
29/10/2018,7.5,53,1.6,1981,1.01,0.0,0.0,No Holiday,9,Autumn,1021
29/10/2018,9.6,43,1.8,1930,1.49,0.0,0.0,No Holiday,10,Autumn,771
29/10/2018,11.0,46,2.6,1946,1.97,0.0,0.0,No Holiday,11,Autumn,796
29/10/2018,10.8,49,2.7,2000,1.45,0.0,0.0,No Holiday,12,Autumn,737
29/10/2018,10.4,49,2.7,2000,0.54,0.0,0.0,No Holiday,13,Autumn,815
29/10/2018,11.3,39,3.7,2000,1.18,0.0,0.0,No Holiday,14,Autumn,838
29/10/2018,11.0,46,3.4,2000,0.57,0.0,0.0,No Holiday,15,Autumn,884
29/10/2018,11.3,41,3.6,2000,0.94,0.0,0.0,No Holiday,16,Autumn,1069
29/10/2018,10.0,43,4.9,2000,0.43,0.0,0.0,No Holiday,17,Autumn,1274
29/10/2018,9.4,51,3.4,2000,0.02,0.0,0.0,No Holiday,18,Autumn,1987
29/10/2018,8.1,53,3.7,2000,0.0,0.0,0.0,No Holiday,19,Autumn,1377
29/10/2018,6.8,59,3.2,2000,0.0,0.0,0.0,No Holiday,20,Autumn,1026
29/10/2018,5.7,61,2.3,2000,0.0,0.0,0.0,No Holiday,21,Autumn,979
29/10/2018,5.1,58,2.2,2000,0.0,0.0,0.0,No Holiday,22,Autumn,906
29/10/2018,4.3,58,1.4,2000,0.0,0.0,0.0,No Holiday,23,Autumn,658
30/10/2018,3.4,55,1.5,2000,0.0,0.0,0.0,No Holiday,0,Autumn,488
30/10/2018,3.0,55,1.0,2000,0.0,0.0,0.0,No Holiday,1,Autumn,440
30/10/2018,2.1,56,0.5,2000,0.0,0.0,0.0,No Holiday,2,Autumn,283
30/10/2018,1.7,59,0.5,2000,0.0,0.0,0.0,No Holiday,3,Autumn,182
30/10/2018,1.6,63,0.3,2000,0.0,0.0,0.0,No Holiday,4,Autumn,150
30/10/2018,1.1,68,0.6,2000,0.0,0.0,0.0,No Holiday,5,Autumn,162
30/10/2018,0.8,69,1.4,2000,0.0,0.0,0.0,No Holiday,6,Autumn,394
30/10/2018,1.3,65,1.2,2000,0.0,0.0,0.0,No Holiday,7,Autumn,1005
30/10/2018,1.4,58,0.9,1883,0.15,0.0,0.0,No Holiday,8,Autumn,1883
30/10/2018,3.7,49,1.9,1961,0.89,0.0,0.0,No Holiday,9,Autumn,982
30/10/2018,6.1,38,2.5,1914,1.51,0.0,0.0,No Holiday,10,Autumn,684
30/10/2018,7.5,36,1.4,1993,1.98,0.0,0.0,No Holiday,11,Autumn,782
30/10/2018,8.5,34,1.5,1892,2.21,0.0,0.0,No Holiday,12,Autumn,881
30/10/2018,9.8,33,1.8,1937,2.3,0.0,0.0,No Holiday,13,Autumn,847
30/10/2018,10.7,33,1.7,2000,2.12,0.0,0.0,No Holiday,14,Autumn,903
30/10/2018,10.9,33,2.6,1963,1.73,0.0,0.0,No Holiday,15,Autumn,965
30/10/2018,11.0,34,2.3,1999,1.16,0.0,0.0,No Holiday,16,Autumn,1110
30/10/2018,9.9,40,2.6,2000,0.47,0.0,0.0,No Holiday,17,Autumn,1357
30/10/2018,8.4,52,2.6,2000,0.03,0.0,0.0,No Holiday,18,Autumn,2074
30/10/2018,8.0,52,2.1,2000,0.0,0.0,0.0,No Holiday,19,Autumn,1442
30/10/2018,7.6,59,1.1,2000,0.0,0.0,0.0,No Holiday,20,Autumn,1186
30/10/2018,7.6,55,2.0,2000,0.0,0.0,0.0,No Holiday,21,Autumn,1147
30/10/2018,7.6,50,1.8,2000,0.0,0.0,0.0,No Holiday,22,Autumn,948
30/10/2018,7.7,50,1.0,1988,0.0,0.0,0.0,No Holiday,23,Autumn,527
31/10/2018,7.1,59,1.7,2000,0.0,0.0,0.0,No Holiday,0,Autumn,294
31/10/2018,6.6,66,1.0,2000,0.0,0.0,0.0,No Holiday,1,Autumn,324
31/10/2018,6.4,65,0.0,2000,0.0,0.0,0.0,No Holiday,2,Autumn,287
31/10/2018,5.6,69,0.1,2000,0.0,0.0,0.0,No Holiday,3,Autumn,227
31/10/2018,5.0,71,1.4,1994,0.0,0.0,0.0,No Holiday,4,Autumn,146
31/10/2018,4.1,74,0.9,2000,0.0,0.0,0.0,No Holiday,5,Autumn,141
31/10/2018,3.6,75,0.8,2000,0.0,0.0,0.0,No Holiday,6,Autumn,402
31/10/2018,3.2,74,0.9,2000,0.0,0.0,0.0,No Holiday,7,Autumn,1060
31/10/2018,3.7,67,1.8,1987,0.15,0.0,0.0,No Holiday,8,Autumn,1907
31/10/2018,5.1,56,1.8,1825,0.89,0.0,0.0,No Holiday,9,Autumn,996
31/10/2018,7.2,49,2.2,1892,1.51,0.0,0.0,No Holiday,10,Autumn,717
31/10/2018,8.7,41,2.6,1907,1.96,0.0,0.0,No Holiday,11,Autumn,818
31/10/2018,10.0,39,2.0,2000,2.2,0.0,0.0,No Holiday,12,Autumn,907
31/10/2018,11.2,34,2.6,1940,2.26,0.0,0.0,No Holiday,13,Autumn,983
31/10/2018,11.9,34,2.4,1835,2.12,0.0,0.0,No Holiday,14,Autumn,963
31/10/2018,12.0,35,3.0,1908,1.72,0.0,0.0,No Holiday,15,Autumn,994
31/10/2018,11.8,34,2.3,1979,1.16,0.0,0.0,No Holiday,16,Autumn,1185
31/10/2018,11.3,41,1.8,2000,0.51,0.0,0.0,No Holiday,17,Autumn,1462
31/10/2018,9.4,48,2.0,2000,0.03,0.0,0.0,No Holiday,18,Autumn,2094
31/10/2018,8.4,53,1.0,2000,0.0,0.0,0.0,No Holiday,19,Autumn,1507
31/10/2018,7.6,59,0.7,2000,0.0,0.0,0.0,No Holiday,20,Autumn,1176
31/10/2018,7.6,59,3.0,1929,0.0,0.0,0.0,No Holiday,21,Autumn,1069
31/10/2018,6.8,58,2.2,1936,0.0,0.0,0.0,No Holiday,22,Autumn,1088
31/10/2018,6.4,60,1.8,1930,0.0,0.0,0.0,No Holiday,23,Autumn,798
01/11/2018,5.7,62,2.3,1909,0.0,0.0,0.0,No Holiday,0,Autumn,584
01/11/2018,5.1,65,1.6,1932,0.0,0.0,0.0,No Holiday,1,Autumn,524
01/11/2018,4.4,64,1.4,2000,0.0,0.0,0.0,No Holiday,2,Autumn,362
01/11/2018,4.2,65,0.7,1962,0.0,0.0,0.0,No Holiday,3,Autumn,242
01/11/2018,3.6,70,0.8,1934,0.0,0.0,0.0,No Holiday,4,Autumn,147
01/11/2018,3.3,72,0.0,1946,0.0,0.0,0.0,No Holiday,5,Autumn,154
01/11/2018,2.9,75,0.2,1761,0.0,0.0,0.0,No Holiday,6,Autumn,433
01/11/2018,2.5,75,0.5,1763,0.0,0.0,0.0,No Holiday,7,Autumn,1055
01/11/2018,2.8,74,0.9,1366,0.13,0.0,0.0,No Holiday,8,Autumn,1899
01/11/2018,4.7,60,0.9,1219,0.82,0.0,0.0,No Holiday,9,Autumn,1011
01/11/2018,8.1,51,0.7,1100,1.38,0.0,0.0,No Holiday,10,Autumn,696
01/11/2018,11.1,46,1.6,1518,1.84,0.0,0.0,No Holiday,11,Autumn,852
01/11/2018,12.6,36,2.6,1785,2.14,0.0,0.0,No Holiday,12,Autumn,926
01/11/2018,13.6,32,1.8,1814,2.22,0.0,0.0,No Holiday,13,Autumn,968
01/11/2018,14.9,31,2.5,1872,2.06,0.0,0.0,No Holiday,14,Autumn,1040
01/11/2018,14.8,30,2.7,1990,1.71,0.0,0.0,No Holiday,15,Autumn,1094
01/11/2018,14.7,32,2.0,1934,1.13,0.0,0.0,No Holiday,16,Autumn,1206
01/11/2018,13.7,37,1.4,2000,0.49,0.0,0.0,No Holiday,17,Autumn,1569
01/11/2018,11.8,43,1.3,1995,0.03,0.0,0.0,No Holiday,18,Autumn,2254
01/11/2018,10.5,49,1.2,1965,0.0,0.0,0.0,No Holiday,19,Autumn,1561
01/11/2018,9.9,53,1.7,1868,0.0,0.0,0.0,No Holiday,20,Autumn,1269
01/11/2018,9.3,54,1.1,1975,0.0,0.0,0.0,No Holiday,21,Autumn,1197
01/11/2018,8.3,61,0.2,1809,0.0,0.0,0.0,No Holiday,22,Autumn,1115
01/11/2018,7.8,63,0.4,1547,0.0,0.0,0.0,No Holiday,23,Autumn,806
02/11/2018,7.2,64,1.0,1639,0.0,0.0,0.0,No Holiday,0,Autumn,642
02/11/2018,6.6,69,0.0,1512,0.0,0.0,0.0,No Holiday,1,Autumn,560
02/11/2018,6.1,68,0.5,1519,0.0,0.0,0.0,No Holiday,2,Autumn,369
02/11/2018,5.7,72,0.8,1368,0.0,0.0,0.0,No Holiday,3,Autumn,251
02/11/2018,5.2,74,1.3,1386,0.0,0.0,0.0,No Holiday,4,Autumn,166
02/11/2018,4.8,75,0.7,1471,0.0,0.0,0.0,No Holiday,5,Autumn,153
02/11/2018,4.5,77,1.0,1410,0.0,0.0,0.0,No Holiday,6,Autumn,403
02/11/2018,4.1,75,0.8,1143,0.0,0.0,0.0,No Holiday,7,Autumn,1024
02/11/2018,4.7,72,1.0,1306,0.12,0.0,0.0,No Holiday,8,Autumn,1906
02/11/2018,7.0,57,0.7,1553,0.79,0.0,0.0,No Holiday,9,Autumn,1027
02/11/2018,10.0,49,1.2,1411,1.4,0.0,0.0,No Holiday,10,Autumn,751
02/11/2018,12.8,44,1.0,1269,1.84,0.0,0.0,No Holiday,11,Autumn,880
02/11/2018,14.9,40,1.1,1288,2.06,0.0,0.0,No Holiday,12,Autumn,1023
02/11/2018,16.5,37,1.2,1400,2.12,0.0,0.0,No Holiday,13,Autumn,1130
02/11/2018,18.0,31,1.2,1506,1.98,0.0,0.0,No Holiday,14,Autumn,1160
02/11/2018,18.6,31,1.4,1575,1.63,0.0,0.0,No Holiday,15,Autumn,1251
02/11/2018,18.8,32,1.4,1717,1.09,0.0,0.0,No Holiday,16,Autumn,1424
02/11/2018,17.0,36,1.5,1672,0.47,0.0,0.0,No Holiday,17,Autumn,1730
02/11/2018,14.6,42,1.4,1428,0.02,0.0,0.0,No Holiday,18,Autumn,2314
02/11/2018,12.8,40,1.4,1870,0.0,0.0,0.0,No Holiday,19,Autumn,1568
02/11/2018,11.7,45,1.2,1748,0.0,0.0,0.0,No Holiday,20,Autumn,1242
02/11/2018,10.8,57,2.0,1219,0.0,0.0,0.0,No Holiday,21,Autumn,1146
02/11/2018,10.0,56,2.0,1290,0.0,0.0,0.0,No Holiday,22,Autumn,1106
02/11/2018,9.7,56,1.3,1423,0.0,0.0,0.0,No Holiday,23,Autumn,851
03/11/2018,8.8,63,0.6,1314,0.0,0.0,0.0,No Holiday,0,Autumn,0
03/11/2018,8.5,61,0.2,1273,0.0,0.0,0.0,No Holiday,1,Autumn,0
03/11/2018,7.6,68,1.2,1170,0.0,0.0,0.0,No Holiday,2,Autumn,0
03/11/2018,7.1,67,0.6,1229,0.0,0.0,0.0,No Holiday,3,Autumn,0
03/11/2018,6.3,72,1.0,1104,0.0,0.0,0.0,No Holiday,4,Autumn,0
03/11/2018,6.1,75,1.0,1053,0.0,0.0,0.0,No Holiday,5,Autumn,0
03/11/2018,5.5,78,0.6,983,0.0,0.0,0.0,No Holiday,6,Autumn,0
03/11/2018,5.2,79,1.3,894,0.0,0.0,0.0,No Holiday,7,Autumn,0
03/11/2018,5.4,75,0.4,905,0.11,0.0,0.0,No Holiday,8,Autumn,0
03/11/2018,7.9,58,1.3,1033,0.8,0.0,0.0,No Holiday,9,Autumn,0
03/11/2018,11.0,49,0.7,957,1.4,0.0,0.0,No Holiday,10,Autumn,0
03/11/2018,14.5,42,1.6,890,1.85,0.0,0.0,No Holiday,11,Autumn,0
03/11/2018,16.5,37,1.8,1060,2.14,0.0,0.0,No Holiday,12,Autumn,0
03/11/2018,17.8,29,2.0,1328,2.17,0.0,0.0,No Holiday,13,Autumn,0
03/11/2018,18.1,24,2.4,1594,1.97,0.0,0.0,No Holiday,14,Autumn,0
03/11/2018,18.5,25,1.6,1724,1.63,0.0,0.0,No Holiday,15,Autumn,0
03/11/2018,18.7,25,2.1,1605,1.07,0.0,0.0,No Holiday,16,Autumn,0
03/11/2018,16.7,45,2.2,772,0.43,0.0,0.0,No Holiday,17,Autumn,0
03/11/2018,14.2,51,1.5,990,0.02,0.0,0.0,No Holiday,18,Autumn,0
03/11/2018,13.4,62,1.6,740,0.0,0.0,0.0,No Holiday,19,Autumn,0
03/11/2018,12.1,68,0.8,592,0.0,0.0,0.0,No Holiday,20,Autumn,0
03/11/2018,11.1,69,0.9,619,0.0,0.0,0.0,No Holiday,21,Autumn,0
03/11/2018,10.0,68,1.1,791,0.0,0.0,0.0,No Holiday,22,Autumn,0
03/11/2018,9.2,65,1.2,1064,0.0,0.0,0.0,No Holiday,23,Autumn,0
04/11/2018,9.1,63,0.6,1292,0.0,0.0,0.0,No Holiday,0,Autumn,720
04/11/2018,8.6,60,1.1,1416,0.0,0.0,0.0,No Holiday,1,Autumn,517
04/11/2018,8.2,62,0.2,1415,0.0,0.0,0.0,No Holiday,2,Autumn,378
04/11/2018,7.6,66,0.9,1432,0.0,0.0,0.0,No Holiday,3,Autumn,296
04/11/2018,6.9,70,1.5,1314,0.0,0.0,0.0,No Holiday,4,Autumn,188
04/11/2018,6.6,73,0.3,1219,0.0,0.0,0.0,No Holiday,5,Autumn,112
04/11/2018,6.2,73,0.3,1018,0.0,0.0,0.0,No Holiday,6,Autumn,141
04/11/2018,5.8,79,1.0,862,0.0,0.0,0.0,No Holiday,7,Autumn,259
04/11/2018,5.7,78,1.1,714,0.09,0.0,0.0,No Holiday,8,Autumn,481
04/11/2018,7.5,60,0.5,725,0.79,0.0,0.0,No Holiday,9,Autumn,632
04/11/2018,11.1,51,0.8,679,1.38,0.0,0.0,No Holiday,10,Autumn,747
04/11/2018,14.8,46,2.0,768,1.83,0.0,0.0,No Holiday,11,Autumn,963
04/11/2018,16.3,33,2.9,1530,2.13,0.0,0.0,No Holiday,12,Autumn,1145
04/11/2018,18.3,26,1.2,1503,2.17,0.0,0.0,No Holiday,13,Autumn,1355
04/11/2018,19.3,28,1.7,1208,1.93,0.0,0.0,No Holiday,14,Autumn,1511
04/11/2018,19.0,25,2.1,1748,1.6,0.0,0.0,No Holiday,15,Autumn,1579
04/11/2018,18.4,25,3.2,1909,1.05,0.0,0.0,No Holiday,16,Autumn,1690
04/11/2018,16.9,33,2.2,1972,0.43,0.0,0.0,No Holiday,17,Autumn,1596
04/11/2018,14.5,46,2.6,1618,0.01,0.0,0.0,No Holiday,18,Autumn,1335
04/11/2018,12.9,56,2.5,1345,0.0,0.0,0.0,No Holiday,19,Autumn,1180
04/11/2018,12.7,59,1.2,1177,0.0,0.0,0.0,No Holiday,20,Autumn,1077
04/11/2018,11.8,62,0.7,1030,0.0,0.0,0.0,No Holiday,21,Autumn,1001
04/11/2018,11.2,67,1.3,940,0.0,0.0,0.0,No Holiday,22,Autumn,912
04/11/2018,10.6,73,1.3,931,0.0,0.0,0.0,No Holiday,23,Autumn,656
05/11/2018,10.1,75,0.0,922,0.0,0.0,0.0,No Holiday,0,Autumn,520
05/11/2018,9.3,78,0.1,828,0.0,0.0,0.0,No Holiday,1,Autumn,346
05/11/2018,8.8,81,0.0,773,0.0,0.0,0.0,No Holiday,2,Autumn,206
05/11/2018,8.3,81,1.1,642,0.0,0.0,0.0,No Holiday,3,Autumn,161
05/11/2018,8.0,81,0.4,666,0.0,0.0,0.0,No Holiday,4,Autumn,107
05/11/2018,8.0,84,0.7,569,0.0,0.0,0.0,No Holiday,5,Autumn,166
05/11/2018,7.2,83,0.8,636,0.0,0.0,0.0,No Holiday,6,Autumn,448
05/11/2018,7.0,86,1.1,455,0.0,0.0,0.0,No Holiday,7,Autumn,1115
05/11/2018,7.2,80,0.8,515,0.13,0.0,0.0,No Holiday,8,Autumn,1975
05/11/2018,8.9,67,1.1,578,0.69,0.0,0.0,No Holiday,9,Autumn,1005
05/11/2018,11.8,59,0.9,616,1.23,0.0,0.0,No Holiday,10,Autumn,790
05/11/2018,13.8,47,1.2,994,1.71,0.0,0.0,No Holiday,11,Autumn,829
05/11/2018,16.4,48,2.1,653,1.68,0.0,0.0,No Holiday,12,Autumn,971
05/11/2018,16.8,46,1.1,760,1.71,0.0,0.0,No Holiday,13,Autumn,986
05/11/2018,17.5,38,1.2,1090,1.74,0.0,0.0,No Holiday,14,Autumn,993
05/11/2018,18.0,39,1.0,1208,1.21,0.0,0.0,No Holiday,15,Autumn,1100
05/11/2018,16.8,46,1.8,1041,0.72,0.0,0.0,No Holiday,16,Autumn,1318
05/11/2018,15.7,49,2.0,1252,0.26,0.0,0.0,No Holiday,17,Autumn,1664
05/11/2018,14.5,54,1.3,1343,0.01,0.0,0.0,No Holiday,18,Autumn,2357
05/11/2018,13.2,66,1.7,705,0.0,0.0,0.0,No Holiday,19,Autumn,1618
05/11/2018,12.7,75,2.0,433,0.0,0.0,0.0,No Holiday,20,Autumn,1464
05/11/2018,12.2,79,1.8,351,0.0,0.0,0.0,No Holiday,21,Autumn,1289
05/11/2018,11.6,81,1.2,336,0.0,0.0,0.0,No Holiday,22,Autumn,1215
05/11/2018,10.9,82,0.1,346,0.0,0.0,0.0,No Holiday,23,Autumn,829
06/11/2018,10.0,73,0.5,700,0.0,0.0,0.0,No Holiday,0,Autumn,0
06/11/2018,9.8,75,0.5,668,0.0,0.0,0.0,No Holiday,1,Autumn,0
06/11/2018,9.7,78,0.0,619,0.0,0.0,0.0,No Holiday,2,Autumn,0
06/11/2018,9.4,81,0.3,500,0.0,0.0,0.0,No Holiday,3,Autumn,0
06/11/2018,9.1,81,0.0,493,0.0,0.0,0.0,No Holiday,4,Autumn,0
06/11/2018,8.8,84,0.6,420,0.0,0.0,0.0,No Holiday,5,Autumn,0
06/11/2018,8.5,83,0.7,409,0.0,0.0,0.0,No Holiday,6,Autumn,0
06/11/2018,8.3,84,0.9,422,0.0,0.0,0.0,No Holiday,7,Autumn,0
06/11/2018,8.7,77,0.7,529,0.11,0.0,0.0,No Holiday,8,Autumn,0
06/11/2018,10.1,68,0.2,578,0.33,0.0,0.0,No Holiday,9,Autumn,0
06/11/2018,11.7,62,0.5,521,0.77,0.0,0.0,No Holiday,10,Autumn,0
06/11/2018,13.0,55,1.0,488,0.84,0.0,0.0,No Holiday,11,Autumn,0
06/11/2018,14.5,57,0.8,373,1.08,0.0,0.0,No Holiday,12,Autumn,0
06/11/2018,16.1,56,1.7,328,1.54,0.0,0.0,No Holiday,13,Autumn,0
06/11/2018,17.4,50,2.4,336,1.52,0.0,0.0,No Holiday,14,Autumn,0
06/11/2018,16.3,54,1.6,374,0.76,0.0,0.0,No Holiday,15,Autumn,0
06/11/2018,16.6,55,1.3,334,0.66,0.0,0.0,No Holiday,16,Autumn,0
06/11/2018,15.3,63,1.2,260,0.23,0.0,0.0,No Holiday,17,Autumn,0
06/11/2018,14.0,71,1.5,201,0.01,0.0,0.0,No Holiday,18,Autumn,0
06/11/2018,13.3,72,1.1,234,0.0,0.0,0.0,No Holiday,19,Autumn,0
06/11/2018,13.2,73,1.1,246,0.0,0.0,0.0,No Holiday,20,Autumn,0
06/11/2018,13.0,76,0.9,231,0.0,0.0,0.0,No Holiday,21,Autumn,0
06/11/2018,12.3,73,1.2,277,0.0,0.0,0.0,No Holiday,22,Autumn,0
06/11/2018,12.2,74,1.1,291,0.0,0.0,0.0,No Holiday,23,Autumn,0
07/11/2018,11.9,74,1.6,287,0.0,0.0,0.0,No Holiday,0,Autumn,639
07/11/2018,11.9,76,1.4,286,0.0,0.0,0.0,No Holiday,1,Autumn,410
07/11/2018,12.0,81,1.3,295,0.0,0.0,0.0,No Holiday,2,Autumn,136
07/11/2018,10.8,88,1.0,145,0.0,0.5,0.0,No Holiday,3,Autumn,40
07/11/2018,10.6,95,0.7,94,0.0,0.0,0.0,No Holiday,4,Autumn,47
07/11/2018,11.1,95,0.2,117,0.0,0.0,0.0,No Holiday,5,Autumn,71
07/11/2018,11.0,91,1.0,124,0.0,1.0,0.0,No Holiday,6,Autumn,194
07/11/2018,10.8,91,1.3,216,0.0,0.0,0.0,No Holiday,7,Autumn,526
07/11/2018,11.3,89,1.1,279,0.01,0.0,0.0,No Holiday,8,Autumn,1171
07/11/2018,11.2,86,1.0,372,0.09,0.5,0.0,No Holiday,9,Autumn,740
07/11/2018,11.9,84,0.9,482,0.2,0.0,0.0,No Holiday,10,Autumn,555
07/11/2018,12.4,82,0.6,507,0.34,0.0,0.0,No Holiday,11,Autumn,608
07/11/2018,13.2,77,1.3,589,0.5,0.0,0.0,No Holiday,12,Autumn,697
07/11/2018,14.5,74,1.3,610,0.75,0.0,0.0,No Holiday,13,Autumn,798
07/11/2018,15.5,68,1.4,693,1.15,0.0,0.0,No Holiday,14,Autumn,767
07/11/2018,15.4,72,1.1,608,0.57,0.0,0.0,No Holiday,15,Autumn,848
07/11/2018,15.2,72,1.2,625,0.4,0.0,0.0,No Holiday,16,Autumn,834
07/11/2018,14.9,73,0.9,854,0.04,0.0,0.0,No Holiday,17,Autumn,1115
07/11/2018,14.4,77,1.0,912,0.0,0.0,0.0,No Holiday,18,Autumn,1347
07/11/2018,13.8,81,1.5,760,0.0,0.0,0.0,No Holiday,19,Autumn,1176
07/11/2018,13.3,77,1.6,833,0.0,0.0,0.0,No Holiday,20,Autumn,1062
07/11/2018,13.5,75,0.8,1275,0.0,0.0,0.0,No Holiday,21,Autumn,1062
07/11/2018,13.2,74,1.4,1407,0.0,0.0,0.0,No Holiday,22,Autumn,1003
07/11/2018,12.9,72,1.4,2000,0.0,0.0,0.0,No Holiday,23,Autumn,679
08/11/2018,12.9,70,1.8,2000,0.0,0.0,0.0,No Holiday,0,Autumn,395
08/11/2018,11.9,77,1.1,1634,0.0,0.0,0.0,No Holiday,1,Autumn,158
08/11/2018,11.8,84,1.6,1874,0.0,0.0,0.0,No Holiday,2,Autumn,122
08/11/2018,11.8,86,1.6,1819,0.0,0.5,0.0,No Holiday,3,Autumn,78
08/11/2018,10.8,87,1.7,956,0.0,0.0,0.0,No Holiday,4,Autumn,50
08/11/2018,10.8,89,1.6,957,0.0,0.0,0.0,No Holiday,5,Autumn,49
08/11/2018,10.6,90,1.6,1065,0.0,1.5,0.0,No Holiday,6,Autumn,136
08/11/2018,10.9,88,1.8,1866,0.0,0.0,0.0,No Holiday,7,Autumn,174
08/11/2018,10.6,89,1.5,689,0.02,0.0,0.0,No Holiday,8,Autumn,148
08/11/2018,10.6,94,2.1,739,0.06,2.0,0.0,No Holiday,9,Autumn,56
08/11/2018,10.8,94,1.8,578,0.15,0.0,0.0,No Holiday,10,Autumn,17
08/11/2018,10.9,95,2.4,519,0.12,0.0,0.0,No Holiday,11,Autumn,25
08/11/2018,11.4,95,2.5,792,0.44,5.5,0.0,No Holiday,12,Autumn,17
08/11/2018,11.5,95,2.1,457,0.32,0.0,0.0,No Holiday,13,Autumn,18
08/11/2018,11.3,96,2.7,302,0.11,0.0,0.0,No Holiday,14,Autumn,46
08/11/2018,11.4,96,2.0,910,0.07,9.5,0.0,No Holiday,15,Autumn,56
08/11/2018,11.7,96,1.4,587,0.02,0.0,0.0,No Holiday,16,Autumn,14
08/11/2018,11.9,97,0.7,269,0.0,0.0,0.0,No Holiday,17,Autumn,30
08/11/2018,12.9,97,0.0,406,0.0,9.0,0.0,No Holiday,18,Autumn,40
08/11/2018,12.8,97,0.9,245,0.0,0.0,0.0,No Holiday,19,Autumn,19
08/11/2018,13.9,97,2.5,594,0.0,0.0,0.0,No Holiday,20,Autumn,12
08/11/2018,14.0,96,4.1,292,0.0,18.0,0.0,No Holiday,21,Autumn,21
08/11/2018,12.4,96,2.7,545,0.0,0.0,0.0,No Holiday,22,Autumn,14
08/11/2018,11.5,96,3.0,691,0.0,0.0,0.0,No Holiday,23,Autumn,26
09/11/2018,12.0,96,3.1,1185,0.0,18.0,0.0,No Holiday,0,Autumn,0
09/11/2018,11.4,89,2.6,1376,0.0,0.0,0.0,No Holiday,1,Autumn,0
09/11/2018,11.3,88,3.7,1680,0.0,0.0,0.0,No Holiday,2,Autumn,0
09/11/2018,10.8,82,2.8,1712,0.0,0.5,0.0,No Holiday,3,Autumn,0
09/11/2018,10.6,75,3.2,913,0.0,0.0,0.0,No Holiday,4,Autumn,0
09/11/2018,10.9,68,3.1,1034,0.0,0.0,0.0,No Holiday,5,Autumn,0
09/11/2018,11.0,70,3.1,900,0.0,0.0,0.0,No Holiday,6,Autumn,0
09/11/2018,10.4,81,3.0,1741,0.0,0.0,0.0,No Holiday,7,Autumn,0
09/11/2018,10.1,85,2.4,1809,0.05,0.0,0.0,No Holiday,8,Autumn,0
09/11/2018,10.8,78,2.6,1985,0.13,0.5,0.0,No Holiday,9,Autumn,0
09/11/2018,11.3,68,4.7,1984,0.44,0.0,0.0,No Holiday,10,Autumn,0
09/11/2018,13.3,59,4.1,1970,1.43,0.0,0.0,No Holiday,11,Autumn,0
09/11/2018,13.9,50,4.1,1964,2.14,0.0,0.0,No Holiday,12,Autumn,0
09/11/2018,14.0,46,5.3,927,1.68,0.0,0.0,No Holiday,13,Autumn,0
09/11/2018,15.0,49,2.8,518,1.53,0.0,0.0,No Holiday,14,Autumn,0
09/11/2018,15.1,52,3.4,622,1.3,0.0,0.0,No Holiday,15,Autumn,0
09/11/2018,14.3,59,3.6,858,0.72,0.0,0.0,No Holiday,16,Autumn,0
09/11/2018,12.9,66,3.6,682,0.32,0.0,0.0,No Holiday,17,Autumn,0
09/11/2018,12.3,69,2.1,623,0.01,0.0,0.0,No Holiday,18,Autumn,0
09/11/2018,11.9,71,2.7,589,0.0,0.0,0.0,No Holiday,19,Autumn,0
09/11/2018,11.9,72,2.5,526,0.0,0.0,0.0,No Holiday,20,Autumn,0
09/11/2018,11.4,74,1.9,498,0.0,0.0,0.0,No Holiday,21,Autumn,0
09/11/2018,11.2,75,1.7,478,0.0,0.0,0.0,No Holiday,22,Autumn,0
09/11/2018,10.9,76,1.2,456,0.0,0.0,0.0,No Holiday,23,Autumn,0
10/11/2018,11.3,77,0.9,433,0.0,0.0,0.0,No Holiday,0,Autumn,754
10/11/2018,11.2,78,1.1,467,0.0,0.0,0.0,No Holiday,1,Autumn,679
10/11/2018,10.7,80,0.6,409,0.0,0.0,0.0,No Holiday,2,Autumn,568
10/11/2018,10.3,81,0.7,361,0.0,0.0,0.0,No Holiday,3,Autumn,372
10/11/2018,9.5,87,0.6,266,0.0,0.0,0.0,No Holiday,4,Autumn,223
10/11/2018,9.4,87,0.8,279,0.0,0.0,0.0,No Holiday,5,Autumn,137
10/11/2018,9.5,85,0.6,304,0.0,0.0,0.0,No Holiday,6,Autumn,167
10/11/2018,9.5,86,0.6,293,0.0,0.0,0.0,No Holiday,7,Autumn,309
10/11/2018,9.3,85,0.3,313,0.07,0.0,0.0,No Holiday,8,Autumn,589
10/11/2018,10.1,77,0.0,350,0.45,0.0,0.0,No Holiday,9,Autumn,628
10/11/2018,12.2,73,1.9,374,0.92,0.0,0.0,No Holiday,10,Autumn,699
10/11/2018,13.8,63,2.2,416,1.32,0.0,0.0,No Holiday,11,Autumn,768
10/11/2018,15.1,54,2.2,495,1.91,0.0,0.0,No Holiday,12,Autumn,1034
10/11/2018,15.9,48,2.7,538,1.87,0.0,0.0,No Holiday,13,Autumn,1094
10/11/2018,17.1,39,2.0,781,1.85,0.0,0.0,No Holiday,14,Autumn,1113
10/11/2018,16.6,36,2.5,808,1.45,0.0,0.0,No Holiday,15,Autumn,1229
10/11/2018,16.0,37,1.9,984,0.94,0.0,0.0,No Holiday,16,Autumn,1263
10/11/2018,14.8,47,1.3,787,0.35,0.0,0.0,No Holiday,17,Autumn,1379
10/11/2018,13.2,57,2.2,618,0.01,0.0,0.0,No Holiday,18,Autumn,1226
10/11/2018,12.1,67,1.5,430,0.0,0.0,0.0,No Holiday,19,Autumn,957
10/11/2018,11.3,74,1.2,350,0.0,0.0,0.0,No Holiday,20,Autumn,877
10/11/2018,10.8,78,1.0,303,0.0,0.0,0.0,No Holiday,21,Autumn,847
10/11/2018,10.6,81,1.2,281,0.0,0.0,0.0,No Holiday,22,Autumn,885
10/11/2018,10.3,84,1.3,250,0.0,0.0,0.0,No Holiday,23,Autumn,676
11/11/2018,9.4,85,0.6,241,0.0,0.0,0.0,No Holiday,0,Autumn,655
11/11/2018,8.8,89,0.7,213,0.0,0.0,0.0,No Holiday,1,Autumn,518
11/11/2018,7.9,85,1.1,275,0.0,0.0,0.0,No Holiday,2,Autumn,370
11/11/2018,7.1,85,0.7,329,0.0,0.0,0.0,No Holiday,3,Autumn,314
11/11/2018,6.9,82,0.5,337,0.0,0.0,0.0,No Holiday,4,Autumn,189
11/11/2018,6.8,83,0.6,341,0.0,0.0,0.0,No Holiday,5,Autumn,111
11/11/2018,6.6,84,1.2,373,0.0,0.0,0.0,No Holiday,6,Autumn,117
11/11/2018,6.4,84,1.3,369,0.0,0.0,0.0,No Holiday,7,Autumn,228
11/11/2018,6.3,81,0.8,365,0.11,0.0,0.0,No Holiday,8,Autumn,395
11/11/2018,7.8,72,1.2,360,0.54,0.0,0.0,No Holiday,9,Autumn,574
11/11/2018,10.2,68,0.7,354,1.06,0.0,0.0,No Holiday,10,Autumn,563
11/11/2018,10.7,68,0.4,341,0.54,0.0,0.0,No Holiday,11,Autumn,578
11/11/2018,10.6,72,2.0,365,0.29,0.0,0.0,No Holiday,12,Autumn,769
11/11/2018,9.8,70,1.7,360,0.33,0.0,0.0,No Holiday,13,Autumn,758
11/11/2018,10.1,58,0.9,605,0.43,0.0,0.0,No Holiday,14,Autumn,810
11/11/2018,10.2,58,2.0,573,0.29,0.0,0.0,No Holiday,15,Autumn,832
11/11/2018,9.9,59,1.3,578,0.1,0.0,0.0,No Holiday,16,Autumn,616
11/11/2018,8.9,57,3.0,1149,0.03,0.0,0.0,No Holiday,17,Autumn,660
11/11/2018,8.9,55,2.0,1333,0.0,0.0,0.0,No Holiday,18,Autumn,752
11/11/2018,8.7,52,0.8,1590,0.0,0.0,0.0,No Holiday,19,Autumn,685
11/11/2018,8.2,53,0.6,1621,0.0,0.0,0.0,No Holiday,20,Autumn,711
11/11/2018,8.0,51,0.5,1989,0.0,0.0,0.0,No Holiday,21,Autumn,689
11/11/2018,7.0,60,0.0,1948,0.0,0.0,0.0,No Holiday,22,Autumn,690
11/11/2018,6.3,62,0.0,1993,0.0,0.0,0.0,No Holiday,23,Autumn,554
12/11/2018,5.4,64,0.8,2000,0.0,0.0,0.0,No Holiday,0,Autumn,456
12/11/2018,5.0,67,1.3,2000,0.0,0.0,0.0,No Holiday,1,Autumn,344
12/11/2018,4.8,66,1.6,2000,0.0,0.0,0.0,No Holiday,2,Autumn,187
12/11/2018,4.6,65,0.1,2000,0.0,0.0,0.0,No Holiday,3,Autumn,122
12/11/2018,4.0,68,0.0,2000,0.0,0.0,0.0,No Holiday,4,Autumn,109
12/11/2018,4.0,71,0.0,2000,0.0,0.0,0.0,No Holiday,5,Autumn,158
12/11/2018,3.8,69,0.0,1995,0.0,0.0,0.0,No Holiday,6,Autumn,419
12/11/2018,3.4,72,1.0,1989,0.0,0.0,0.0,No Holiday,7,Autumn,1004
12/11/2018,3.3,69,0.0,2000,0.06,0.0,0.0,No Holiday,8,Autumn,1699
12/11/2018,5.2,55,1.4,1752,0.67,0.0,0.0,No Holiday,9,Autumn,931
12/11/2018,8.3,50,1.1,1364,1.23,0.0,0.0,No Holiday,10,Autumn,683
12/11/2018,10.3,40,0.7,1672,1.66,0.0,0.0,No Holiday,11,Autumn,785
12/11/2018,12.3,37,0.8,1690,1.93,0.0,0.0,No Holiday,12,Autumn,888
12/11/2018,13.3,36,2.1,1283,1.99,0.0,0.0,No Holiday,13,Autumn,889
12/11/2018,14.2,33,1.5,1374,1.84,0.0,0.0,No Holiday,14,Autumn,886
12/11/2018,13.8,34,2.4,1438,1.45,0.0,0.0,No Holiday,15,Autumn,1084
12/11/2018,12.9,38,2.6,1476,0.94,0.0,0.0,No Holiday,16,Autumn,1193
12/11/2018,11.8,43,1.8,1685,0.34,0.0,0.0,No Holiday,17,Autumn,1472
12/11/2018,10.6,45,1.8,1936,0.01,0.0,0.0,No Holiday,18,Autumn,2022
12/11/2018,9.8,46,2.8,1945,0.0,0.0,0.0,No Holiday,19,Autumn,1466
12/11/2018,9.0,48,1.9,1879,0.0,0.0,0.0,No Holiday,20,Autumn,1292
12/11/2018,8.5,50,0.5,1707,0.0,0.0,0.0,No Holiday,21,Autumn,1189
12/11/2018,7.6,55,1.7,1694,0.0,0.0,0.0,No Holiday,22,Autumn,1023
12/11/2018,6.9,60,0.8,1610,0.0,0.0,0.0,No Holiday,23,Autumn,702
13/11/2018,6.2,63,0.8,1611,0.0,0.0,0.0,No Holiday,0,Autumn,587
13/11/2018,5.6,68,0.5,1576,0.0,0.0,0.0,No Holiday,1,Autumn,487
13/11/2018,5.6,64,0.1,1556,0.0,0.0,0.0,No Holiday,2,Autumn,330
13/11/2018,5.3,62,0.0,1485,0.0,0.0,0.0,No Holiday,3,Autumn,205
13/11/2018,4.9,63,0.0,1397,0.0,0.0,0.0,No Holiday,4,Autumn,133
13/11/2018,4.7,72,0.0,1310,0.0,0.0,0.0,No Holiday,5,Autumn,162
13/11/2018,4.2,72,0.8,1326,0.0,0.0,0.0,No Holiday,6,Autumn,402
13/11/2018,4.4,72,0.3,1189,0.0,0.0,0.0,No Holiday,7,Autumn,1066
13/11/2018,4.7,68,0.5,1032,0.06,0.0,0.0,No Holiday,8,Autumn,1910
13/11/2018,6.0,59,1.0,719,0.6,0.0,0.0,No Holiday,9,Autumn,990
13/11/2018,9.0,51,0.9,706,1.16,0.0,0.0,No Holiday,10,Autumn,710
13/11/2018,11.4,46,0.8,876,1.57,0.0,0.0,No Holiday,11,Autumn,789
13/11/2018,12.8,45,1.8,1170,1.82,0.0,0.0,No Holiday,12,Autumn,890
13/11/2018,13.5,43,2.2,1687,1.92,0.0,0.0,No Holiday,13,Autumn,912
13/11/2018,15.0,37,1.6,1703,1.82,0.0,0.0,No Holiday,14,Autumn,928
13/11/2018,15.3,37,1.8,1774,1.5,0.0,0.0,No Holiday,15,Autumn,980
13/11/2018,14.2,37,2.0,1783,0.91,0.0,0.0,No Holiday,16,Autumn,1188
13/11/2018,12.7,40,1.9,1967,0.33,0.0,0.0,No Holiday,17,Autumn,1420
13/11/2018,11.3,42,1.2,1846,0.01,0.0,0.0,No Holiday,18,Autumn,2159
13/11/2018,9.8,45,1.3,1882,0.0,0.0,0.0,No Holiday,19,Autumn,1529
13/11/2018,9.5,44,1.8,1991,0.0,0.0,0.0,No Holiday,20,Autumn,1208
13/11/2018,8.5,42,1.1,2000,0.0,0.0,0.0,No Holiday,21,Autumn,1163
13/11/2018,8.1,50,0.5,2000,0.0,0.0,0.0,No Holiday,22,Autumn,1126
13/11/2018,7.6,49,0.6,1971,0.0,0.0,0.0,No Holiday,23,Autumn,718
14/11/2018,7.0,54,0.9,1862,0.0,0.0,0.0,No Holiday,0,Autumn,612
14/11/2018,6.5,60,0.5,1788,0.0,0.0,0.0,No Holiday,1,Autumn,517
14/11/2018,6.2,59,0.6,1584,0.0,0.0,0.0,No Holiday,2,Autumn,327
14/11/2018,6.1,66,0.5,1347,0.0,0.0,0.0,No Holiday,3,Autumn,210
14/11/2018,5.6,70,0.6,1311,0.0,0.0,0.0,No Holiday,4,Autumn,164
14/11/2018,5.3,72,0.2,1278,0.0,0.0,0.0,No Holiday,5,Autumn,135
14/11/2018,5.1,76,1.1,1195,0.0,0.0,0.0,No Holiday,6,Autumn,362
14/11/2018,5.2,78,0.3,1182,0.0,0.0,0.0,No Holiday,7,Autumn,1047
14/11/2018,5.0,77,1.5,1115,0.07,0.0,0.0,No Holiday,8,Autumn,1916
14/11/2018,7.1,61,0.5,1493,0.57,0.0,0.0,No Holiday,9,Autumn,1019
14/11/2018,9.6,53,1.4,1818,1.16,0.0,0.0,No Holiday,10,Autumn,779
14/11/2018,12.1,49,0.8,1827,1.61,0.0,0.0,No Holiday,11,Autumn,892
14/11/2018,14.2,45,0.9,1531,1.86,0.0,0.0,No Holiday,12,Autumn,963
14/11/2018,15.7,41,2.3,1322,2.01,0.0,0.0,No Holiday,13,Autumn,1028
14/11/2018,16.1,32,1.4,1703,1.8,0.0,0.0,No Holiday,14,Autumn,1001
14/11/2018,15.9,30,0.7,1823,1.34,0.0,0.0,No Holiday,15,Autumn,1063
14/11/2018,15.2,40,2.7,1371,0.87,0.0,0.0,No Holiday,16,Autumn,1137
14/11/2018,13.6,46,1.8,1374,0.31,0.0,0.0,No Holiday,17,Autumn,1532
14/11/2018,12.2,47,2.6,1427,0.01,0.0,0.0,No Holiday,18,Autumn,2200
14/11/2018,11.5,52,2.4,1319,0.0,0.0,0.0,No Holiday,19,Autumn,1464
14/11/2018,10.5,52,1.4,1153,0.0,0.0,0.0,No Holiday,20,Autumn,1269
14/11/2018,9.8,52,0.5,1255,0.0,0.0,0.0,No Holiday,21,Autumn,1239
14/11/2018,8.8,58,0.5,1358,0.0,0.0,0.0,No Holiday,22,Autumn,1074
14/11/2018,8.4,65,0.8,1216,0.0,0.0,0.0,No Holiday,23,Autumn,757
15/11/2018,7.7,67,0.4,1102,0.0,0.0,0.0,No Holiday,0,Autumn,610
15/11/2018,7.3,64,0.3,1150,0.0,0.0,0.0,No Holiday,1,Autumn,489
15/11/2018,7.1,68,0.6,1082,0.0,0.0,0.0,No Holiday,2,Autumn,313
15/11/2018,6.5,75,1.1,970,0.0,0.0,0.0,No Holiday,3,Autumn,219
15/11/2018,6.1,72,0.5,1052,0.0,0.0,0.0,No Holiday,4,Autumn,154
15/11/2018,5.3,78,1.4,952,0.0,0.0,0.0,No Holiday,5,Autumn,172
15/11/2018,4.9,76,1.1,800,0.0,0.0,0.0,No Holiday,6,Autumn,357
15/11/2018,4.8,76,0.7,762,0.0,0.0,0.0,No Holiday,7,Autumn,883
15/11/2018,5.3,75,1.0,808,0.1,0.0,0.0,No Holiday,8,Autumn,1686
15/11/2018,6.8,64,1.0,949,0.5,0.0,0.0,No Holiday,9,Autumn,1300
15/11/2018,8.6,57,0.6,1102,0.77,0.0,0.0,No Holiday,10,Autumn,782
15/11/2018,11.1,47,1.2,1047,1.48,0.0,0.0,No Holiday,11,Autumn,770
15/11/2018,13.8,43,0.9,987,1.61,0.0,0.0,No Holiday,12,Autumn,942
15/11/2018,15.1,37,1.9,990,1.74,0.0,0.0,No Holiday,13,Autumn,883
15/11/2018,15.1,33,1.5,1045,1.31,0.0,0.0,No Holiday,14,Autumn,899
15/11/2018,16.1,30,1.0,1125,1.06,0.0,0.0,No Holiday,15,Autumn,971
15/11/2018,15.4,34,1.4,1016,0.68,0.0,0.0,No Holiday,16,Autumn,1123
15/11/2018,13.7,38,1.4,884,0.29,0.0,0.0,No Holiday,17,Autumn,1416
15/11/2018,12.1,46,1.4,799,0.01,0.0,0.0,No Holiday,18,Autumn,2034
15/11/2018,11.2,46,1.4,869,0.0,0.0,0.0,No Holiday,19,Autumn,1448
15/11/2018,9.5,49,1.3,918,0.0,0.0,0.0,No Holiday,20,Autumn,1146
15/11/2018,9.6,52,1.3,906,0.0,0.0,0.0,No Holiday,21,Autumn,1123
15/11/2018,8.7,53,0.4,764,0.0,0.0,0.0,No Holiday,22,Autumn,1061
15/11/2018,8.1,57,0.7,752,0.0,0.0,0.0,No Holiday,23,Autumn,721
16/11/2018,7.8,57,0.3,792,0.0,0.0,0.0,No Holiday,0,Autumn,683
16/11/2018,7.8,59,0.6,768,0.0,0.0,0.0,No Holiday,1,Autumn,520
16/11/2018,7.7,63,1.0,704,0.0,0.0,0.0,No Holiday,2,Autumn,376
16/11/2018,7.4,63,0.6,699,0.0,0.0,0.0,No Holiday,3,Autumn,262
16/11/2018,7.1,64,0.6,663,0.0,0.0,0.0,No Holiday,4,Autumn,171
16/11/2018,6.9,66,0.5,698,0.0,0.0,0.0,No Holiday,5,Autumn,151
16/11/2018,7.1,65,0.5,713,0.0,0.0,0.0,No Holiday,6,Autumn,412
16/11/2018,6.6,64,0.5,701,0.0,0.0,0.0,No Holiday,7,Autumn,939
16/11/2018,7.0,64,0.8,683,0.03,0.0,0.0,No Holiday,8,Autumn,1692
16/11/2018,8.2,61,0.6,586,0.26,0.0,0.0,No Holiday,9,Autumn,991
16/11/2018,9.4,55,0.1,570,0.49,0.0,0.0,No Holiday,10,Autumn,699
16/11/2018,11.9,44,2.1,791,1.22,0.0,0.0,No Holiday,11,Autumn,834
16/11/2018,13.4,48,2.3,962,1.64,0.0,0.0,No Holiday,12,Autumn,886
16/11/2018,14.4,49,3.5,890,1.71,0.0,0.0,No Holiday,13,Autumn,920
16/11/2018,13.3,53,2.6,761,1.34,0.0,0.0,No Holiday,14,Autumn,915
16/11/2018,13.2,61,3.9,719,1.03,0.0,0.0,No Holiday,15,Autumn,995
16/11/2018,11.8,66,3.0,687,0.44,0.0,0.0,No Holiday,16,Autumn,1126
16/11/2018,11.0,70,2.9,617,0.12,0.0,0.0,No Holiday,17,Autumn,1346
16/11/2018,9.9,74,2.6,492,0.0,0.0,0.0,No Holiday,18,Autumn,1956
16/11/2018,8.7,78,2.5,460,0.0,0.0,0.0,No Holiday,19,Autumn,1303
16/11/2018,7.6,76,3.9,603,0.0,0.0,0.0,No Holiday,20,Autumn,995
16/11/2018,6.8,73,2.3,730,0.0,0.0,0.0,No Holiday,21,Autumn,907
16/11/2018,6.2,72,1.4,848,0.0,0.0,0.0,No Holiday,22,Autumn,894
16/11/2018,5.0,75,1.1,835,0.0,0.0,0.0,No Holiday,23,Autumn,687
17/11/2018,4.2,76,2.1,870,0.0,0.0,0.0,No Holiday,0,Autumn,626
17/11/2018,3.4,76,0.5,909,0.0,0.0,0.0,No Holiday,1,Autumn,597
17/11/2018,2.9,77,1.8,853,0.0,0.0,0.0,No Holiday,2,Autumn,456
17/11/2018,2.5,77,2.3,992,0.0,0.0,0.0,No Holiday,3,Autumn,288
17/11/2018,1.7,74,1.7,1226,0.0,0.0,0.0,No Holiday,4,Autumn,195
17/11/2018,1.1,75,0.6,1270,0.0,0.0,0.0,No Holiday,5,Autumn,129
17/11/2018,1.0,77,0.6,1259,0.0,0.0,0.0,No Holiday,6,Autumn,151
17/11/2018,0.8,77,0.9,1300,0.0,0.0,0.0,No Holiday,7,Autumn,315
17/11/2018,0.7,72,1.0,1397,0.05,0.0,0.0,No Holiday,8,Autumn,530
17/11/2018,2.2,53,0.5,1595,0.62,0.0,0.0,No Holiday,9,Autumn,644
17/11/2018,4.7,47,1.2,1788,1.22,0.0,0.0,No Holiday,10,Autumn,733
17/11/2018,7.8,38,0.8,1369,1.65,0.0,0.0,No Holiday,11,Autumn,830
17/11/2018,9.1,34,1.0,1802,1.95,0.0,0.0,No Holiday,12,Autumn,994
17/11/2018,10.9,32,2.1,1581,1.85,0.0,0.0,No Holiday,13,Autumn,1037
17/11/2018,9.7,34,1.9,1786,0.8,0.0,0.0,No Holiday,14,Autumn,969
17/11/2018,8.9,34,2.9,1787,0.52,0.0,0.0,No Holiday,15,Autumn,1018
17/11/2018,8.3,35,2.1,1987,0.37,0.0,0.0,No Holiday,16,Autumn,974
17/11/2018,7.7,34,2.6,2000,0.13,0.0,0.0,No Holiday,17,Autumn,1031
17/11/2018,7.1,40,0.6,1995,0.01,0.0,0.0,No Holiday,18,Autumn,877
17/11/2018,6.0,44,0.8,1758,0.0,0.0,0.0,No Holiday,19,Autumn,735
17/11/2018,5.4,43,2.7,1913,0.0,0.0,0.0,No Holiday,20,Autumn,644
17/11/2018,5.0,42,1.5,1927,0.0,0.0,0.0,No Holiday,21,Autumn,685
17/11/2018,4.4,43,1.1,2000,0.0,0.0,0.0,No Holiday,22,Autumn,655
17/11/2018,4.1,46,1.8,2000,0.0,0.0,0.0,No Holiday,23,Autumn,576
18/11/2018,3.6,49,0.8,1990,0.0,0.0,0.0,No Holiday,0,Autumn,592
18/11/2018,3.2,54,1.2,1968,0.0,0.0,0.0,No Holiday,1,Autumn,443
18/11/2018,2.9,49,2.0,1989,0.0,0.0,0.0,No Holiday,2,Autumn,335
18/11/2018,2.5,49,0.2,2000,0.0,0.0,0.0,No Holiday,3,Autumn,258
18/11/2018,2.5,49,0.4,1988,0.0,0.0,0.0,No Holiday,4,Autumn,165
18/11/2018,2.3,53,0.6,1763,0.0,0.0,0.0,No Holiday,5,Autumn,92
18/11/2018,1.9,53,0.4,1813,0.0,0.0,0.0,No Holiday,6,Autumn,114
18/11/2018,2.1,56,0.7,1477,0.0,0.0,0.0,No Holiday,7,Autumn,191
18/11/2018,2.6,53,0.7,1548,0.03,0.0,0.0,No Holiday,8,Autumn,371
18/11/2018,3.5,53,1.0,1338,0.22,0.0,0.0,No Holiday,9,Autumn,457
18/11/2018,4.8,40,1.1,1676,0.59,0.0,0.0,No Holiday,10,Autumn,583
18/11/2018,7.6,35,0.8,1695,1.25,0.0,0.0,No Holiday,11,Autumn,645
18/11/2018,9.2,47,2.5,1910,1.37,0.0,0.0,No Holiday,12,Autumn,776
18/11/2018,9.9,37,2.1,1900,1.32,0.0,0.0,No Holiday,13,Autumn,905
18/11/2018,10.1,37,2.4,1723,1.24,0.0,0.0,No Holiday,14,Autumn,1054
18/11/2018,9.6,34,1.6,1806,0.73,0.0,0.0,No Holiday,15,Autumn,1047
18/11/2018,9.4,39,1.8,1704,0.56,0.0,0.0,No Holiday,16,Autumn,1026
18/11/2018,8.7,42,1.7,1576,0.18,0.0,0.0,No Holiday,17,Autumn,1039
18/11/2018,8.4,46,2.4,1823,0.0,0.0,0.0,No Holiday,18,Autumn,902
18/11/2018,7.9,45,1.0,1602,0.0,0.0,0.0,No Holiday,19,Autumn,759
18/11/2018,7.4,50,0.7,1499,0.0,0.0,0.0,No Holiday,20,Autumn,719
18/11/2018,7.1,52,0.8,1516,0.0,0.0,0.0,No Holiday,21,Autumn,682
18/11/2018,6.8,53,0.4,1498,0.0,0.0,0.0,No Holiday,22,Autumn,632
18/11/2018,7.0,55,0.2,1501,0.0,0.0,0.0,No Holiday,23,Autumn,532
19/11/2018,6.8,56,0.7,1505,0.0,0.0,0.0,No Holiday,0,Autumn,457
19/11/2018,5.9,60,0.5,1332,0.0,0.0,0.0,No Holiday,1,Autumn,277
19/11/2018,5.4,65,0.7,1230,0.0,0.0,0.0,No Holiday,2,Autumn,190
19/11/2018,4.8,65,0.8,1179,0.0,0.0,0.0,No Holiday,3,Autumn,133
19/11/2018,4.5,67,0.9,1175,0.0,0.0,0.0,No Holiday,4,Autumn,88
19/11/2018,4.1,70,1.0,1100,0.0,0.0,0.0,No Holiday,5,Autumn,167
19/11/2018,3.8,71,0.7,1071,0.0,0.0,0.0,No Holiday,6,Autumn,418
19/11/2018,3.4,73,1.1,1012,0.0,0.0,0.0,No Holiday,7,Autumn,991
19/11/2018,3.5,71,0.8,958,0.06,0.0,0.0,No Holiday,8,Autumn,1751
19/11/2018,4.6,60,0.8,967,0.46,0.0,0.0,No Holiday,9,Autumn,889
19/11/2018,7.5,53,0.8,909,1.0,0.0,0.0,No Holiday,10,Autumn,651
19/11/2018,9.8,51,0.5,781,1.42,0.0,0.0,No Holiday,11,Autumn,745
19/11/2018,10.3,38,1.2,1130,1.08,0.0,0.0,No Holiday,12,Autumn,785
19/11/2018,10.8,44,2.0,935,1.01,0.0,0.0,No Holiday,13,Autumn,785
19/11/2018,10.6,34,2.8,920,1.07,0.0,0.0,No Holiday,14,Autumn,793
19/11/2018,11.1,35,1.9,861,1.11,0.0,0.0,No Holiday,15,Autumn,839
19/11/2018,9.7,43,2.7,1012,0.37,0.0,0.0,No Holiday,16,Autumn,968
19/11/2018,8.7,48,1.7,965,0.25,0.0,0.0,No Holiday,17,Autumn,1233
19/11/2018,7.5,48,2.4,1079,0.0,0.0,0.0,No Holiday,18,Autumn,1904
19/11/2018,6.8,52,0.8,960,0.0,0.0,0.0,No Holiday,19,Autumn,1304
19/11/2018,6.0,50,1.5,931,0.0,0.0,0.0,No Holiday,20,Autumn,1030
19/11/2018,5.8,44,2.2,1205,0.0,0.0,0.0,No Holiday,21,Autumn,1019
19/11/2018,5.3,39,2.3,1512,0.0,0.0,0.0,No Holiday,22,Autumn,910
19/11/2018,4.2,42,2.2,1360,0.0,0.0,0.0,No Holiday,23,Autumn,629
20/11/2018,3.8,42,1.7,1458,0.0,0.0,0.0,No Holiday,0,Autumn,478
20/11/2018,2.9,43,1.0,1750,0.0,0.0,0.0,No Holiday,1,Autumn,422
20/11/2018,2.6,46,1.5,1811,0.0,0.0,0.0,No Holiday,2,Autumn,286
20/11/2018,1.6,43,1.1,1981,0.0,0.0,0.0,No Holiday,3,Autumn,202
20/11/2018,1.3,48,0.5,2000,0.0,0.0,0.0,No Holiday,4,Autumn,119
20/11/2018,0.7,49,0.4,1998,0.0,0.0,0.0,No Holiday,5,Autumn,141
20/11/2018,0.7,50,1.0,2000,0.0,0.0,0.0,No Holiday,6,Autumn,369
20/11/2018,0.5,53,1.1,2000,0.0,0.0,0.0,No Holiday,7,Autumn,934
20/11/2018,0.3,53,0.9,1971,0.05,0.0,0.0,No Holiday,8,Autumn,1818
20/11/2018,2.3,43,1.2,1892,0.52,0.0,0.0,No Holiday,9,Autumn,955
20/11/2018,5.1,33,1.4,1842,1.1,0.0,0.0,No Holiday,10,Autumn,659
20/11/2018,7.5,29,1.3,1926,1.55,0.0,0.0,No Holiday,11,Autumn,699
20/11/2018,10.1,23,1.8,1745,1.82,0.0,0.0,No Holiday,12,Autumn,788
20/11/2018,11.6,20,1.3,1821,1.87,0.0,0.0,No Holiday,13,Autumn,798
20/11/2018,12.3,16,2.5,1797,1.69,0.0,0.0,No Holiday,14,Autumn,790
20/11/2018,11.9,18,3.3,1848,1.32,0.0,0.0,No Holiday,15,Autumn,861
20/11/2018,11.3,21,2.8,1925,0.82,0.0,0.0,No Holiday,16,Autumn,967
20/11/2018,9.8,28,2.4,1983,0.29,0.0,0.0,No Holiday,17,Autumn,1269
20/11/2018,9.1,31,2.0,1932,0.0,0.0,0.0,No Holiday,18,Autumn,1857
20/11/2018,8.7,34,2.2,1857,0.0,0.0,0.0,No Holiday,19,Autumn,1317
20/11/2018,8.5,32,2.6,1789,0.0,0.0,0.0,No Holiday,20,Autumn,1078
20/11/2018,8.8,37,3.8,1750,0.0,0.0,0.0,No Holiday,21,Autumn,1020
20/11/2018,8.9,40,3.4,1810,0.0,0.0,0.0,No Holiday,22,Autumn,922
20/11/2018,9.3,43,3.5,1807,0.0,0.0,0.0,No Holiday,23,Autumn,378
21/11/2018,7.2,74,1.2,772,0.0,0.2,0.0,No Holiday,0,Autumn,119
21/11/2018,6.9,86,0.7,533,0.0,0.0,0.0,No Holiday,1,Autumn,159
21/11/2018,6.9,87,0.7,822,0.0,0.0,0.0,No Holiday,2,Autumn,129
21/11/2018,6.5,87,1.0,710,0.0,1.0,0.0,No Holiday,3,Autumn,112
21/11/2018,6.7,87,1.2,580,0.0,0.0,0.0,No Holiday,4,Autumn,97
21/11/2018,6.8,86,0.5,692,0.0,0.0,0.0,No Holiday,5,Autumn,118
21/11/2018,6.7,86,0.3,593,0.0,0.0,0.0,No Holiday,6,Autumn,299
21/11/2018,6.5,85,0.8,536,0.0,0.0,0.0,No Holiday,7,Autumn,788
21/11/2018,6.4,86,0.9,450,0.03,0.0,0.0,No Holiday,8,Autumn,1622
21/11/2018,6.4,53,0.7,1486,0.21,0.0,0.0,No Holiday,9,Autumn,867
21/11/2018,6.9,39,0.5,1977,0.36,0.0,0.0,No Holiday,10,Autumn,611
21/11/2018,7.4,30,1.4,2000,0.44,0.0,0.0,No Holiday,11,Autumn,649
21/11/2018,7.7,34,0.6,1969,0.49,0.0,0.0,No Holiday,12,Autumn,697
21/11/2018,8.0,35,1.3,1895,0.5,0.0,0.0,No Holiday,13,Autumn,623
21/11/2018,6.7,47,2.4,2000,0.42,0.0,0.0,No Holiday,14,Autumn,474
21/11/2018,5.7,53,2.0,2000,0.22,0.0,0.0,No Holiday,15,Autumn,550
21/11/2018,6.1,53,0.5,2000,0.21,0.0,0.0,No Holiday,16,Autumn,755
21/11/2018,5.7,61,2.2,1987,0.07,0.0,0.0,No Holiday,17,Autumn,1101
21/11/2018,5.4,58,0.2,2000,0.0,0.0,0.0,No Holiday,18,Autumn,1679
21/11/2018,5.1,50,0.7,2000,0.0,0.0,0.0,No Holiday,19,Autumn,1113
21/11/2018,5.1,43,0.7,1928,0.0,0.0,0.0,No Holiday,20,Autumn,936
21/11/2018,4.6,44,1.1,1859,0.0,0.0,0.0,No Holiday,21,Autumn,838
21/11/2018,4.6,48,2.2,1782,0.0,0.0,0.0,No Holiday,22,Autumn,825
21/11/2018,3.9,46,2.0,1904,0.0,0.0,0.0,No Holiday,23,Autumn,571
22/11/2018,3.1,42,3.4,1995,0.0,0.0,0.0,No Holiday,0,Autumn,443
22/11/2018,2.1,39,3.2,1299,0.0,0.0,0.0,No Holiday,1,Autumn,382
22/11/2018,1.3,44,1.9,2000,0.0,0.0,0.0,No Holiday,2,Autumn,271
22/11/2018,0.6,42,1.1,2000,0.0,0.0,0.0,No Holiday,3,Autumn,164
22/11/2018,0.5,39,1.6,2000,0.0,0.0,0.0,No Holiday,4,Autumn,121
22/11/2018,-0.4,39,0.8,2000,0.0,0.0,0.0,No Holiday,5,Autumn,133
22/11/2018,-1.0,41,0.7,2000,0.0,0.0,0.0,No Holiday,6,Autumn,332
22/11/2018,-1.0,43,1.8,2000,0.0,0.0,0.0,No Holiday,7,Autumn,848
22/11/2018,-1.2,33,0.5,2000,0.04,0.0,0.0,No Holiday,8,Autumn,1671
22/11/2018,0.2,28,1.9,1932,0.57,0.0,0.0,No Holiday,9,Autumn,883
22/11/2018,2.9,22,2.0,1989,1.18,0.0,0.0,No Holiday,10,Autumn,603
22/11/2018,5.1,21,3.2,1965,1.63,0.0,0.0,No Holiday,11,Autumn,644
22/11/2018,5.9,23,2.8,1985,1.88,0.0,0.0,No Holiday,12,Autumn,717
22/11/2018,6.5,26,2.4,1974,1.84,0.0,0.0,No Holiday,13,Autumn,678
22/11/2018,6.7,27,3.1,1976,1.66,0.0,0.0,No Holiday,14,Autumn,692
22/11/2018,6.9,31,2.9,1982,1.21,0.0,0.0,No Holiday,15,Autumn,716
22/11/2018,5.9,34,2.9,1985,0.55,0.0,0.0,No Holiday,16,Autumn,759
22/11/2018,4.9,41,3.3,1985,0.25,0.0,0.0,No Holiday,17,Autumn,1101
22/11/2018,4.1,46,2.7,2000,0.01,0.0,0.0,No Holiday,18,Autumn,1591
22/11/2018,3.6,48,2.6,2000,0.0,0.0,0.0,No Holiday,19,Autumn,1032
22/11/2018,3.1,42,2.4,2000,0.0,0.0,0.0,No Holiday,20,Autumn,777
22/11/2018,2.2,28,3.2,2000,0.0,0.0,0.0,No Holiday,21,Autumn,759
22/11/2018,1.1,33,2.5,2000,0.0,0.0,0.0,No Holiday,22,Autumn,691
22/11/2018,0.4,37,2.9,2000,0.0,0.0,0.0,No Holiday,23,Autumn,488
23/11/2018,-0.3,41,3.1,2000,0.0,0.0,0.0,No Holiday,0,Autumn,470
23/11/2018,-0.6,44,2.3,2000,0.0,0.0,0.0,No Holiday,1,Autumn,401
23/11/2018,-1.0,43,3.1,2000,0.0,0.0,0.0,No Holiday,2,Autumn,279
23/11/2018,-1.2,45,1.1,2000,0.0,0.0,0.0,No Holiday,3,Autumn,191
23/11/2018,-2.0,42,0.7,2000,0.0,0.0,0.0,No Holiday,4,Autumn,109
23/11/2018,-2.4,37,0.5,2000,0.0,0.0,0.0,No Holiday,5,Autumn,129
23/11/2018,-2.6,40,1.4,2000,0.0,0.0,0.0,No Holiday,6,Autumn,339
23/11/2018,-2.8,42,1.3,2000,0.0,0.0,0.0,No Holiday,7,Autumn,727
23/11/2018,-3.0,43,1.1,2000,0.03,0.0,0.0,No Holiday,8,Autumn,1516
23/11/2018,-1.5,33,0.9,1962,0.57,0.0,0.0,No Holiday,9,Autumn,800
23/11/2018,1.3,27,0.9,1856,1.13,0.0,0.0,No Holiday,10,Autumn,582
23/11/2018,4.3,25,2.0,1958,1.56,0.0,0.0,No Holiday,11,Autumn,635
23/11/2018,5.5,20,1.4,1992,1.85,0.0,0.0,No Holiday,12,Autumn,664
23/11/2018,6.5,18,2.2,1984,1.94,0.0,0.0,No Holiday,13,Autumn,731
23/11/2018,6.3,16,2.9,2000,1.67,0.0,0.0,No Holiday,14,Autumn,719
23/11/2018,6.4,16,2.0,2000,1.01,0.0,0.0,No Holiday,15,Autumn,752
23/11/2018,6.3,17,1.5,2000,0.73,0.0,0.0,No Holiday,16,Autumn,891
23/11/2018,5.4,19,0.5,2000,0.27,0.0,0.0,No Holiday,17,Autumn,1101
23/11/2018,3.9,23,1.0,2000,0.0,0.0,0.0,No Holiday,18,Autumn,1548
23/11/2018,2.9,26,1.1,2000,0.0,0.0,0.0,No Holiday,19,Autumn,1007
23/11/2018,2.7,27,1.2,2000,0.0,0.0,0.0,No Holiday,20,Autumn,767
23/11/2018,2.2,28,0.8,2000,0.0,0.0,0.0,No Holiday,21,Autumn,679
23/11/2018,2.0,30,1.3,1995,0.0,0.0,0.0,No Holiday,22,Autumn,729
23/11/2018,2.1,32,1.5,1998,0.0,0.0,0.0,No Holiday,23,Autumn,548
24/11/2018,2.4,32,1.7,2000,0.0,0.0,0.0,No Holiday,0,Autumn,499
24/11/2018,2.4,30,1.3,2000,0.0,0.0,0.0,No Holiday,1,Autumn,507
24/11/2018,2.5,29,1.8,2000,0.0,0.0,0.0,No Holiday,2,Autumn,335
24/11/2018,2.8,28,1.6,2000,0.0,0.0,0.0,No Holiday,3,Autumn,272
24/11/2018,3.0,26,1.6,2000,0.0,0.0,0.0,No Holiday,4,Autumn,151
24/11/2018,3.2,27,1.6,2000,0.0,0.0,0.0,No Holiday,5,Autumn,95
24/11/2018,3.7,25,2.3,2000,0.0,0.0,0.0,No Holiday,6,Autumn,79
24/11/2018,1.2,87,1.9,77,0.0,0.0,1.3,No Holiday,7,Autumn,30
24/11/2018,0.4,96,3.1,33,0.0,0.0,4.0,No Holiday,8,Autumn,33
24/11/2018,0.3,97,3.0,34,0.0,9.1,7.1,No Holiday,9,Autumn,24
24/11/2018,0.4,97,1.8,207,0.0,0.0,8.8,No Holiday,10,Autumn,62
24/11/2018,1.2,97,2.3,975,0.07,0.0,8.8,No Holiday,11,Autumn,114
24/11/2018,2.5,84,1.9,1538,0.4,1.8,7.0,No Holiday,12,Autumn,167
24/11/2018,2.6,83,1.9,1774,0.84,0.0,6.0,No Holiday,13,Autumn,241
24/11/2018,3.0,82,1.7,1589,0.55,0.0,5.0,No Holiday,14,Autumn,298
24/11/2018,3.7,78,2.0,1314,0.81,0.0,4.1,No Holiday,15,Autumn,330
24/11/2018,3.5,82,1.6,1092,0.51,0.0,3.6,No Holiday,16,Autumn,436
24/11/2018,2.9,85,1.6,1000,0.2,0.0,3.5,No Holiday,17,Autumn,435
24/11/2018,2.6,86,1.1,834,0.0,0.0,3.5,No Holiday,18,Autumn,426
24/11/2018,2.6,85,1.2,797,0.0,0.0,3.3,No Holiday,19,Autumn,420
24/11/2018,2.6,86,1.7,676,0.0,0.0,3.3,No Holiday,20,Autumn,349
24/11/2018,2.6,85,1.1,674,0.0,0.0,3.2,No Holiday,21,Autumn,392
24/11/2018,2.7,85,1.1,580,0.0,0.0,3.2,No Holiday,22,Autumn,396
24/11/2018,2.8,86,1.2,476,0.0,0.0,3.0,No Holiday,23,Autumn,386
25/11/2018,2.7,86,1.2,422,0.0,0.0,3.0,No Holiday,0,Autumn,420
25/11/2018,2.7,86,1.0,460,0.0,0.0,2.9,No Holiday,1,Autumn,370
25/11/2018,2.8,86,0.8,402,0.0,0.0,2.9,No Holiday,2,Autumn,285
25/11/2018,2.6,88,0.9,319,0.0,0.0,2.8,No Holiday,3,Autumn,184
25/11/2018,2.4,89,0.7,321,0.0,0.0,2.6,No Holiday,4,Autumn,138
25/11/2018,2.1,94,0.4,248,0.0,0.0,2.5,No Holiday,5,Autumn,88
25/11/2018,1.7,95,0.7,220,0.0,0.0,2.5,No Holiday,6,Autumn,75
25/11/2018,1.3,96,0.9,198,0.0,0.0,2.5,No Holiday,7,Autumn,142
25/11/2018,1.4,96,1.0,212,0.04,0.0,2.5,No Holiday,8,Autumn,250
25/11/2018,2.3,88,1.1,286,0.41,0.0,2.5,No Holiday,9,Autumn,355
25/11/2018,4.0,76,1.3,404,0.93,0.0,2.4,No Holiday,10,Autumn,430
25/11/2018,6.0,66,0.9,573,1.37,0.0,2.3,No Holiday,11,Autumn,522
25/11/2018,6.9,59,0.9,669,1.31,0.0,2.2,No Holiday,12,Autumn,700
25/11/2018,8.8,53,1.5,778,1.43,0.0,1.8,No Holiday,13,Autumn,675
25/11/2018,9.2,52,1.3,765,1.01,0.0,1.3,No Holiday,14,Autumn,777
25/11/2018,9.5,54,1.3,675,0.76,0.0,1.1,No Holiday,15,Autumn,846
25/11/2018,9.5,56,1.1,678,0.54,0.0,0.8,No Holiday,16,Autumn,872
25/11/2018,9.0,59,0.7,677,0.1,0.0,0.4,No Holiday,17,Autumn,813
25/11/2018,7.3,72,0.7,530,0.0,0.0,0.4,No Holiday,18,Autumn,663
25/11/2018,6.3,73,1.1,524,0.0,0.0,0.4,No Holiday,19,Autumn,616
25/11/2018,5.5,77,0.7,490,0.0,0.0,0.4,No Holiday,20,Autumn,570
25/11/2018,4.7,81,1.0,437,0.0,0.0,0.4,No Holiday,21,Autumn,546
25/11/2018,4.2,82,0.9,405,0.0,0.0,0.4,No Holiday,22,Autumn,496
25/11/2018,3.8,83,1.1,390,0.0,0.0,0.4,No Holiday,23,Autumn,379
26/11/2018,3.3,85,1.1,351,0.0,0.0,0.3,No Holiday,0,Autumn,387
26/11/2018,3.1,84,1.0,365,0.0,0.0,0.3,No Holiday,1,Autumn,214
26/11/2018,2.8,87,1.1,321,0.0,0.0,0.3,No Holiday,2,Autumn,175
26/11/2018,2.4,90,1.0,269,0.0,0.0,0.3,No Holiday,3,Autumn,119
26/11/2018,2.2,93,1.1,265,0.0,0.0,0.3,No Holiday,4,Autumn,99
26/11/2018,2.1,88,1.4,323,0.0,0.0,0.3,No Holiday,5,Autumn,115
26/11/2018,1.8,88,1.1,313,0.0,0.0,0.3,No Holiday,6,Autumn,339
26/11/2018,1.7,89,1.3,295,0.0,0.0,0.3,No Holiday,7,Autumn,819
26/11/2018,2.0,84,1.1,396,0.03,0.0,0.3,No Holiday,8,Autumn,1524
26/11/2018,3.1,77,0.9,457,0.4,0.0,0.2,No Holiday,9,Autumn,795
26/11/2018,5.1,70,1.2,498,0.93,0.0,0.0,No Holiday,10,Autumn,586
26/11/2018,7.2,66,1.5,542,1.41,0.0,0.0,No Holiday,11,Autumn,643
26/11/2018,9.1,57,1.1,562,1.69,0.0,0.0,No Holiday,12,Autumn,752
26/11/2018,11.7,50,1.4,609,1.74,0.0,0.0,No Holiday,13,Autumn,718
26/11/2018,12.8,47,1.2,648,1.59,0.0,0.0,No Holiday,14,Autumn,796
26/11/2018,13.2,43,1.1,714,1.26,0.0,0.0,No Holiday,15,Autumn,794
26/11/2018,13.2,44,1.6,710,0.76,0.0,0.0,No Holiday,16,Autumn,935
26/11/2018,11.4,48,0.4,706,0.24,0.0,0.0,No Holiday,17,Autumn,1156
26/11/2018,9.5,56,0.5,628,0.0,0.0,0.0,No Holiday,18,Autumn,1708
26/11/2018,8.4,61,0.3,573,0.0,0.0,0.0,No Holiday,19,Autumn,1181
26/11/2018,7.3,66,0.5,516,0.0,0.0,0.0,No Holiday,20,Autumn,943
26/11/2018,6.7,71,0.9,461,0.0,0.0,0.0,No Holiday,21,Autumn,955
26/11/2018,6.2,70,0.4,474,0.0,0.0,0.0,No Holiday,22,Autumn,846
26/11/2018,5.4,78,1.5,404,0.0,0.0,0.0,No Holiday,23,Autumn,563
27/11/2018,4.9,79,0.5,391,0.0,0.0,0.0,No Holiday,0,Autumn,496
27/11/2018,4.5,82,0.4,350,0.0,0.0,0.0,No Holiday,1,Autumn,408
27/11/2018,3.9,85,0.8,299,0.0,0.0,0.0,No Holiday,2,Autumn,299
27/11/2018,3.5,86,1.4,281,0.0,0.0,0.0,No Holiday,3,Autumn,183
27/11/2018,3.1,88,1.0,270,0.0,0.0,0.0,No Holiday,4,Autumn,95
27/11/2018,3.6,84,0.6,315,0.0,0.0,0.0,No Holiday,5,Autumn,140
27/11/2018,3.8,83,0.7,337,0.0,0.0,0.0,No Holiday,6,Autumn,317
27/11/2018,3.6,83,0.9,350,0.0,0.0,0.0,No Holiday,7,Autumn,815
27/11/2018,4.2,78,1.2,362,0.02,0.0,0.0,No Holiday,8,Autumn,1577
27/11/2018,5.0,75,0.3,390,0.12,0.0,0.0,No Holiday,9,Autumn,800
27/11/2018,6.4,71,1.0,385,0.37,0.0,0.0,No Holiday,10,Autumn,616
27/11/2018,7.9,64,1.2,383,0.87,0.0,0.0,No Holiday,11,Autumn,623
27/11/2018,9.3,61,1.5,390,0.85,0.0,0.0,No Holiday,12,Autumn,672
27/11/2018,11.0,60,0.9,411,0.85,0.0,0.0,No Holiday,13,Autumn,671
27/11/2018,11.6,70,1.5,388,0.45,0.0,0.0,No Holiday,14,Autumn,600
27/11/2018,12.5,70,2.1,360,0.68,0.0,0.0,No Holiday,15,Autumn,666
27/11/2018,12.0,74,2.1,316,0.29,0.0,0.0,No Holiday,16,Autumn,775
27/11/2018,11.1,72,2.3,277,0.12,0.0,0.0,No Holiday,17,Autumn,1033
27/11/2018,10.2,74,1.2,289,0.0,0.0,0.0,No Holiday,18,Autumn,1538
27/11/2018,9.3,52,2.7,482,0.0,0.0,0.0,No Holiday,19,Autumn,1023
27/11/2018,8.3,39,1.6,560,0.0,0.0,0.0,No Holiday,20,Autumn,825
27/11/2018,7.5,35,1.8,656,0.0,0.0,0.0,No Holiday,21,Autumn,777
27/11/2018,6.6,33,2.1,722,0.0,0.0,0.0,No Holiday,22,Autumn,740
27/11/2018,5.8,34,2.6,763,0.0,0.0,0.0,No Holiday,23,Autumn,593
28/11/2018,5.1,36,2.2,774,0.0,0.0,0.0,No Holiday,0,Autumn,450
28/11/2018,4.9,26,2.6,992,0.0,0.0,0.0,No Holiday,1,Autumn,434
28/11/2018,4.1,34,1.3,928,0.0,0.0,0.0,No Holiday,2,Autumn,275
28/11/2018,3.5,38,1.6,907,0.0,0.0,0.0,No Holiday,3,Autumn,167
28/11/2018,3.9,26,2.4,1071,0.0,0.0,0.0,No Holiday,4,Autumn,128
28/11/2018,3.0,34,1.1,1032,0.0,0.0,0.0,No Holiday,5,Autumn,140
28/11/2018,2.6,33,1.5,1185,0.0,0.0,0.0,No Holiday,6,Autumn,287
28/11/2018,2.5,24,0.2,1306,0.0,0.0,0.0,No Holiday,7,Autumn,796
28/11/2018,2.1,29,1.1,1337,0.02,0.0,0.0,No Holiday,8,Autumn,1540
28/11/2018,3.0,30,1.3,1242,0.3,0.0,0.0,No Holiday,9,Autumn,798
28/11/2018,4.4,23,1.6,1201,0.7,0.0,0.0,No Holiday,10,Autumn,583
28/11/2018,5.7,15,1.1,1419,0.98,0.0,0.0,No Holiday,11,Autumn,608
28/11/2018,7.9,14,1.7,1688,1.81,0.0,0.0,No Holiday,12,Autumn,635
28/11/2018,9.2,13,1.6,1776,1.86,0.0,0.0,No Holiday,13,Autumn,681
28/11/2018,10.3,14,1.1,1880,1.7,0.0,0.0,No Holiday,14,Autumn,675
28/11/2018,10.5,16,2.7,1509,1.29,0.0,0.0,No Holiday,15,Autumn,798
28/11/2018,9.6,17,3.0,1706,0.77,0.0,0.0,No Holiday,16,Autumn,808
28/11/2018,7.6,23,2.9,1678,0.25,0.0,0.0,No Holiday,17,Autumn,1099
28/11/2018,6.3,25,2.0,1653,0.0,0.0,0.0,No Holiday,18,Autumn,1536
28/11/2018,6.0,24,3.0,1861,0.0,0.0,0.0,No Holiday,19,Autumn,1039
28/11/2018,4.8,29,0.6,1756,0.0,0.0,0.0,No Holiday,20,Autumn,842
28/11/2018,4.2,31,1.1,1741,0.0,0.0,0.0,No Holiday,21,Autumn,846
28/11/2018,3.2,34,1.3,1787,0.0,0.0,0.0,No Holiday,22,Autumn,804
28/11/2018,2.9,31,1.7,1869,0.0,0.0,0.0,No Holiday,23,Autumn,555
29/11/2018,2.2,30,0.7,1879,0.0,0.0,0.0,No Holiday,0,Autumn,517
29/11/2018,1.9,32,1.4,1999,0.0,0.0,0.0,No Holiday,1,Autumn,485
29/11/2018,2.1,28,0.4,1981,0.0,0.0,0.0,No Holiday,2,Autumn,319
29/11/2018,1.9,33,0.9,1994,0.0,0.0,0.0,No Holiday,3,Autumn,195
29/11/2018,2.1,33,0.5,1981,0.0,0.0,0.0,No Holiday,4,Autumn,107
29/11/2018,1.8,34,0.9,1990,0.0,0.0,0.0,No Holiday,5,Autumn,126
29/11/2018,1.1,39,1.3,1857,0.0,0.0,0.0,No Holiday,6,Autumn,328
29/11/2018,0.8,41,0.6,1298,0.0,0.0,0.0,No Holiday,7,Autumn,800
29/11/2018,0.8,44,1.7,1439,0.02,0.0,0.0,No Holiday,8,Autumn,1635
29/11/2018,1.8,37,0.9,1310,0.31,0.0,0.0,No Holiday,9,Autumn,825
29/11/2018,3.9,28,0.6,1627,0.49,0.0,0.0,No Holiday,10,Autumn,595
29/11/2018,5.2,26,0.5,1471,0.64,0.0,0.0,No Holiday,11,Autumn,623
29/11/2018,5.6,27,0.3,1522,0.34,0.0,0.0,No Holiday,12,Autumn,661
29/11/2018,5.3,26,2.1,1604,0.21,0.0,0.0,No Holiday,13,Autumn,645
29/11/2018,6.0,27,0.6,1452,0.34,0.0,0.0,No Holiday,14,Autumn,668
29/11/2018,6.5,32,2.6,1321,0.35,0.0,0.0,No Holiday,15,Autumn,652
29/11/2018,5.8,39,2.6,1489,0.1,0.0,0.0,No Holiday,16,Autumn,748
29/11/2018,5.8,38,1.3,1674,0.01,0.0,0.0,No Holiday,17,Autumn,996
29/11/2018,0.0,46,0.9,1566,0.0,0.0,0.0,No Holiday,18,Autumn,1577
29/11/2018,5.2,48,1.9,1590,0.0,0.0,0.0,No Holiday,19,Autumn,1026
29/11/2018,4.1,54,1.3,1434,0.0,0.0,0.0,No Holiday,20,Autumn,818
29/11/2018,3.8,55,2.1,1231,0.0,0.0,0.0,No Holiday,21,Autumn,792
29/11/2018,3.0,59,1.1,1218,0.0,0.0,0.0,No Holiday,22,Autumn,726
29/11/2018,2.6,56,1.9,1394,0.0,0.0,0.0,No Holiday,23,Autumn,559
30/11/2018,1.8,62,1.6,1411,0.0,0.0,0.0,No Holiday,0,Autumn,474
30/11/2018,1.3,63,2.0,1379,0.0,0.0,0.0,No Holiday,1,Autumn,456
30/11/2018,0.6,66,0.5,1368,0.0,0.0,0.0,No Holiday,2,Autumn,300
30/11/2018,-0.1,69,0.9,1338,0.0,0.0,0.0,No Holiday,3,Autumn,213
30/11/2018,-0.5,71,0.4,1345,0.0,0.0,0.0,No Holiday,4,Autumn,116
30/11/2018,-0.7,66,0.5,1336,0.0,0.0,0.0,No Holiday,5,Autumn,149
30/11/2018,-0.8,68,0.8,1322,0.0,0.0,0.0,No Holiday,6,Autumn,293
30/11/2018,-1.2,70,0.8,1351,0.0,0.0,0.0,No Holiday,7,Autumn,750
30/11/2018,-1.5,68,1.1,1286,0.02,0.0,0.0,No Holiday,8,Autumn,1527
30/11/2018,-0.4,57,0.6,1270,0.45,0.0,0.0,No Holiday,9,Autumn,809
30/11/2018,1.9,51,0.8,1029,1.01,0.0,0.0,No Holiday,10,Autumn,554
30/11/2018,5.3,43,1.8,1177,1.38,0.0,0.0,No Holiday,11,Autumn,642
30/11/2018,6.6,35,1.3,1409,1.7,0.0,0.0,No Holiday,12,Autumn,720
30/11/2018,7.1,24,2.8,1838,1.83,0.0,0.0,No Holiday,13,Autumn,740
30/11/2018,7.8,20,2.2,2000,1.67,0.0,0.0,No Holiday,14,Autumn,761
30/11/2018,7.0,20,3.3,1994,1.21,0.0,0.0,No Holiday,15,Autumn,768
30/11/2018,7.2,23,1.5,1945,0.72,0.0,0.0,No Holiday,16,Autumn,837
30/11/2018,6.0,29,2.1,1877,0.23,0.0,0.0,No Holiday,17,Autumn,1047
30/11/2018,4.7,34,1.9,1661,0.0,0.0,0.0,No Holiday,18,Autumn,1384
30/11/2018,4.2,34,2.6,1894,0.0,0.0,0.0,No Holiday,19,Autumn,1003
30/11/2018,3.4,37,2.3,2000,0.0,0.0,0.0,No Holiday,20,Autumn,764
30/11/2018,2.6,39,0.3,1968,0.0,0.0,0.0,No Holiday,21,Autumn,694
30/11/2018,2.1,41,1.0,1859,0.0,0.0,0.0,No Holiday,22,Autumn,712
30/11/2018,1.9,43,1.3,1909,0.0,0.0,0.0,No Holiday,23,Autumn,584
